log_id,user_id,food_id,day_id,date_time,meal_type,quantity_g,total_protein_g,total_fat_g,total_fibre_g,total_carb_g,total_calories_kcal,food id,protein value (g/100g),fat value (g/100g),fibre value (g/100g),carb value (g/100g),Total_Protein_g,Total_Fat_g,Total_Carb_g,Total_Calories_kcal
LD00021,HM001,F014,D01,2026-08-01 00:00:00,Breakfast,110,8.0,1.0,6.0,22.0,130.0,F014,7.2,1.0,5.1,20.0,7.920000000000001,1.1,22.0,129.0
LD00022,HM001,F472,D01,2026-08-01 00:00:00,Breakfast,80,6.0,1.0,9.0,58.0,263.0,F472,7.3,1.3,11.5,72.0,5.84,1.04,57.6,265.0
LD00023,HM001,F276,D01,2026-08-01 00:00:00,Breakfast,5,0.0,0.0,0.0,4.0,18.0,F276,7.4,1.1,1.0,80.9,0.37000000000000005,0.05500000000000001,4.045000000000001,16.0
LD00024,HM001,F247,D01,2026-08-01 00:00:00,Breakfast,135,1.0,0.0,4.0,14.0,61.0,F247,0.9,0.2,2.8,10.0,1.215,0.27,13.5,60.0
LD00025,HM001,F206,D01,2026-08-01 00:00:00,Breakfast,5,1.0,0.0,0.0,4.0,19.0,F206,10.8,3.2,6.6,75.5,0.54,0.16000000000000003,3.7750000000000004,20.0
LD00026,HM001,F402,D01,2026-08-01 00:00:00,Mid snack,70,1.0,0.0,3.0,7.0,36.0,F402,0.9,0.6,4.3,10.5,0.63,0.42,7.35,32.0
LD00027,HM001,F301,D01,2026-08-01 00:00:00,Mid snack,40,13.0,2.0,0.0,0.0,66.0,F301,32.6,3.8,0.0,0.0,13.040000000000001,1.52,0.0,70.0
LD00028,HM001,F435,D01,2026-08-01 00:00:00,Mid snack,40,13.0,1.0,0.0,0.0,64.0,F435,31.6,3.7,0.0,0.0,12.64,1.4800000000000002,0.0,61.0
LD00029,HM001,F053,D01,2026-08-01 00:00:00,Mid snack,150,1.0,0.0,1.0,5.0,27.0,F053,0.7,0.1,0.5,3.6,1.0499999999999998,0.15000000000000002,5.4,24.0
LD00030,HM001,F484,D01,2026-08-01 00:00:00,Lunch,105,9.0,0.0,8.0,21.0,126.0,F484,9.0,0.4,7.9,20.0,9.450000000000001,0.42000000000000004,21.0,120.0
LD00031,HM001,F039,D01,2026-08-01 00:00:00,Lunch,85,25.0,1.0,0.0,0.0,106.0,F039,29.0,1.0,0.0,0.0,24.65,0.85,0.0,109.0
LD00032,HM001,F378,D01,2026-08-01 00:00:00,Lunch,45,3.0,0.0,4.0,4.0,30.0,F378,6.2,1.0,8.0,8.2,2.79,0.45,3.69,28.0
LD00033,HM001,F456,D01,2026-08-01 00:00:00,Lunch,30,0.0,0.0,1.0,3.0,13.0,F456,1.1,0.1,1.7,9.5,0.33,0.03,2.85,12.0
LD00034,HM001,F004,D01,2026-08-01 00:00:00,Lunch,70,8.0,4.0,8.0,47.0,250.0,F004,11.0,5.0,11.0,67.0,7.699999999999999,3.5,46.9,256.0
LD00035,HM001,F260,D01,2026-08-01 00:00:00,Lunch,70,0.0,0.0,1.0,7.0,32.0,F260,0.5,0.3,1.7,10.2,0.35,0.21,7.139999999999999,28.0
LD00036,HM001,F206,D01,2026-08-01 00:00:00,Evening Snack,20,2.0,1.0,1.0,15.0,75.0,F206,10.8,3.2,6.6,75.5,2.16,0.6400000000000001,15.100000000000001,77.0
LD00037,HM001,F183,D01,2026-08-01 00:00:00,Evening Snack,120,1.0,0.0,4.0,7.0,35.0,F183,1.0,0.2,3.0,5.9,1.2,0.24,7.08,32.0
LD00038,HM001,F190,D01,2026-08-01 00:00:00,Evening Snack,70,1.0,0.0,2.0,16.0,68.0,F190,1.1,0.3,2.6,22.6,0.77,0.21,15.82,68.0
LD00039,HM001,F415,D01,2026-08-01 00:00:00,Dinner,40,3.0,0.0,3.0,8.0,44.0,F415,7.1,0.4,7.6,19.6,2.84,0.16000000000000003,7.840000000000001,44.0
LD00040,HM001,F267,D01,2026-08-01 00:00:00,Dinner,35,1.0,0.0,1.0,29.0,121.0,F267,3.2,0.5,3.7,82.4,1.1199999999999999,0.175,28.84,120.0
LD00041,HM001,F495,D01,2026-08-01 00:00:00,Dinner,10,2.0,7.0,1.0,1.0,70.0,F495,15.2,65.2,6.7,13.7,1.52,6.5200000000000005,1.37,75.0
LD00042,HM001,F225,D01,2026-08-01 00:00:00,Dinner,20,4.0,10.0,3.0,5.0,129.0,F225,22.0,51.9,12.5,22.6,4.4,10.38,4.5200000000000005,126.0
LD00043,HM001,F174,D01,2026-08-01 00:00:00,Dinner,55,13.0,1.0,0.0,0.0,57.0,F174,23.8,1.0,0.0,0.0,13.090000000000002,0.55,0.0,61.0
LD00044,HM001,F143,D01,2026-08-01 00:00:00,Dinner,25,3.0,0.0,1.0,18.0,87.0,F143,12.6,1.1,3.9,72.1,3.15,0.275,18.025,84.0
LD00045,HM001,F143,D02,2026-08-02 00:00:00,Breakfast,65,8.0,1.0,3.0,47.0,227.0,F143,12.6,1.1,3.9,72.1,8.19,0.7150000000000001,46.864999999999995,229.0
LD00046,HM001,F448,D02,2026-08-02 00:00:00,Breakfast,110,1.0,0.0,3.0,11.0,49.0,F448,0.9,0.2,2.8,9.8,0.9900000000000001,0.22000000000000003,10.780000000000001,48.0
LD00047,HM001,F477,D02,2026-08-02 00:00:00,Breakfast,20,1.0,0.0,0.0,15.0,69.0,F477,7.0,1.0,1.0,77.0,1.4000000000000001,0.2,15.4,64.0
LD00048,HM001,F311,D02,2026-08-02 00:00:00,Mid snack,10,1.0,0.0,1.0,1.0,7.0,F311,6.3,1.1,8.0,8.4,0.63,0.11000000000000001,0.8400000000000001,8.0
LD00049,HM001,F107,D02,2026-08-02 00:00:00,Mid snack,15,4.0,0.0,0.0,0.0,15.0,F107,23.5,1.0,0.0,0.0,3.525,0.15,0.0,16.0
LD00050,HM001,F098,D02,2026-08-02 00:00:00,Mid snack,80,10.0,8.0,0.0,1.0,118.0,F098,12.3,10.4,0.0,1.1,9.840000000000002,8.32,0.8800000000000001,116.0
LD00051,HM001,F139,D02,2026-08-02 00:00:00,Lunch,45,5.0,1.0,3.0,32.0,161.0,F139,10.3,3.1,6.6,71.9,4.635000000000001,1.395,32.355000000000004,157.0
LD00052,HM001,F027,D02,2026-08-02 00:00:00,Lunch,10,2.0,3.0,3.0,4.0,51.0,F027,16.5,30.7,34.4,42.1,1.6500000000000001,3.0700000000000003,4.21,51.0
LD00053,HM001,F054,D02,2026-08-02 00:00:00,Lunch,300,3.0,0.0,5.0,28.0,128.0,F054,1.1,0.1,1.7,9.3,3.3000000000000003,0.30000000000000004,27.900000000000002,124.0
LD00054,HM001,F343,D02,2026-08-02 00:00:00,Lunch,20,1.0,0.0,0.0,16.0,71.0,F343,7.2,1.0,1.0,79.3,1.4400000000000002,0.2,15.86,68.0
LD00055,HM001,F230,D02,2026-08-02 00:00:00,Evening Snack,5,1.0,3.0,1.0,1.0,32.0,F230,18.4,51.7,11.8,24.3,0.9199999999999999,2.5850000000000004,1.215,35.0
LD00056,HM001,F387,D02,2026-08-02 00:00:00,Evening Snack,20,0.0,0.0,0.0,1.0,4.0,F387,0.9,0.2,1.2,4.0,0.18000000000000002,0.04000000000000001,0.8,4.0
LD00057,HM001,F076,D02,2026-08-02 00:00:00,Evening Snack,15,2.0,0.0,1.0,11.0,52.0,F076,12.4,1.1,3.9,71.3,1.8599999999999999,0.165,10.694999999999999,52.0
LD00058,HM001,F115,D02,2026-08-02 00:00:00,Evening Snack,100,2.0,0.0,3.0,7.0,39.0,F115,1.9,0.2,3.2,7.3,1.9,0.2,7.3,36.0
LD00059,HM001,F159,D02,2026-08-02 00:00:00,Dinner,25,5.0,11.0,1.0,7.0,146.0,F159,18.0,43.4,3.3,29.9,4.5,10.85,7.475,147.0
LD00060,HM001,F306,D02,2026-08-02 00:00:00,Dinner,105,28.0,12.0,0.0,0.0,220.0,F306,26.2,11.6,0.0,0.0,27.51,12.18,0.0,220.0
LD00061,HM001,F298,D03,2026-08-03 00:00:00,Breakfast,5,2.0,3.0,0.0,1.0,32.0,F298,31.7,51.6,6.0,11.2,1.585,2.58,0.5599999999999999,39.0
LD00062,HM001,F324,D03,2026-08-03 00:00:00,Breakfast,130,2.0,0.0,3.0,31.0,134.0,F324,1.2,0.3,2.6,23.9,1.56,0.39,31.07,132.0
LD00063,HM001,F031,D03,2026-08-03 00:00:00,Breakfast,35,4.0,4.0,0.0,0.0,53.0,F031,12.6,10.6,0.0,1.1,4.409999999999999,3.7099999999999995,0.385,52.0
LD00064,HM001,F276,D03,2026-08-03 00:00:00,Breakfast,40,3.0,0.0,0.0,32.0,145.0,F276,7.4,1.1,1.0,80.9,2.9600000000000004,0.44000000000000006,32.36000000000001,140.0
LD00065,HM001,F156,D03,2026-08-03 00:00:00,Mid snack,180,6.0,6.0,0.0,9.0,111.0,F156,3.2,3.3,0.0,4.8,5.760000000000001,5.9399999999999995,8.64,114.0
LD00066,HM001,F102,D03,2026-08-03 00:00:00,Mid snack,5,1.0,1.0,0.0,0.0,12.0,F102,24.5,16.7,0.0,0.0,1.225,0.835,0.0,13.0
LD00067,HM001,F387,D03,2026-08-03 00:00:00,Mid snack,30,0.0,0.0,0.0,1.0,6.0,F387,0.9,0.2,1.2,4.0,0.27,0.06,1.2,4.0
LD00068,HM001,F251,D03,2026-08-03 00:00:00,Mid snack,95,1.0,0.0,1.0,3.0,16.0,F251,0.6,0.1,1.2,3.5,0.57,0.095,3.3249999999999997,16.0
LD00069,HM001,F337,D03,2026-08-03 00:00:00,Lunch,120,3.0,1.0,2.0,28.0,136.0,F337,2.7,0.9,1.8,23.7,3.24,1.08,28.439999999999998,133.0
LD00070,HM001,F322,D03,2026-08-03 00:00:00,Lunch,160,2.0,0.0,3.0,16.0,72.0,F322,1.2,0.1,1.7,9.8,1.92,0.16000000000000003,15.680000000000001,72.0
LD00071,HM001,F126,D03,2026-08-03 00:00:00,Lunch,305,2.0,1.0,5.0,29.0,131.0,F126,0.5,0.3,1.7,9.6,1.525,0.9149999999999999,29.279999999999998,133.0
LD00072,HM001,F238,D03,2026-08-03 00:00:00,Lunch,75,16.0,4.0,0.0,0.0,98.0,F238,20.8,5.2,0.0,0.0,15.600000000000001,3.9000000000000004,0.0,100.0
LD00073,HM001,F226,D03,2026-08-03 00:00:00,Evening Snack,15,3.0,7.0,0.0,5.0,92.0,F226,18.9,45.6,3.3,31.4,2.8349999999999995,6.84,4.71,95.0
LD00074,HM001,F045,D03,2026-08-03 00:00:00,Evening Snack,150,3.0,1.0,3.0,8.0,46.0,F045,1.8,0.4,2.3,5.0,2.7,0.6000000000000001,7.5,53.0
LD00075,HM001,F194,D03,2026-08-03 00:00:00,Evening Snack,20,0.0,0.0,1.0,4.0,18.0,F194,1.7,1.2,4.0,18.5,0.34,0.24,3.7,16.0
LD00076,HM001,F147,D03,2026-08-03 00:00:00,Dinner,20,1.0,0.0,2.0,4.0,21.0,F147,6.9,0.4,7.6,19.0,1.3800000000000001,0.08000000000000002,3.8000000000000003,20.0
LD00077,HM001,F257,D03,2026-08-03 00:00:00,Dinner,5,0.0,0.0,0.0,1.0,5.0,F257,1.1,0.3,2.6,23.7,0.05500000000000001,0.015,1.185,4.0
LD00078,HM001,F081,D03,2026-08-03 00:00:00,Dinner,145,10.0,1.0,7.0,28.0,168.0,F081,7.1,1.0,5.1,19.6,10.295,1.45,28.42,161.0
LD00079,HM001,F279,D03,2026-08-03 00:00:00,Dinner,95,9.0,3.0,7.0,27.0,168.0,F279,9.3,2.7,7.6,28.8,8.835,2.565,27.36,171.0
LD00080,HM001,F083,D04,2026-08-04 00:00:00,Breakfast,65,5.0,1.0,5.0,14.0,85.0,F083,7.8,1.5,7.0,21.6,5.07,0.9750000000000001,14.040000000000001,85.0
LD00081,HM001,F402,D04,2026-08-04 00:00:00,Breakfast,30,0.0,0.0,1.0,3.0,15.0,F402,0.9,0.6,4.3,10.5,0.27,0.18,3.15,12.0
LD00082,HM001,F058,D04,2026-08-04 00:00:00,Breakfast,255,2.0,0.0,6.0,30.0,132.0,F058,0.9,0.1,2.4,11.8,2.295,0.255,30.09,128.0
LD00083,HM001,F365,D04,2026-08-04 00:00:00,Breakfast,10,3.0,5.0,1.0,1.0,62.0,F365,31.1,50.6,6.0,11.0,3.1100000000000003,5.0600000000000005,1.1,61.0
LD00084,HM001,F172,D04,2026-08-04 00:00:00,Lunch,25,6.0,3.0,0.0,0.0,49.0,F172,24.8,10.9,0.0,0.0,6.2,2.725,0.0,51.0
LD00085,HM001,F001,D04,2026-08-04 00:00:00,Lunch,5,0.0,0.0,0.0,1.0,6.0,F001,2.7,0.3,0.4,28.2,0.135,0.015,1.4100000000000001,4.0
LD00086,HM001,F489,D04,2026-08-04 00:00:00,Lunch,10,2.0,2.0,0.0,0.0,27.0,F489,18.3,20.8,0.0,2.5,1.83,2.08,0.25,26.0
LD00087,HM001,F103,D04,2026-08-04 00:00:00,Lunch,220,48.0,13.0,0.0,0.0,307.0,F103,21.6,5.9,0.0,0.0,47.52000000000001,12.980000000000002,0.0,309.0
LD00088,HM001,F011,D04,2026-08-04 00:00:00,Dinner,75,7.0,2.0,6.0,21.0,126.0,F011,8.9,2.6,7.6,27.4,6.675000000000001,1.9500000000000002,20.549999999999997,130.0
LD00089,HM001,F131,D04,2026-08-04 00:00:00,Dinner,245,2.0,0.0,2.0,43.0,185.0,F131,0.7,0.2,0.9,17.7,1.715,0.49000000000000005,43.365,180.0
LD00090,HM001,F012,D04,2026-08-04 00:00:00,Dinner,5,0.0,0.0,0.0,1.0,7.0,F012,8.7,0.5,6.4,22.8,0.435,0.025,1.1400000000000001,4.0
LD00091,HM001,F270,D05,2026-08-05 00:00:00,Breakfast,15,0.0,0.0,0.0,4.0,17.0,F270,2.7,0.9,1.8,24.2,0.405,0.135,3.63,16.0
LD00092,HM001,F113,D05,2026-08-05 00:00:00,Breakfast,150,1.0,0.0,4.0,14.0,65.0,F113,0.9,0.2,2.8,9.4,1.35,0.30000000000000004,14.100000000000001,60.0
LD00093,HM001,F308,D05,2026-08-05 00:00:00,Breakfast,80,20.0,1.0,0.0,0.0,89.0,F308,25.2,1.1,0.0,0.0,20.16,0.8800000000000001,0.0,89.0
LD00094,HM001,F422,D05,2026-08-05 00:00:00,Breakfast,120,22.0,25.0,0.0,3.0,331.0,F422,18.7,21.2,0.0,2.5,22.439999999999998,25.439999999999998,3.0,325.0
LD00095,HM001,F361,D05,2026-08-05 00:00:00,Mid snack,10,2.0,7.0,1.0,1.0,72.0,F361,15.7,67.2,6.7,14.1,1.57,6.720000000000001,1.4100000000000001,75.0
LD00096,HM001,F034,D05,2026-08-05 00:00:00,Mid snack,25,7.0,3.0,0.0,0.0,51.0,F034,26.0,10.9,0.0,0.0,6.5,2.725,0.0,55.0
LD00097,HM001,F156,D05,2026-08-05 00:00:00,Mid snack,95,3.0,3.0,0.0,5.0,59.0,F156,3.2,3.3,0.0,4.8,3.04,3.135,4.56,59.0
LD00098,HM001,F105,D05,2026-08-05 00:00:00,Mid snack,5,1.0,1.0,0.0,0.0,10.0,F105,24.5,10.8,0.0,0.0,1.225,0.54,0.0,13.0
LD00099,HM001,F135,D05,2026-08-05 00:00:00,Lunch,135,4.0,0.0,1.0,38.0,169.0,F135,2.7,0.3,0.4,27.9,3.6450000000000005,0.405,37.665,168.0
LD00100,HM001,F146,D05,2026-08-05 00:00:00,Lunch,130,11.0,1.0,8.0,29.0,168.0,F146,8.6,0.5,6.4,22.6,11.18,0.65,29.380000000000003,169.0
LD00101,HM001,F061,D05,2026-08-05 00:00:00,Lunch,5,0.0,0.0,0.0,0.0,2.0,F061,0.6,0.2,0.4,7.6,0.03,0.010000000000000002,0.38,0.0
LD00102,HM001,F484,D05,2026-08-05 00:00:00,Lunch,190,17.0,1.0,15.0,38.0,227.0,F484,9.0,0.4,7.9,20.0,17.099999999999998,0.76,38.0,229.0
LD00103,HM001,F394,D05,2026-08-05 00:00:00,Evening Snack,355,2.0,1.0,6.0,36.0,160.0,F394,0.5,0.3,1.7,10.1,1.775,1.065,35.855,161.0
LD00104,HM001,F121,D05,2026-08-05 00:00:00,Evening Snack,15,0.0,0.0,0.0,1.0,6.0,F121,1.1,0.1,1.7,9.1,0.165,0.015,1.365,4.0
LD00105,HM001,F058,D05,2026-08-05 00:00:00,Evening Snack,40,0.0,0.0,1.0,5.0,21.0,F058,0.9,0.1,2.4,11.8,0.36000000000000004,0.04000000000000001,4.720000000000001,20.0
LD00106,HM001,F466,D05,2026-08-05 00:00:00,Dinner,105,1.0,0.0,1.0,19.0,83.0,F466,0.7,0.2,0.9,18.5,0.735,0.21000000000000002,19.425,80.0
LD00107,HM001,F417,D05,2026-08-05 00:00:00,Dinner,45,4.0,0.0,4.0,9.0,55.0,F417,9.2,0.4,7.9,20.4,4.14,0.18000000000000002,9.18,52.0
LD00108,HM001,F272,D05,2026-08-05 00:00:00,Dinner,40,5.0,2.0,4.0,28.0,150.0,F272,11.6,5.2,11.0,70.4,4.64,2.08,28.160000000000004,150.0
LD00109,HM001,F201,D05,2026-08-05 00:00:00,Dinner,290,3.0,2.0,12.0,29.0,143.0,F201,0.9,0.6,4.3,10.1,2.61,1.74,29.29,146.0
LD00110,HM001,F292,D05,2026-08-05 00:00:00,Dinner,5,1.0,3.0,1.0,1.0,33.0,F292,22.3,52.4,12.5,22.8,1.115,2.62,1.1400000000000001,35.0
LD00111,HM001,F496,D05,2026-08-05 00:00:00,Dinner,5,1.0,2.0,2.0,2.0,26.0,F496,16.5,30.7,34.4,42.1,0.8250000000000001,1.5350000000000001,2.105,30.0
LD00112,HM001,F453,D06,2026-08-06 00:00:00,Breakfast,60,1.0,0.0,2.0,2.0,13.0,F453,1.0,0.2,2.8,4.1,0.6,0.12,2.4599999999999995,12.0
LD00113,HM001,F243,D06,2026-08-06 00:00:00,Breakfast,225,7.0,1.0,5.0,9.0,70.0,F243,3.1,0.3,2.4,4.0,6.9750000000000005,0.6749999999999999,9.0,73.0
LD00114,HM001,F129,D06,2026-08-06 00:00:00,Breakfast,95,1.0,0.0,2.0,14.0,62.0,F129,0.8,0.4,1.6,14.7,0.76,0.38,13.964999999999998,60.0
LD00115,HM001,F120,D06,2026-08-06 00:00:00,Breakfast,500,4.0,1.0,3.0,18.0,89.0,F120,0.7,0.1,0.5,3.5,3.5,0.5,17.5,97.0
LD00116,HM001,F110,D06,2026-08-06 00:00:00,Breakfast,55,3.0,1.0,4.0,4.0,35.0,F110,5.9,1.0,8.0,7.8,3.2450000000000006,0.55,4.29,37.0
LD00117,HM001,F067,D06,2026-08-06 00:00:00,Breakfast,55,0.0,0.0,2.0,6.0,27.0,F067,0.9,0.6,4.3,10.2,0.49500000000000005,0.33,5.61,24.0
LD00118,HM001,F252,D06,2026-08-06 00:00:00,Mid snack,235,2.0,0.0,7.0,10.0,53.0,F252,1.0,0.2,2.8,4.2,2.35,0.47000000000000003,9.870000000000001,48.0
LD00119,HM001,F189,D06,2026-08-06 00:00:00,Mid snack,10,0.0,0.0,0.0,0.0,3.0,F189,3.1,0.3,1.0,3.3,0.31000000000000005,0.03,0.33,0.0
LD00120,HM001,F321,D06,2026-08-06 00:00:00,Mid snack,265,2.0,0.0,1.0,10.0,50.0,F321,0.7,0.1,0.5,3.8,1.8549999999999998,0.265,10.069999999999999,48.0
LD00121,HM001,F010,D06,2026-08-06 00:00:00,Mid snack,50,2.0,1.0,1.0,11.0,60.0,F010,4.4,1.9,2.8,21.3,2.2,0.95,10.65,61.0
LD00122,HM001,F237,D06,2026-08-06 00:00:00,Mid snack,5,1.0,0.0,0.0,0.0,7.0,F237,22.9,6.2,0.0,0.0,1.145,0.31000000000000005,0.0,4.0
LD00123,HM001,F449,D06,2026-08-06 00:00:00,Mid snack,65,1.0,0.0,2.0,6.0,31.0,F449,1.6,0.2,2.8,9.8,1.04,0.13,6.370000000000001,28.0
LD00124,HM001,F493,D06,2026-08-06 00:00:00,Lunch,65,14.0,32.0,8.0,14.0,403.0,F493,21.2,49.9,12.5,21.7,13.78,32.435,14.105,400.0
LD00125,HM001,F200,D06,2026-08-06 00:00:00,Lunch,25,1.0,0.0,1.0,20.0,83.0,F200,3.1,0.5,3.7,78.4,0.775,0.125,19.6,84.0
LD00126,HM001,F227,D06,2026-08-06 00:00:00,Lunch,20,3.0,14.0,1.0,3.0,146.0,F227,15.8,67.8,6.7,14.2,3.16,13.56,2.84,150.0
LD00127,HM001,F384,D06,2026-08-06 00:00:00,Evening Snack,245,2.0,0.0,7.0,15.0,75.0,F384,1.0,0.2,3.0,6.2,2.45,0.49000000000000005,15.190000000000001,68.0
LD00128,HM001,F267,D06,2026-08-06 00:00:00,Evening Snack,5,0.0,0.0,0.0,4.0,17.0,F267,3.2,0.5,3.7,82.4,0.16000000000000003,0.025,4.12,16.0
LD00129,HM001,F117,D06,2026-08-06 00:00:00,Evening Snack,170,1.0,0.0,2.0,6.0,28.0,F117,0.6,0.1,1.2,3.3,1.02,0.17,5.609999999999999,28.0
LD00130,HM001,F312,D06,2026-08-06 00:00:00,Evening Snack,25,1.0,0.0,1.0,2.0,11.0,F312,2.5,0.4,3.3,7.6,0.625,0.1,1.9,12.0
LD00131,HM001,F206,D06,2026-08-06 00:00:00,Evening Snack,5,1.0,0.0,0.0,4.0,19.0,F206,10.8,3.2,6.6,75.5,0.54,0.16000000000000003,3.7750000000000004,20.0
LD00132,HM001,F028,D06,2026-08-06 00:00:00,Evening Snack,10,2.0,4.0,3.0,3.0,57.0,F028,18.3,42.2,27.3,28.9,1.83,4.220000000000001,2.89,56.0
LD00133,HM001,F334,D06,2026-08-06 00:00:00,Dinner,30,1.0,0.0,1.0,25.0,105.0,F334,3.3,0.5,3.7,83.2,0.9899999999999999,0.15,24.96,104.0
LD00134,HM001,F404,D06,2026-08-06 00:00:00,Dinner,80,2.0,1.0,1.0,19.0,90.0,F404,2.7,0.9,1.8,23.5,2.16,0.7200000000000001,18.8,93.0
LD00135,HM001,F082,D06,2026-08-06 00:00:00,Dinner,120,11.0,0.0,9.0,24.0,141.0,F082,8.8,0.4,7.9,19.6,10.56,0.48,23.52,140.0
LD00136,HM001,F468,D06,2026-08-06 00:00:00,Dinner,5,0.0,0.0,0.0,4.0,17.0,F468,3.2,0.5,3.7,80.8,0.16000000000000003,0.025,4.04,16.0
LD00137,HM001,F492,D06,2026-08-06 00:00:00,Dinner,15,4.0,7.0,1.0,2.0,92.0,F492,25.8,49.2,8.5,16.1,3.87,7.38,2.415,87.0
LD00138,HM001,F131,D06,2026-08-06 00:00:00,Dinner,105,1.0,0.0,1.0,19.0,79.0,F131,0.7,0.2,0.9,17.7,0.735,0.21000000000000002,18.585,80.0
LD00139,HM001,F138,D07,2026-08-07 00:00:00,Breakfast,5,1.0,0.0,1.0,3.0,18.0,F138,10.9,5.0,11.0,66.3,0.545,0.25,3.315,16.0
LD00140,HM001,F487,D07,2026-08-07 00:00:00,Breakfast,110,18.0,10.0,7.0,11.0,206.0,F487,16.6,9.0,6.0,9.9,18.26,9.9,10.89,206.0
LD00141,HM001,F229,D07,2026-08-07 00:00:00,Mid snack,10,2.0,4.0,3.0,3.0,59.0,F229,19.0,43.9,27.3,30.1,1.9000000000000001,4.39,3.0100000000000002,56.0
LD00142,HM001,F390,D07,2026-08-07 00:00:00,Mid snack,10,0.0,0.0,0.0,0.0,3.0,F390,3.2,0.3,1.0,3.4,0.32000000000000006,0.03,0.34,0.0
LD00143,HM001,F448,D07,2026-08-07 00:00:00,Mid snack,15,0.0,0.0,0.0,1.0,7.0,F448,0.9,0.2,2.8,9.8,0.135,0.03,1.47,4.0
LD00144,HM001,F481,D07,2026-08-07 00:00:00,Lunch,115,10.0,1.0,7.0,26.0,150.0,F481,8.7,0.5,6.4,22.8,10.004999999999999,0.575,26.22,153.0
LD00145,HM001,F437,D07,2026-08-07 00:00:00,Lunch,5,1.0,1.0,0.0,0.0,13.0,F437,25.5,17.3,0.0,0.0,1.2750000000000001,0.8650000000000001,0.0,13.0
LD00146,HM001,F374,D07,2026-08-07 00:00:00,Lunch,60,18.0,1.0,0.0,0.0,77.0,F374,29.9,1.0,0.0,0.0,17.939999999999998,0.6,0.0,81.0
LD00147,HM001,F099,D07,2026-08-07 00:00:00,Lunch,35,4.0,0.0,0.0,0.0,17.0,F099,10.7,0.2,0.0,0.7,3.7449999999999997,0.06999999999999999,0.24499999999999997,16.0
LD00148,HM001,F272,D07,2026-08-07 00:00:00,Dinner,10,1.0,1.0,1.0,7.0,37.0,F272,11.6,5.2,11.0,70.4,1.16,0.52,7.040000000000001,41.0
LD00149,HM001,F119,D07,2026-08-07 00:00:00,Dinner,180,2.0,0.0,2.0,7.0,37.0,F119,0.9,0.2,1.2,3.8,1.62,0.36000000000000004,6.84,36.0
LD00150,HM001,F067,D07,2026-08-07 00:00:00,Dinner,260,2.0,2.0,11.0,27.0,129.0,F067,0.9,0.6,4.3,10.2,2.3400000000000003,1.56,26.52,134.0
LD00151,HM001,F205,D08,2026-08-08 00:00:00,Breakfast,50,6.0,3.0,6.0,35.0,186.0,F205,11.4,5.2,11.0,69.7,5.7,2.6,34.85,191.0
LD00152,HM001,F140,D08,2026-08-08 00:00:00,Breakfast,10,1.0,0.0,1.0,7.0,36.0,F140,13.6,1.9,12.2,71.9,1.36,0.19,7.190000000000001,32.0
LD00153,HM001,F416,D08,2026-08-08 00:00:00,Breakfast,95,7.0,1.0,5.0,19.0,114.0,F416,7.3,1.0,5.1,20.4,6.935,0.95,19.38,113.0
LD00154,HM001,F466,D08,2026-08-08 00:00:00,Breakfast,25,0.0,0.0,0.0,5.0,20.0,F466,0.7,0.2,0.9,18.5,0.175,0.05,4.625,20.0
LD00155,HM001,F107,D08,2026-08-08 00:00:00,Mid snack,15,4.0,0.0,0.0,0.0,15.0,F107,23.5,1.0,0.0,0.0,3.525,0.15,0.0,16.0
LD00156,HM001,F013,D08,2026-08-08 00:00:00,Mid snack,110,8.0,0.0,8.0,21.0,119.0,F013,7.0,0.4,7.6,19.2,7.700000000000001,0.44000000000000006,21.12,116.0
LD00157,HM001,F085,D08,2026-08-08 00:00:00,Lunch,35,6.0,3.0,2.0,3.0,64.0,F085,16.3,8.8,6.0,9.7,5.705,3.08,3.3949999999999996,63.0
LD00158,HM001,F042,D08,2026-08-08 00:00:00,Lunch,270,8.0,1.0,6.0,10.0,81.0,F042,3.0,0.3,2.4,3.8,8.100000000000001,0.81,10.26,81.0
LD00159,HM001,F377,D08,2026-08-08 00:00:00,Lunch,195,6.0,1.0,5.0,8.0,60.0,F377,3.1,0.3,2.4,3.9,6.045,0.585,7.6049999999999995,65.0
LD00160,HM001,F110,D08,2026-08-08 00:00:00,Lunch,285,17.0,3.0,23.0,22.0,182.0,F110,5.9,1.0,8.0,7.8,16.815,2.85,22.23,183.0
LD00161,HM001,F249,D08,2026-08-08 00:00:00,Evening Snack,165,3.0,0.0,5.0,13.0,68.0,F249,2.0,0.2,3.2,7.8,3.3,0.33,12.87,64.0
LD00162,HM001,F459,D08,2026-08-08 00:00:00,Evening Snack,80,2.0,1.0,4.0,12.0,63.0,F459,2.7,1.0,5.4,14.6,2.16,0.8,11.68,65.0
LD00163,HM001,F334,D08,2026-08-08 00:00:00,Dinner,5,0.0,0.0,0.0,4.0,18.0,F334,3.3,0.5,3.7,83.2,0.165,0.025,4.16,16.0
LD00164,HM001,F035,D08,2026-08-08 00:00:00,Dinner,15,4.0,3.0,0.0,0.0,38.0,F035,25.0,17.0,0.0,0.0,3.75,2.55,0.0,43.0
LD00165,HM001,F041,D08,2026-08-08 00:00:00,Dinner,130,25.0,2.0,0.0,0.0,116.0,F041,19.0,1.5,0.0,0.0,24.7,1.9500000000000002,0.0,118.0
LD00166,HM001,F499,D08,2026-08-08 00:00:00,Dinner,30,9.0,15.0,2.0,3.0,182.0,F499,30.2,49.1,6.0,10.7,9.059999999999999,14.73,3.2099999999999995,183.0
LD00167,HM001,F200,D09,2026-08-09 00:00:00,Breakfast,125,4.0,1.0,5.0,98.0,413.0,F200,3.1,0.5,3.7,78.4,3.875,0.625,98.0,417.0
LD00168,HM001,F053,D09,2026-08-09 00:00:00,Breakfast,55,0.0,0.0,0.0,2.0,10.0,F053,0.7,0.1,0.5,3.6,0.385,0.05500000000000001,1.9800000000000002,8.0
LD00169,HM001,F238,D09,2026-08-09 00:00:00,Breakfast,75,16.0,4.0,0.0,0.0,98.0,F238,20.8,5.2,0.0,0.0,15.600000000000001,3.9000000000000004,0.0,100.0
LD00170,HM001,F488,D09,2026-08-09 00:00:00,Mid snack,140,11.0,7.0,0.0,3.0,116.0,F488,8.0,4.8,0.3,1.9,11.2,6.72,2.6599999999999997,119.0
LD00171,HM001,F456,D09,2026-08-09 00:00:00,Mid snack,175,2.0,0.0,3.0,17.0,76.0,F456,1.1,0.1,1.7,9.5,1.9250000000000003,0.17500000000000002,16.625,76.0
LD00172,HM001,F310,D09,2026-08-09 00:00:00,Mid snack,5,0.0,0.0,0.0,0.0,2.0,F310,3.2,0.3,2.4,4.0,0.16000000000000003,0.015,0.2,0.0
LD00173,HM001,F220,D09,2026-08-09 00:00:00,Mid snack,15,1.0,1.0,0.0,0.0,13.0,F220,8.3,5.0,0.3,2.0,1.245,0.75,0.3,13.0
LD00174,HM001,F420,D09,2026-08-09 00:00:00,Lunch,175,30.0,16.0,11.0,18.0,334.0,F420,16.9,9.2,6.0,10.1,29.574999999999996,16.099999999999998,17.675,336.0
LD00175,HM001,F070,D09,2026-08-09 00:00:00,Lunch,20,1.0,0.0,2.0,14.0,65.0,F070,7.2,1.3,11.5,70.6,1.4400000000000002,0.26,14.12,60.0
LD00176,HM001,F393,D09,2026-08-09 00:00:00,Lunch,95,1.0,0.0,2.0,12.0,51.0,F393,0.9,0.1,2.4,12.2,0.855,0.095,11.589999999999998,52.0
LD00177,HM001,F169,D09,2026-08-09 00:00:00,Lunch,60,15.0,10.0,0.0,0.0,150.0,F169,24.8,16.8,0.0,0.0,14.879999999999999,10.08,0.0,150.0
LD00178,HM001,F190,D09,2026-08-09 00:00:00,Evening Snack,95,1.0,0.0,2.0,21.0,93.0,F190,1.1,0.3,2.6,22.6,1.045,0.285,21.47,88.0
LD00179,HM001,F382,D09,2026-08-09 00:00:00,Evening Snack,75,1.0,0.0,2.0,7.0,36.0,F382,1.6,0.2,2.8,9.9,1.2000000000000002,0.15000000000000002,7.425000000000001,32.0
LD00180,HM001,F449,D09,2026-08-09 00:00:00,Evening Snack,140,2.0,0.0,4.0,14.0,66.0,F449,1.6,0.2,2.8,9.8,2.2399999999999998,0.27999999999999997,13.72,64.0
LD00181,HM001,F495,D09,2026-08-09 00:00:00,Dinner,5,1.0,3.0,0.0,1.0,35.0,F495,15.2,65.2,6.7,13.7,0.76,3.2600000000000002,0.685,35.0
LD00182,HM001,F046,D09,2026-08-09 00:00:00,Dinner,65,1.0,0.0,2.0,6.0,28.0,F046,0.9,0.2,2.8,9.6,0.5850000000000001,0.13,6.24,28.0
LD00183,HM001,F253,D09,2026-08-09 00:00:00,Dinner,500,5.0,1.0,6.0,21.0,109.0,F253,0.9,0.2,1.2,4.1,4.5,1.0,20.5,113.0
LD00184,HM001,F334,D09,2026-08-09 00:00:00,Dinner,10,0.0,0.0,0.0,8.0,35.0,F334,3.3,0.5,3.7,83.2,0.33,0.05,8.32,32.0
LD00185,HM001,F226,D09,2026-08-09 00:00:00,Dinner,15,3.0,7.0,0.0,5.0,92.0,F226,18.9,45.6,3.3,31.4,2.8349999999999995,6.84,4.71,95.0
LD00186,HM001,F239,D09,2026-08-09 00:00:00,Dinner,15,4.0,2.0,0.0,0.0,31.0,F239,26.0,11.4,0.0,0.0,3.9,1.71,0.0,34.0
LD00187,HM001,F379,D10,2026-08-10 00:00:00,Breakfast,165,4.0,1.0,5.0,12.0,71.0,F379,2.5,0.4,3.3,7.4,4.125,0.66,12.209999999999999,73.0
LD00188,HM001,F016,D10,2026-08-10 00:00:00,Breakfast,5,0.0,0.0,0.0,1.0,7.0,F016,8.0,1.5,7.0,22.0,0.4,0.07500000000000001,1.1,4.0
LD00189,HM001,F032,D10,2026-08-10 00:00:00,Breakfast,225,25.0,0.0,0.0,2.0,108.0,F032,10.9,0.2,0.0,0.7,24.525000000000002,0.45,1.575,108.0
LD00190,HM001,F337,D10,2026-08-10 00:00:00,Breakfast,85,2.0,1.0,2.0,20.0,97.0,F337,2.7,0.9,1.8,23.7,2.295,0.765,20.145,97.0
LD00191,HM001,F409,D10,2026-08-10 00:00:00,Lunch,75,10.0,5.0,8.0,52.0,292.0,F409,13.5,6.6,10.1,69.1,10.125,4.949999999999999,51.824999999999996,293.0
LD00192,HM001,F382,D10,2026-08-10 00:00:00,Lunch,100,2.0,0.0,3.0,10.0,48.0,F382,1.6,0.2,2.8,9.9,1.6,0.2,9.9,48.0
LD00193,HM001,F389,D10,2026-08-10 00:00:00,Evening Snack,170,2.0,0.0,3.0,16.0,74.0,F389,1.1,0.1,1.7,9.6,1.87,0.17,16.32,72.0
LD00194,HM001,F052,D10,2026-08-10 00:00:00,Evening Snack,165,1.0,0.0,2.0,6.0,35.0,F052,0.9,0.2,1.2,3.9,1.4849999999999999,0.33,6.435,28.0
LD00195,HM001,F453,D10,2026-08-10 00:00:00,Dinner,500,5.0,1.0,14.0,21.0,111.0,F453,1.0,0.2,2.8,4.1,5.0,1.0,20.5,113.0
LD00196,HM001,F138,D10,2026-08-10 00:00:00,Dinner,15,2.0,1.0,2.0,10.0,53.0,F138,10.9,5.0,11.0,66.3,1.635,0.75,9.944999999999999,57.0
LD00197,HM001,F492,D10,2026-08-10 00:00:00,Dinner,15,4.0,7.0,1.0,2.0,92.0,F492,25.8,49.2,8.5,16.1,3.87,7.38,2.415,87.0
LD00198,HM001,F065,D11,2026-08-11 00:00:00,Breakfast,25,0.0,0.0,2.0,19.0,77.0,F065,1.8,0.2,6.7,75.0,0.45,0.05,18.75,76.0
LD00199,HM001,F263,D11,2026-08-11 00:00:00,Breakfast,500,4.0,2.0,8.0,78.0,346.0,F263,0.8,0.4,1.6,15.6,4.0,2.0,78.0,346.0
LD00200,HM001,F462,D11,2026-08-11 00:00:00,Breakfast,5,0.0,0.0,0.0,1.0,5.0,F462,1.7,1.2,4.0,19.1,0.085,0.06,0.9550000000000001,4.0
LD00201,HM001,F022,D11,2026-08-11 00:00:00,Breakfast,140,4.0,5.0,0.0,7.0,86.0,F022,3.2,3.3,0.0,4.8,4.4799999999999995,4.619999999999999,6.72,89.0
LD00202,HM001,F397,D11,2026-08-11 00:00:00,Breakfast,55,0.0,0.0,1.0,9.0,38.0,F397,0.8,0.4,1.6,15.5,0.44000000000000006,0.22000000000000003,8.525,36.0
LD00203,HM001,F217,D11,2026-08-11 00:00:00,Mid snack,95,8.0,2.0,7.0,22.0,132.0,F217,8.3,1.6,7.0,22.9,7.885000000000001,1.52,21.755,138.0
LD00204,HM001,F437,D11,2026-08-11 00:00:00,Mid snack,5,1.0,1.0,0.0,0.0,13.0,F437,25.5,17.3,0.0,0.0,1.2750000000000001,0.8650000000000001,0.0,13.0
LD00205,HM001,F304,D11,2026-08-11 00:00:00,Mid snack,5,1.0,0.0,0.0,0.0,7.0,F304,23.1,6.3,0.0,0.0,1.155,0.315,0.0,4.0
LD00206,HM001,F201,D11,2026-08-11 00:00:00,Mid snack,60,1.0,0.0,3.0,6.0,30.0,F201,0.9,0.6,4.3,10.1,0.54,0.36,6.06,28.0
LD00207,HM001,F149,D11,2026-08-11 00:00:00,Mid snack,35,3.0,0.0,3.0,7.0,41.0,F149,8.9,0.4,7.9,19.8,3.1149999999999998,0.13999999999999999,6.93,40.0
LD00208,HM001,F166,D11,2026-08-11 00:00:00,Lunch,435,47.0,1.0,0.0,3.0,208.0,F166,10.8,0.2,0.0,0.7,46.98,0.87,3.0449999999999995,209.0
LD00209,HM001,F256,D11,2026-08-11 00:00:00,Lunch,245,8.0,1.0,2.0,8.0,71.0,F256,3.2,0.3,1.0,3.4,7.840000000000001,0.735,8.33,73.0
LD00210,HM001,F138,D11,2026-08-11 00:00:00,Lunch,20,2.0,1.0,2.0,13.0,71.0,F138,10.9,5.0,11.0,66.3,2.18,1.0,13.26,69.0
LD00211,HM001,F360,D11,2026-08-11 00:00:00,Lunch,60,11.0,27.0,2.0,19.0,363.0,F360,18.7,45.1,3.3,31.1,11.219999999999999,27.06,18.66,363.0
LD00212,HM001,F475,D11,2026-08-11 00:00:00,Evening Snack,20,3.0,0.0,2.0,15.0,72.0,F475,13.7,1.9,12.2,72.6,2.74,0.38,14.52,72.0
LD00213,HM001,F068,D11,2026-08-11 00:00:00,Evening Snack,40,1.0,0.0,0.0,11.0,49.0,F068,2.6,0.3,0.4,27.6,1.04,0.12,11.040000000000001,48.0
LD00214,HM001,F272,D11,2026-08-11 00:00:00,Evening Snack,5,1.0,0.0,1.0,4.0,19.0,F272,11.6,5.2,11.0,70.4,0.58,0.26,3.5200000000000005,20.0
LD00215,HM001,F123,D11,2026-08-11 00:00:00,Evening Snack,70,1.0,0.0,2.0,16.0,67.0,F123,1.1,0.3,2.6,22.3,0.77,0.21,15.61,68.0
LD00216,HM001,F269,D11,2026-08-11 00:00:00,Evening Snack,25,1.0,0.0,0.0,7.0,33.0,F269,2.8,0.3,0.4,29.6,0.7,0.075,7.4,32.0
LD00217,HM001,F044,D11,2026-08-11 00:00:00,Dinner,500,12.0,2.0,17.0,36.0,210.0,F044,2.4,0.4,3.3,7.2,12.0,2.0,36.0,210.0
LD00218,HM001,F439,D11,2026-08-11 00:00:00,Dinner,5,1.0,0.0,0.0,0.0,6.0,F439,20.4,5.1,0.0,0.0,1.02,0.255,0.0,4.0
LD00219,HM001,F085,D11,2026-08-11 00:00:00,Dinner,60,10.0,5.0,4.0,6.0,110.0,F085,16.3,8.8,6.0,9.7,9.78,5.28,5.819999999999999,109.0
LD00220,HM001,F222,D11,2026-08-11 00:00:00,Dinner,305,11.0,10.0,0.0,15.0,197.0,F222,3.6,3.4,0.0,4.9,10.98,10.37,14.945,194.0
LD00221,HM001,F283,D12,2026-08-12 00:00:00,Breakfast,160,15.0,1.0,13.0,34.0,201.0,F283,9.5,0.4,7.9,21.0,15.200000000000001,0.6400000000000001,33.6,205.0
LD00222,HM001,F121,D12,2026-08-12 00:00:00,Breakfast,345,4.0,0.0,6.0,31.0,144.0,F121,1.1,0.1,1.7,9.1,3.7950000000000004,0.34500000000000003,31.395,140.0
LD00223,HM001,F466,D12,2026-08-12 00:00:00,Breakfast,25,0.0,0.0,0.0,5.0,20.0,F466,0.7,0.2,0.9,18.5,0.175,0.05,4.625,20.0
LD00224,HM001,F367,D12,2026-08-12 00:00:00,Breakfast,15,2.0,0.0,0.0,0.0,7.0,F367,11.2,0.2,0.0,0.7,1.68,0.03,0.105,8.0
LD00225,HM001,F307,D12,2026-08-12 00:00:00,Breakfast,55,17.0,1.0,0.0,0.0,73.0,F307,30.5,1.1,0.0,0.0,16.775000000000002,0.6050000000000001,0.0,77.0
LD00226,HM001,F325,D12,2026-08-12 00:00:00,Breakfast,105,3.0,1.0,6.0,16.0,85.0,F325,2.7,1.1,5.4,15.0,2.8350000000000004,1.1550000000000002,15.75,85.0
LD00227,HM001,F181,D12,2026-08-12 00:00:00,Mid snack,105,2.0,0.0,3.0,10.0,49.0,F181,1.6,0.2,2.8,9.5,1.6800000000000002,0.21000000000000002,9.975,48.0
LD00228,HM001,F429,D12,2026-08-12 00:00:00,Mid snack,5,1.0,2.0,2.0,2.0,26.0,F429,16.8,31.3,34.4,42.9,0.8400000000000001,1.5650000000000002,2.145,30.0
LD00229,HM001,F157,D12,2026-08-12 00:00:00,Mid snack,5,1.0,2.0,0.0,1.0,30.0,F157,25.5,48.7,8.5,15.9,1.2750000000000001,2.4350000000000005,0.795,26.0
LD00230,HM001,F033,D12,2026-08-12 00:00:00,Mid snack,90,28.0,3.0,0.0,0.0,141.0,F033,31.0,3.6,0.0,0.0,27.900000000000002,3.24,0.0,139.0
LD00231,HM001,F392,D12,2026-08-12 00:00:00,Mid snack,35,1.0,0.0,2.0,5.0,28.0,F392,2.7,1.0,5.4,14.7,0.945,0.35,5.145,24.0
LD00232,HM001,F290,D12,2026-08-12 00:00:00,Lunch,440,15.0,15.0,0.0,22.0,286.0,F290,3.4,3.5,0.0,5.0,14.96,15.400000000000002,22.0,283.0
LD00233,HM001,F234,D12,2026-08-12 00:00:00,Lunch,40,13.0,1.0,0.0,0.0,65.0,F234,32.2,3.7,0.0,0.0,12.880000000000003,1.4800000000000002,0.0,61.0
LD00234,HM001,F023,D12,2026-08-12 00:00:00,Lunch,55,14.0,27.0,5.0,9.0,336.0,F023,25.8,49.2,8.5,16.1,14.190000000000001,27.060000000000002,8.855000000000002,335.0
LD00235,HM001,F266,D12,2026-08-12 00:00:00,Evening Snack,5,0.0,0.0,0.0,4.0,16.0,F266,1.9,0.2,6.7,78.0,0.095,0.010000000000000002,3.9000000000000004,16.0
LD00236,HM001,F446,D12,2026-08-12 00:00:00,Evening Snack,110,3.0,0.0,4.0,8.0,47.0,F446,2.4,0.4,3.3,7.3,2.64,0.44000000000000006,8.030000000000001,44.0
LD00237,HM001,F258,D12,2026-08-12 00:00:00,Evening Snack,45,1.0,0.0,2.0,7.0,36.0,F258,2.7,1.0,5.4,14.9,1.215,0.45,6.705,32.0
LD00238,HM001,F042,D12,2026-08-12 00:00:00,Evening Snack,60,2.0,0.0,1.0,2.0,18.0,F042,3.0,0.3,2.4,3.8,1.7999999999999998,0.18,2.28,16.0
LD00239,HM001,F188,D12,2026-08-12 00:00:00,Evening Snack,60,1.0,0.0,1.0,6.0,25.0,F188,1.1,0.1,1.7,9.2,0.66,0.06,5.52,28.0
LD00240,HM001,F330,D12,2026-08-12 00:00:00,Evening Snack,110,1.0,0.0,2.0,17.0,77.0,F330,0.8,0.4,1.6,15.8,0.8800000000000001,0.44000000000000006,17.380000000000003,72.0
LD00241,HM001,F290,D12,2026-08-12 00:00:00,Dinner,250,9.0,9.0,0.0,13.0,163.0,F290,3.4,3.5,0.0,5.0,8.5,8.75,12.5,169.0
LD00242,HM001,F273,D12,2026-08-12 00:00:00,Dinner,50,5.0,2.0,3.0,38.0,189.0,F273,10.9,3.3,6.6,76.2,5.45,1.65,38.1,190.0
LD00243,HM001,F335,D12,2026-08-12 00:00:00,Dinner,355,3.0,2.0,15.0,38.0,184.0,F335,0.9,0.6,4.3,10.7,3.195,2.13,37.98499999999999,182.0
LD00244,HM001,F042,D13,2026-08-13 00:00:00,Breakfast,500,15.0,2.0,12.0,19.0,150.0,F042,3.0,0.3,2.4,3.8,15.0,1.5,19.0,154.0
LD00245,HM001,F381,D13,2026-08-13 00:00:00,Breakfast,85,1.0,0.0,2.0,8.0,38.0,F381,0.9,0.2,2.8,9.9,0.765,0.17,8.415000000000001,36.0
LD00246,HM001,F193,D13,2026-08-13 00:00:00,Breakfast,395,2.0,1.0,7.0,38.0,172.0,F193,0.5,0.3,1.7,9.7,1.975,1.185,38.315,169.0
LD00247,HM001,F296,D13,2026-08-13 00:00:00,Mid snack,5,1.0,2.0,1.0,2.0,30.0,F296,19.2,44.3,27.3,30.3,0.96,2.215,1.5150000000000001,30.0
LD00248,HM001,F279,D13,2026-08-13 00:00:00,Mid snack,15,1.0,0.0,1.0,4.0,27.0,F279,9.3,2.7,7.6,28.8,1.395,0.405,4.32,20.0
LD00249,HM001,F231,D13,2026-08-13 00:00:00,Mid snack,15,5.0,8.0,1.0,2.0,94.0,F231,31.4,51.1,6.0,11.1,4.71,7.665,1.6649999999999998,100.0
LD00250,HM001,F347,D13,2026-08-13 00:00:00,Lunch,75,7.0,0.0,5.0,18.0,101.0,F347,9.0,0.5,6.4,23.5,6.75,0.375,17.625,100.0
LD00251,HM001,F049,D13,2026-08-13 00:00:00,Lunch,500,5.0,1.0,15.0,30.0,149.0,F049,1.0,0.2,3.0,6.0,5.0,1.0,30.0,149.0
LD00252,HM001,F011,D13,2026-08-13 00:00:00,Lunch,30,3.0,1.0,2.0,8.0,51.0,F011,8.9,2.6,7.6,27.4,2.67,0.78,8.219999999999999,53.0
LD00253,HM001,F036,D13,2026-08-13 00:00:00,Lunch,55,12.0,3.0,0.0,0.0,78.0,F036,22.0,6.0,0.0,0.0,12.100000000000001,3.3000000000000003,0.0,75.0
LD00254,HM001,F162,D13,2026-08-13 00:00:00,Evening Snack,10,2.0,4.0,3.0,3.0,56.0,F162,18.1,41.8,27.3,28.6,1.8100000000000003,4.18,2.8600000000000003,56.0
LD00255,HM001,F251,D13,2026-08-13 00:00:00,Evening Snack,95,1.0,0.0,1.0,3.0,16.0,F251,0.6,0.1,1.2,3.5,0.57,0.095,3.3249999999999997,16.0
LD00256,HM001,F260,D13,2026-08-13 00:00:00,Evening Snack,55,0.0,0.0,1.0,6.0,25.0,F260,0.5,0.3,1.7,10.2,0.275,0.165,5.61,24.0
LD00257,HM001,F395,D13,2026-08-13 00:00:00,Evening Snack,60,1.0,1.0,2.0,12.0,57.0,F395,1.8,1.2,4.0,19.3,1.08,0.72,11.58,61.0
LD00258,HM001,F418,D13,2026-08-13 00:00:00,Dinner,5,0.0,0.0,0.0,1.0,7.0,F418,8.2,1.5,7.0,22.4,0.41,0.07500000000000001,1.1199999999999999,4.0
LD00259,HM001,F302,D13,2026-08-13 00:00:00,Dinner,145,40.0,17.0,0.0,0.0,307.0,F302,27.3,11.4,0.0,0.0,39.585,16.53,0.0,313.0
LD00260,HM001,F234,D13,2026-08-13 00:00:00,Dinner,50,16.0,2.0,0.0,0.0,81.0,F234,32.2,3.7,0.0,0.0,16.1,1.85,0.0,82.0
LD00261,HM001,F175,D14,2026-08-14 00:00:00,Breakfast,25,5.0,0.0,0.0,0.0,22.0,F175,18.8,1.5,0.0,0.0,4.7,0.375,0.0,20.0
LD00262,HM001,F309,D14,2026-08-14 00:00:00,Breakfast,35,7.0,1.0,0.0,0.0,33.0,F309,19.9,1.6,0.0,0.0,6.964999999999999,0.5599999999999999,0.0,37.0
LD00263,HM001,F004,D14,2026-08-14 00:00:00,Breakfast,40,4.0,2.0,4.0,27.0,143.0,F004,11.0,5.0,11.0,67.0,4.4,2.0,26.8,142.0
LD00264,HM001,F153,D14,2026-08-14 00:00:00,Breakfast,140,11.0,7.0,0.0,3.0,115.0,F153,7.9,4.8,0.3,1.9,11.06,6.72,2.6599999999999997,119.0
LD00265,HM001,F252,D14,2026-08-14 00:00:00,Lunch,500,5.0,1.0,14.0,21.0,113.0,F252,1.0,0.2,2.8,4.2,5.0,1.0,21.0,113.0
LD00266,HM001,F246,D14,2026-08-14 00:00:00,Lunch,130,2.0,1.0,3.0,7.0,42.0,F246,1.9,0.4,2.3,5.2,2.4699999999999998,0.52,6.760000000000001,45.0
LD00267,HM001,F420,D14,2026-08-14 00:00:00,Lunch,25,4.0,2.0,2.0,3.0,48.0,F420,16.9,9.2,6.0,10.1,4.225,2.3,2.525,46.0
LD00268,HM001,F328,D14,2026-08-14 00:00:00,Lunch,105,2.0,1.0,4.0,21.0,102.0,F328,1.8,1.3,4.0,19.6,1.8900000000000001,1.3650000000000002,20.580000000000002,101.0
LD00269,HM001,F257,D14,2026-08-14 00:00:00,Evening Snack,50,1.0,0.0,1.0,12.0,51.0,F257,1.1,0.3,2.6,23.7,0.55,0.15,11.85,52.0
LD00270,HM001,F132,D14,2026-08-14 00:00:00,Evening Snack,25,0.0,0.0,2.0,18.0,76.0,F132,1.8,0.2,6.7,73.5,0.45,0.05,18.375,72.0
LD00271,HM001,F340,D14,2026-08-14 00:00:00,Dinner,5,1.0,0.0,0.0,4.0,19.0,F340,10.7,3.2,6.6,74.8,0.535,0.16000000000000003,3.74,20.0
LD00272,HM001,F402,D14,2026-08-14 00:00:00,Dinner,315,3.0,2.0,14.0,33.0,161.0,F402,0.9,0.6,4.3,10.5,2.835,1.89,33.074999999999996,162.0
LD00273,HM001,F303,D14,2026-08-14 00:00:00,Dinner,5,1.0,1.0,0.0,0.0,13.0,F303,26.2,17.9,0.0,0.0,1.31,0.895,0.0,13.0
LD00274,HM001,F172,D14,2026-08-14 00:00:00,Dinner,50,12.0,5.0,0.0,0.0,99.0,F172,24.8,10.9,0.0,0.0,12.4,5.45,0.0,93.0
LD00275,HM001,F274,D15,2026-08-15 00:00:00,Breakfast,15,2.0,0.0,2.0,11.0,57.0,F274,14.4,2.0,12.2,76.2,2.16,0.3,11.43,52.0
LD00276,HM001,F454,D15,2026-08-15 00:00:00,Breakfast,115,1.0,0.0,1.0,5.0,25.0,F454,0.9,0.2,1.2,4.0,1.035,0.22999999999999998,4.6,24.0
LD00277,HM001,F300,D15,2026-08-15 00:00:00,Breakfast,90,10.0,0.0,0.0,1.0,45.0,F300,11.4,0.2,0.0,0.7,10.26,0.18000000000000002,0.63,44.0
LD00278,HM001,F399,D15,2026-08-15 00:00:00,Breakfast,200,1.0,0.0,2.0,37.0,158.0,F399,0.7,0.2,0.9,18.6,1.4,0.4,37.2,152.0
LD00279,HM001,F123,D15,2026-08-15 00:00:00,Breakfast,55,1.0,0.0,1.0,12.0,53.0,F123,1.1,0.3,2.6,22.3,0.6050000000000001,0.165,12.265,52.0
LD00280,HM001,F022,D15,2026-08-15 00:00:00,Breakfast,255,8.0,8.0,0.0,12.0,157.0,F022,3.2,3.3,0.0,4.8,8.16,8.415,12.239999999999998,152.0
LD00281,HM001,F451,D15,2026-08-15 00:00:00,Mid snack,350,4.0,1.0,11.0,21.0,106.0,F451,1.0,0.2,3.0,6.1,3.5,0.7000000000000001,21.349999999999998,109.0
LD00282,HM001,F162,D15,2026-08-15 00:00:00,Mid snack,5,1.0,2.0,1.0,1.0,28.0,F162,18.1,41.8,27.3,28.6,0.9050000000000001,2.09,1.4300000000000002,26.0
LD00283,HM001,F242,D15,2026-08-15 00:00:00,Mid snack,15,3.0,0.0,0.0,0.0,14.0,F242,19.8,1.6,0.0,0.0,2.97,0.24,0.0,12.0
LD00284,HM001,F049,D15,2026-08-15 00:00:00,Mid snack,60,1.0,0.0,2.0,4.0,18.0,F049,1.0,0.2,3.0,6.0,0.6,0.12,3.5999999999999996,20.0
LD00285,HM001,F354,D15,2026-08-15 00:00:00,Mid snack,15,1.0,1.0,0.0,0.0,13.0,F354,8.2,4.9,0.3,2.0,1.2299999999999998,0.735,0.3,13.0
LD00286,HM001,F113,D15,2026-08-15 00:00:00,Mid snack,40,0.0,0.0,1.0,4.0,17.0,F113,0.9,0.2,2.8,9.4,0.36000000000000004,0.08000000000000002,3.7600000000000002,16.0
LD00287,HM001,F409,D15,2026-08-15 00:00:00,Lunch,10,1.0,1.0,1.0,7.0,39.0,F409,13.5,6.6,10.1,69.1,1.35,0.66,6.91,41.0
LD00288,HM001,F395,D15,2026-08-15 00:00:00,Lunch,35,1.0,0.0,1.0,7.0,33.0,F395,1.8,1.2,4.0,19.3,0.63,0.42,6.755,32.0
LD00289,HM001,F061,D15,2026-08-15 00:00:00,Lunch,500,3.0,1.0,2.0,38.0,173.0,F061,0.6,0.2,0.4,7.6,3.0,1.0,38.0,173.0
LD00290,HM001,F047,D15,2026-08-15 00:00:00,Lunch,430,7.0,1.0,12.0,41.0,200.0,F047,1.6,0.2,2.8,9.6,6.88,0.86,41.279999999999994,201.0
LD00291,HM001,F403,D15,2026-08-15 00:00:00,Evening Snack,20,1.0,0.0,0.0,6.0,26.0,F403,2.8,0.3,0.4,28.8,0.5599999999999999,0.06,5.760000000000001,28.0
LD00292,HM001,F453,D15,2026-08-15 00:00:00,Evening Snack,340,3.0,1.0,10.0,14.0,75.0,F453,1.0,0.2,2.8,4.1,3.4,0.68,13.939999999999998,77.0
LD00293,HM001,F199,D15,2026-08-15 00:00:00,Evening Snack,10,0.0,0.0,1.0,7.0,31.0,F199,1.8,0.2,6.7,74.2,0.18000000000000002,0.020000000000000004,7.420000000000001,28.0
LD00294,HM001,F313,D15,2026-08-15 00:00:00,Evening Snack,120,2.0,0.0,3.0,6.0,38.0,F313,1.9,0.4,2.3,5.2,2.28,0.48,6.24,32.0
LD00295,HM001,F431,D15,2026-08-15 00:00:00,Dinner,5,1.0,3.0,1.0,1.0,31.0,F431,18.1,50.7,11.8,23.9,0.9050000000000001,2.535,1.195,35.0
LD00296,HM001,F097,D15,2026-08-15 00:00:00,Dinner,5,1.0,2.0,0.0,1.0,30.0,F097,29.6,48.1,6.0,10.5,1.4800000000000002,2.4050000000000002,0.525,26.0
LD00297,HM001,F209,D15,2026-08-15 00:00:00,Dinner,35,3.0,0.0,0.0,28.0,126.0,F209,7.3,1.0,1.0,80.1,2.5549999999999997,0.35,28.034999999999997,124.0
LD00298,HM001,F479,D15,2026-08-15 00:00:00,Dinner,270,12.0,5.0,8.0,58.0,324.0,F479,4.4,1.9,2.8,21.3,11.880000000000003,5.13,57.510000000000005,325.0
LD00299,HM001,F486,D16,2026-08-16 00:00:00,Breakfast,270,22.0,2.0,14.0,54.0,317.0,F486,8.0,0.6,5.0,20.0,21.6,1.62,54.0,322.0
LD00300,HM001,F176,D16,2026-08-16 00:00:00,Breakfast,155,5.0,0.0,4.0,6.0,46.0,F176,3.0,0.3,2.4,3.8,4.65,0.46499999999999997,5.89,44.0
LD00301,HM001,F022,D16,2026-08-16 00:00:00,Mid snack,130,4.0,4.0,0.0,6.0,80.0,F022,3.2,3.3,0.0,4.8,4.16,4.29,6.24,76.0
LD00302,HM001,F224,D16,2026-08-16 00:00:00,Mid snack,5,1.0,3.0,0.0,1.0,32.0,F224,26.8,51.2,8.5,16.7,1.34,2.5600000000000005,0.835,35.0
LD00303,HM001,F434,D16,2026-08-16 00:00:00,Mid snack,5,1.0,0.0,0.0,0.0,2.0,F434,11.1,0.2,0.0,0.7,0.555,0.010000000000000002,0.034999999999999996,4.0
LD00304,HM001,F229,D16,2026-08-16 00:00:00,Mid snack,5,1.0,2.0,1.0,2.0,30.0,F229,19.0,43.9,27.3,30.1,0.9500000000000001,2.195,1.5050000000000001,30.0
LD00305,HM001,F169,D16,2026-08-16 00:00:00,Lunch,20,5.0,3.0,0.0,0.0,50.0,F169,24.8,16.8,0.0,0.0,4.960000000000001,3.3600000000000003,0.0,47.0
LD00306,HM001,F138,D16,2026-08-16 00:00:00,Lunch,60,7.0,3.0,7.0,40.0,212.0,F138,10.9,5.0,11.0,66.3,6.54,3.0,39.779999999999994,215.0
LD00307,HM001,F365,D16,2026-08-16 00:00:00,Lunch,30,9.0,15.0,2.0,3.0,187.0,F365,31.1,50.6,6.0,11.0,9.33,15.18,3.3,183.0
LD00308,HM001,F094,D16,2026-08-16 00:00:00,Lunch,5,1.0,2.0,2.0,2.0,25.0,F094,16.2,30.1,34.4,41.3,0.81,1.5050000000000001,2.065,30.0
LD00309,HM001,F399,D16,2026-08-16 00:00:00,Evening Snack,20,0.0,0.0,0.0,4.0,16.0,F399,0.7,0.2,0.9,18.6,0.13999999999999999,0.04000000000000001,3.7200000000000006,16.0
LD00310,HM001,F261,D16,2026-08-16 00:00:00,Evening Snack,60,1.0,1.0,2.0,12.0,57.0,F261,1.8,1.2,4.0,19.4,1.08,0.72,11.639999999999999,61.0
LD00311,HM001,F336,D16,2026-08-16 00:00:00,Evening Snack,65,2.0,0.0,0.0,19.0,84.0,F336,2.8,0.3,0.4,29.0,1.8199999999999998,0.195,18.85,84.0
LD00312,HM001,F377,D16,2026-08-16 00:00:00,Dinner,260,8.0,1.0,6.0,10.0,80.0,F377,3.1,0.3,2.4,3.9,8.06,0.78,10.14,81.0
LD00313,HM001,F172,D16,2026-08-16 00:00:00,Dinner,40,10.0,4.0,0.0,0.0,79.0,F172,24.8,10.9,0.0,0.0,9.920000000000002,4.36,0.0,76.0
LD00314,HM001,F416,D16,2026-08-16 00:00:00,Dinner,140,10.0,1.0,7.0,29.0,168.0,F416,7.3,1.0,5.1,20.4,10.219999999999999,1.4,28.559999999999995,165.0
LD00315,HM001,F313,D16,2026-08-16 00:00:00,Dinner,120,2.0,0.0,3.0,6.0,38.0,F313,1.9,0.4,2.3,5.2,2.28,0.48,6.24,32.0
LD00316,HM001,F254,D17,2026-08-17 00:00:00,Breakfast,500,4.0,1.0,3.0,19.0,93.0,F254,0.7,0.1,0.5,3.7,3.5,0.5,18.5,101.0
LD00317,HM001,F301,D17,2026-08-17 00:00:00,Breakfast,105,34.0,4.0,0.0,0.0,173.0,F301,32.6,3.8,0.0,0.0,34.230000000000004,3.9899999999999998,0.0,172.0
LD00318,HM001,F065,D17,2026-08-17 00:00:00,Lunch,30,1.0,0.0,2.0,23.0,93.0,F065,1.8,0.2,6.7,75.0,0.54,0.06,22.5,96.0
LD00319,HM001,F352,D17,2026-08-17 00:00:00,Lunch,125,10.0,1.0,6.0,26.0,151.0,F352,8.2,0.6,5.0,20.6,10.25,0.75,25.75,153.0
LD00320,HM001,F446,D17,2026-08-17 00:00:00,Lunch,215,5.0,1.0,7.0,16.0,91.0,F446,2.4,0.4,3.3,7.3,5.159999999999999,0.86,15.694999999999999,93.0
LD00321,HM001,F135,D17,2026-08-17 00:00:00,Evening Snack,75,2.0,0.0,0.0,21.0,94.0,F135,2.7,0.3,0.4,27.9,2.0250000000000004,0.22499999999999998,20.924999999999997,92.0
LD00322,HM001,F002,D17,2026-08-17 00:00:00,Evening Snack,20,1.0,0.0,0.0,5.0,22.0,F002,2.6,0.9,1.8,23.0,0.52,0.18000000000000002,4.6000000000000005,24.0
LD00323,HM001,F492,D17,2026-08-17 00:00:00,Evening Snack,5,1.0,2.0,0.0,1.0,31.0,F492,25.8,49.2,8.5,16.1,1.29,2.4600000000000004,0.8050000000000002,26.0
LD00324,HM001,F196,D17,2026-08-17 00:00:00,Dinner,285,2.0,1.0,5.0,42.0,188.0,F196,0.8,0.4,1.6,14.8,2.2800000000000002,1.1400000000000001,42.18000000000001,185.0
LD00325,HM001,F012,D17,2026-08-17 00:00:00,Dinner,75,7.0,0.0,5.0,17.0,98.0,F012,8.7,0.5,6.4,22.8,6.5249999999999995,0.375,17.1,96.0
LD00326,HM001,F200,D18,2026-08-18 00:00:00,Breakfast,15,0.0,0.0,1.0,12.0,50.0,F200,3.1,0.5,3.7,78.4,0.46499999999999997,0.075,11.76,48.0
LD00327,HM001,F081,D18,2026-08-18 00:00:00,Breakfast,190,13.0,2.0,10.0,37.0,220.0,F081,7.1,1.0,5.1,19.6,13.489999999999998,1.9,37.24,218.0
LD00328,HM001,F091,D18,2026-08-18 00:00:00,Mid snack,5,1.0,2.0,1.0,1.0,30.0,F091,20.8,48.9,12.5,21.3,1.04,2.4450000000000003,1.0650000000000002,26.0
LD00329,HM001,F417,D18,2026-08-18 00:00:00,Mid snack,30,3.0,0.0,2.0,6.0,37.0,F417,9.2,0.4,7.9,20.4,2.76,0.12,6.119999999999999,36.0
LD00330,HM001,F106,D18,2026-08-18 00:00:00,Mid snack,25,7.0,0.0,0.0,0.0,31.0,F106,28.4,1.0,0.0,0.0,7.1,0.25,0.0,28.0
LD00331,HM001,F422,D18,2026-08-18 00:00:00,Lunch,30,6.0,6.0,0.0,1.0,83.0,F422,18.7,21.2,0.0,2.5,5.609999999999999,6.359999999999999,0.75,82.0
LD00332,HM001,F108,D18,2026-08-18 00:00:00,Lunch,55,10.0,1.0,0.0,0.0,48.0,F108,18.6,1.5,0.0,0.0,10.230000000000002,0.8250000000000001,0.0,49.0
LD00333,HM001,F153,D18,2026-08-18 00:00:00,Lunch,45,4.0,2.0,0.0,1.0,37.0,F153,7.9,4.8,0.3,1.9,3.555,2.16,0.855,38.0
LD00334,HM001,F182,D18,2026-08-18 00:00:00,Lunch,385,7.0,1.0,12.0,28.0,150.0,F182,1.9,0.2,3.2,7.4,7.3149999999999995,0.77,28.490000000000002,149.0
LD00335,HM001,F265,D18,2026-08-18 00:00:00,Dinner,240,2.0,0.0,2.0,45.0,192.0,F265,0.7,0.2,0.9,18.8,1.68,0.48,45.12,188.0
LD00336,HM001,F250,D18,2026-08-18 00:00:00,Dinner,210,2.0,0.0,6.0,13.0,64.0,F250,1.0,0.2,3.0,6.2,2.1,0.42000000000000004,13.020000000000001,60.0
LD00337,HM001,F415,D18,2026-08-18 00:00:00,Dinner,10,1.0,0.0,1.0,2.0,11.0,F415,7.1,0.4,7.6,19.6,0.71,0.04000000000000001,1.9600000000000002,12.0
LD00338,HM001,F041,D19,2026-08-19 00:00:00,Breakfast,35,7.0,1.0,0.0,0.0,31.0,F041,19.0,1.5,0.0,0.0,6.6499999999999995,0.5249999999999999,0.0,37.0
LD00339,HM001,F205,D19,2026-08-19 00:00:00,Breakfast,10,1.0,1.0,1.0,7.0,37.0,F205,11.4,5.2,11.0,69.7,1.1400000000000001,0.52,6.970000000000001,41.0
LD00340,HM001,F392,D19,2026-08-19 00:00:00,Breakfast,35,1.0,0.0,2.0,5.0,28.0,F392,2.7,1.0,5.4,14.7,0.945,0.35,5.145,24.0
LD00341,HM001,F406,D19,2026-08-19 00:00:00,Breakfast,30,3.0,2.0,3.0,20.0,109.0,F406,11.2,5.1,11.0,68.3,3.36,1.5299999999999998,20.49,110.0
LD00342,HM001,F496,D19,2026-08-19 00:00:00,Mid snack,10,2.0,3.0,3.0,4.0,51.0,F496,16.5,30.7,34.4,42.1,1.6500000000000001,3.0700000000000003,4.21,51.0
LD00343,HM001,F110,D19,2026-08-19 00:00:00,Mid snack,20,1.0,0.0,2.0,2.0,13.0,F110,5.9,1.0,8.0,7.8,1.1800000000000002,0.2,1.56,12.0
LD00344,HM001,F358,D19,2026-08-19 00:00:00,Lunch,30,8.0,15.0,3.0,5.0,189.0,F358,26.6,50.7,8.5,16.6,7.98,15.21,4.98,187.0
LD00345,HM001,F269,D19,2026-08-19 00:00:00,Lunch,10,0.0,0.0,0.0,3.0,13.0,F269,2.8,0.3,0.4,29.6,0.27999999999999997,0.03,2.9600000000000004,12.0
LD00346,HM001,F057,D19,2026-08-19 00:00:00,Lunch,5,0.0,0.0,0.0,1.0,4.0,F057,2.6,1.0,5.4,14.3,0.13,0.05,0.7150000000000001,4.0
LD00347,HM001,F455,D19,2026-08-19 00:00:00,Lunch,245,2.0,0.0,1.0,9.0,45.0,F455,0.7,0.1,0.5,3.7,1.715,0.24500000000000002,9.065000000000001,44.0
LD00348,HM001,F339,D19,2026-08-19 00:00:00,Evening Snack,15,2.0,1.0,2.0,10.0,55.0,F339,11.3,5.2,11.0,69.0,1.695,0.78,10.35,57.0
LD00349,HM001,F135,D19,2026-08-19 00:00:00,Evening Snack,5,0.0,0.0,0.0,1.0,6.0,F135,2.7,0.3,0.4,27.9,0.135,0.015,1.395,4.0
LD00350,HM001,F322,D19,2026-08-19 00:00:00,Evening Snack,65,1.0,0.0,1.0,6.0,29.0,F322,1.2,0.1,1.7,9.8,0.78,0.065,6.370000000000001,28.0
LD00351,HM001,F384,D19,2026-08-19 00:00:00,Dinner,500,5.0,1.0,15.0,31.0,153.0,F384,1.0,0.2,3.0,6.2,5.0,1.0,31.0,153.0
LD00352,HM001,F136,D19,2026-08-19 00:00:00,Dinner,25,1.0,0.0,0.0,6.0,27.0,F136,2.6,0.9,1.8,22.8,0.65,0.225,5.7,28.0
LD00353,HM001,F379,D20,2026-08-20 00:00:00,Breakfast,500,13.0,2.0,17.0,37.0,216.0,F379,2.5,0.4,3.3,7.4,12.5,2.0,37.0,218.0
LD00354,HM001,F436,D20,2026-08-20 00:00:00,Breakfast,5,1.0,1.0,0.0,0.0,10.0,F436,26.5,11.1,0.0,0.0,1.3250000000000002,0.555,0.0,13.0
LD00355,HM001,F086,D20,2026-08-20 00:00:00,Breakfast,120,9.0,6.0,0.0,2.0,97.0,F086,7.8,4.7,0.3,1.9,9.36,5.64,2.28,98.0
LD00356,HM001,F196,D20,2026-08-20 00:00:00,Breakfast,90,1.0,0.0,1.0,13.0,59.0,F196,0.8,0.4,1.6,14.8,0.7200000000000001,0.36000000000000004,13.32,56.0
LD00357,HM001,F345,D20,2026-08-20 00:00:00,Mid snack,20,1.0,0.0,1.0,4.0,25.0,F345,4.5,2.0,2.8,21.9,0.9,0.4,4.38,20.0
LD00358,HM001,F146,D20,2026-08-20 00:00:00,Mid snack,50,4.0,0.0,3.0,11.0,65.0,F146,8.6,0.5,6.4,22.6,4.3,0.25,11.3,60.0
LD00359,HM001,F231,D20,2026-08-20 00:00:00,Mid snack,5,2.0,3.0,0.0,1.0,31.0,F231,31.4,51.1,6.0,11.1,1.57,2.555,0.555,39.0
LD00360,HM001,F220,D20,2026-08-20 00:00:00,Mid snack,75,6.0,4.0,0.0,2.0,65.0,F220,8.3,5.0,0.3,2.0,6.2250000000000005,3.75,1.5,68.0
LD00361,HM001,F028,D20,2026-08-20 00:00:00,Lunch,5,1.0,2.0,1.0,1.0,28.0,F028,18.3,42.2,27.3,28.9,0.915,2.1100000000000003,1.445,26.0
LD00362,HM001,F427,D20,2026-08-20 00:00:00,Lunch,55,10.0,25.0,2.0,17.0,330.0,F427,18.6,44.7,3.3,30.8,10.230000000000002,24.585000000000004,16.94,333.0
LD00363,HM001,F248,D20,2026-08-20 00:00:00,Lunch,435,7.0,1.0,12.0,44.0,211.0,F248,1.7,0.2,2.8,10.0,7.395,0.87,43.5,213.0
LD00364,HM001,F162,D20,2026-08-20 00:00:00,Evening Snack,5,1.0,2.0,1.0,1.0,28.0,F162,18.1,41.8,27.3,28.6,0.9050000000000001,2.09,1.4300000000000002,26.0
LD00365,HM001,F295,D20,2026-08-20 00:00:00,Evening Snack,5,1.0,2.0,2.0,2.0,27.0,F295,17.3,32.2,34.4,44.2,0.8650000000000001,1.6100000000000003,2.2100000000000004,30.0
LD00366,HM001,F444,D20,2026-08-20 00:00:00,Evening Snack,175,5.0,1.0,4.0,7.0,54.0,F444,3.1,0.3,2.4,3.9,5.425,0.525,6.825,57.0
LD00367,HM001,F316,D20,2026-08-20 00:00:00,Evening Snack,200,4.0,0.0,6.0,16.0,83.0,F316,2.0,0.2,3.2,7.9,4.0,0.4,15.8,80.0
LD00368,HM001,F225,D20,2026-08-20 00:00:00,Evening Snack,5,1.0,3.0,1.0,1.0,32.0,F225,22.0,51.9,12.5,22.6,1.1,2.595,1.1300000000000001,35.0
LD00369,HM001,F078,D20,2026-08-20 00:00:00,Dinner,210,18.0,5.0,16.0,56.0,346.0,F078,8.7,2.5,7.6,26.9,18.27,5.25,56.49,341.0
LD00370,HM001,F184,D20,2026-08-20 00:00:00,Dinner,75,0.0,0.0,1.0,3.0,13.0,F184,0.6,0.1,1.2,3.4,0.44999999999999996,0.07500000000000001,2.55,12.0
LD00371,HM001,F041,D20,2026-08-20 00:00:00,Dinner,60,11.0,1.0,0.0,0.0,54.0,F041,19.0,1.5,0.0,0.0,11.4,0.8999999999999999,0.0,53.0
LD00372,HM001,F182,D20,2026-08-20 00:00:00,Dinner,130,2.0,0.0,4.0,10.0,51.0,F182,1.9,0.2,3.2,7.4,2.4699999999999998,0.26,9.620000000000001,48.0
LD00373,HM001,F419,D21,2026-08-21 00:00:00,Breakfast,65,5.0,0.0,3.0,13.0,78.0,F419,8.2,0.6,5.0,20.4,5.33,0.39,13.26,72.0
LD00374,HM001,F473,D21,2026-08-21 00:00:00,Breakfast,50,6.0,3.0,6.0,34.0,179.0,F473,11.0,5.0,11.0,67.0,5.5,2.5,33.5,187.0
LD00375,HM001,F125,D21,2026-08-21 00:00:00,Mid snack,65,1.0,0.0,2.0,8.0,33.0,F125,0.9,0.1,2.4,11.6,0.5850000000000001,0.065,7.54,36.0
LD00376,HM001,F117,D21,2026-08-21 00:00:00,Mid snack,390,2.0,0.0,5.0,13.0,64.0,F117,0.6,0.1,1.2,3.3,2.34,0.39,12.87,60.0
LD00377,HM001,F386,D21,2026-08-21 00:00:00,Lunch,330,3.0,1.0,9.0,14.0,73.0,F386,1.0,0.2,2.8,4.1,3.3,0.66,13.529999999999998,77.0
LD00378,HM001,F439,D21,2026-08-21 00:00:00,Lunch,80,16.0,4.0,0.0,0.0,102.0,F439,20.4,5.1,0.0,0.0,16.32,4.08,0.0,100.0
LD00379,HM001,F224,D21,2026-08-21 00:00:00,Lunch,10,3.0,5.0,1.0,2.0,63.0,F224,26.8,51.2,8.5,16.7,2.68,5.120000000000001,1.67,65.0
LD00380,HM001,F078,D21,2026-08-21 00:00:00,Lunch,45,4.0,1.0,3.0,12.0,74.0,F078,8.7,2.5,7.6,26.9,3.9149999999999996,1.125,12.105,73.0
LD00381,HM001,F355,D21,2026-08-21 00:00:00,Dinner,15,3.0,3.0,0.0,0.0,42.0,F355,18.8,21.4,0.0,2.6,2.82,3.2099999999999995,0.39,39.0
LD00382,HM001,F417,D21,2026-08-21 00:00:00,Dinner,50,5.0,0.0,4.0,10.0,61.0,F417,9.2,0.4,7.9,20.4,4.6,0.2,10.2,60.0
LD00383,HM001,F351,D21,2026-08-21 00:00:00,Dinner,110,9.0,2.0,8.0,25.0,151.0,F351,8.2,1.5,7.0,22.7,9.02,1.6500000000000001,24.970000000000002,154.0
LD00384,HM001,F394,D22,2026-08-22 00:00:00,Breakfast,160,1.0,0.0,3.0,16.0,72.0,F394,0.5,0.3,1.7,10.1,0.8,0.48,16.16,68.0
LD00385,HM001,F451,D22,2026-08-22 00:00:00,Breakfast,500,5.0,1.0,15.0,31.0,151.0,F451,1.0,0.2,3.0,6.1,5.0,1.0,30.5,153.0
LD00386,HM001,F443,D22,2026-08-22 00:00:00,Breakfast,30,6.0,0.0,0.0,0.0,27.0,F443,19.4,1.5,0.0,0.0,5.819999999999999,0.44999999999999996,0.0,24.0
LD00387,HM001,F483,D22,2026-08-22 00:00:00,Breakfast,5,0.0,0.0,0.0,1.0,6.0,F483,7.2,1.0,5.1,20.0,0.36000000000000004,0.05,1.0,4.0
LD00388,HM001,F268,D22,2026-08-22 00:00:00,Lunch,130,1.0,1.0,6.0,14.0,67.0,F268,0.9,0.6,4.3,10.6,1.1700000000000002,0.78,13.78,69.0
LD00389,HM001,F259,D22,2026-08-22 00:00:00,Lunch,500,5.0,1.0,12.0,62.0,269.0,F259,0.9,0.1,2.4,12.3,4.5,0.5,61.5,277.0
LD00390,HM001,F163,D22,2026-08-22 00:00:00,Dinner,35,6.0,17.0,4.0,8.0,212.0,F163,17.5,49.2,11.8,23.2,6.125,17.22,8.12,209.0
LD00391,HM001,F039,D22,2026-08-22 00:00:00,Dinner,20,6.0,0.0,0.0,0.0,25.0,F039,29.0,1.0,0.0,0.0,5.800000000000001,0.2,0.0,24.0
LD00392,HM001,F398,D22,2026-08-22 00:00:00,Dinner,110,1.0,0.0,2.0,15.0,63.0,F398,0.5,0.1,1.4,13.5,0.55,0.11000000000000001,14.850000000000001,64.0
LD00393,HM002,F450,D01,2026-08-01 06:30:00,Breakfast,145,2.755,0.29,4.64,11.165,58.29,F450,1.9,0.2,3.2,7.7,2.755,0.29,11.165,58.28999999999999
LD00394,HM002,F338,D01,2026-08-01 06:30:00,Breakfast,55,4.125,0.715,6.325,40.81,186.175,F338,7.5,1.3,11.5,74.2,4.125,0.7150000000000001,40.81,186.175
LD00395,HM002,F115,D01,2026-08-01 13:00:00,Lunch,380,7.22,0.76,12.16,27.74,146.68,F115,1.9,0.2,3.2,7.3,7.22,0.76,27.74,146.68
LD00396,HM002,F358,D01,2026-08-01 13:00:00,Lunch,15,3.99,7.605,1.275,2.49,94.365,F358,26.6,50.7,8.5,16.6,3.99,7.605,2.49,94.36500000000001
LD00397,HM002,F220,D01,2026-08-01 13:00:00,Lunch,70,5.81,3.5,0.21,1.4,60.34,F220,8.3,5.0,0.3,2.0,5.8100000000000005,3.5,1.4,60.339999999999996
LD00398,HM002,F018,D01,2026-08-01 18:30:00,Dinner,100,16.6,9.0,6.0,9.9,187.0,F018,16.6,9.0,6.0,9.9,16.6,9.0,9.9,187.0
LD00399,HM002,F103,D01,2026-08-01 18:30:00,Dinner,20,4.32,1.18,0.0,0.0,27.9,F103,21.6,5.9,0.0,0.0,4.32,1.1800000000000002,0.0,27.9
LD00400,HM002,F263,D01,2026-08-01 18:30:00,Dinner,55,0.44,0.22,0.88,8.58,38.06,F263,0.8,0.4,1.6,15.6,0.44000000000000006,0.22000000000000003,8.58,38.059999999999995
LD00401,HM002,F371,D02,2026-08-02 06:30:00,Breakfast,115,26.105,7.13,0.0,0.0,168.59,F371,22.7,6.2,0.0,0.0,26.104999999999997,7.13,0.0,168.59
LD00402,HM002,F165,D02,2026-08-02 06:30:00,Breakfast,80,10.0,8.4,0.0,0.88,119.12,F165,12.5,10.5,0.0,1.1,10.0,8.4,0.8800000000000001,119.12
LD00403,HM002,F261,D02,2026-08-02 13:00:00,Lunch,130,2.34,1.56,5.2,25.22,124.28,F261,1.8,1.2,4.0,19.4,2.3400000000000003,1.56,25.22,124.28
LD00404,HM002,F128,D02,2026-08-02 13:00:00,Lunch,175,1.05,0.35,0.7,12.95,59.15,F128,0.6,0.2,0.4,7.4,1.05,0.35000000000000003,12.950000000000001,59.15
LD00405,HM002,F411,D02,2026-08-02 13:00:00,Lunch,40,5.2,0.44,1.56,29.72,143.64,F411,13.0,1.1,3.9,74.3,5.2,0.44000000000000006,29.72,143.64000000000001
LD00406,HM002,F347,D02,2026-08-02 18:30:00,Dinner,45,4.05,0.225,2.88,10.575,60.525,F347,9.0,0.5,6.4,23.5,4.05,0.225,10.575000000000001,60.525
LD00407,HM002,F266,D02,2026-08-02 18:30:00,Dinner,30,0.57,0.06,2.01,23.4,96.42,F266,1.9,0.2,6.7,78.0,0.57,0.06,23.4,96.42
LD00408,HM002,F065,D02,2026-08-02 18:30:00,Dinner,25,0.45,0.05,1.675,18.75,77.25,F065,1.8,0.2,6.7,75.0,0.45,0.05,18.75,77.25
LD00409,HM002,F495,D02,2026-08-02 18:30:00,Dinner,5,0.76,3.26,0.335,0.685,35.12,F495,15.2,65.2,6.7,13.7,0.76,3.2600000000000002,0.685,35.12
LD00410,HM002,F402,D03,2026-08-03 06:30:00,Breakfast,465,4.185,2.79,19.995,48.825,237.15,F402,0.9,0.6,4.3,10.5,4.1850000000000005,2.79,48.825,237.15000000000003
LD00411,HM002,F262,D03,2026-08-03 06:30:00,Breakfast,155,0.93,0.31,0.62,12.245,55.49,F262,0.6,0.2,0.4,7.9,0.9299999999999999,0.31000000000000005,12.245000000000001,55.489999999999995
LD00412,HM002,F298,D03,2026-08-03 09:30:00,Mid snack,5,1.585,2.58,0.3,0.56,31.8,F298,31.7,51.6,6.0,11.2,1.585,2.58,0.5599999999999999,31.799999999999997
LD00413,HM002,F364,D03,2026-08-03 09:30:00,Mid snack,15,2.73,7.68,1.77,3.615,94.5,F364,18.2,51.2,11.8,24.1,2.73,7.68,3.615,94.5
LD00414,HM002,F393,D03,2026-08-03 13:00:00,Lunch,125,1.125,0.125,3.0,15.25,66.625,F393,0.9,0.1,2.4,12.2,1.125,0.125,15.25,66.625
LD00415,HM002,F346,D03,2026-08-03 13:00:00,Lunch,110,10.12,2.97,8.36,31.02,191.29,F346,9.2,2.7,7.6,28.2,10.12,2.9700000000000006,31.020000000000003,191.29
LD00416,HM002,F305,D03,2026-08-03 13:00:00,Lunch,95,19.95,4.94,0.0,0.0,124.26,F305,21.0,5.2,0.0,0.0,19.95,4.9399999999999995,0.0,124.25999999999999
LD00417,HM002,F476,D03,2026-08-03 16:00:00,Evening Snack,10,1.32,0.65,1.01,6.77,38.21,F476,13.2,6.5,10.1,67.7,1.32,0.65,6.7700000000000005,38.21
LD00418,HM002,F250,D03,2026-08-03 16:00:00,Evening Snack,130,1.3,0.26,3.9,8.06,39.78,F250,1.0,0.2,3.0,6.2,1.3,0.26,8.06,39.78
LD00419,HM002,F124,D03,2026-08-03 16:00:00,Evening Snack,10,0.25,0.1,0.54,1.4,7.5,F124,2.5,1.0,5.4,14.0,0.25,0.1,1.4000000000000001,7.5
LD00420,HM002,F497,D03,2026-08-03 16:00:00,Evening Snack,5,0.915,2.11,1.365,1.445,28.43,F497,18.3,42.2,27.3,28.9,0.915,2.1100000000000003,1.445,28.43
LD00421,HM002,F384,D03,2026-08-03 18:30:00,Dinner,295,2.95,0.59,8.85,18.29,90.27,F384,1.0,0.2,3.0,6.2,2.95,0.5900000000000001,18.290000000000003,90.27
LD00422,HM002,F002,D03,2026-08-03 18:30:00,Dinner,135,3.51,1.215,2.43,31.05,149.175,F002,2.6,0.9,1.8,23.0,3.5100000000000002,1.215,31.05,149.175
LD00423,HM002,F041,D03,2026-08-03 18:30:00,Dinner,80,15.2,1.2,0.0,0.0,71.6,F041,19.0,1.5,0.0,0.0,15.200000000000001,1.2000000000000002,0.0,71.6
LD00424,HM002,F416,D04,2026-08-04 06:30:00,Breakfast,80,5.84,0.8,4.08,16.32,95.84,F416,7.3,1.0,5.1,20.4,5.84,0.8,16.32,95.84
LD00425,HM002,F346,D04,2026-08-04 06:30:00,Breakfast,40,3.68,1.08,3.04,11.28,69.56,F346,9.2,2.7,7.6,28.2,3.6799999999999997,1.08,11.280000000000001,69.56
LD00426,HM002,F149,D04,2026-08-04 06:30:00,Breakfast,40,3.56,0.16,3.16,7.92,47.36,F149,8.9,0.4,7.9,19.8,3.5600000000000005,0.16000000000000003,7.920000000000001,47.36
LD00427,HM002,F122,D04,2026-08-04 06:30:00,Breakfast,95,2.85,0.285,0.95,3.04,26.125,F122,3.0,0.3,1.0,3.2,2.8499999999999996,0.285,3.04,26.125000000000004
LD00428,HM002,F423,D04,2026-08-04 06:30:00,Breakfast,245,8.82,8.33,0.0,11.76,157.29,F423,3.6,3.4,0.0,4.8,8.82,8.33,11.76,157.29
LD00429,HM002,F268,D04,2026-08-04 06:30:00,Breakfast,185,1.665,1.11,7.955,19.61,95.09,F268,0.9,0.6,4.3,10.6,1.665,1.11,19.61,95.08999999999999
LD00430,HM002,F169,D04,2026-08-04 09:30:00,Mid snack,25,6.2,4.2,0.0,0.0,62.6,F169,24.8,16.8,0.0,0.0,6.2,4.2,0.0,62.60000000000001
LD00431,HM002,F109,D04,2026-08-04 09:30:00,Mid snack,235,6.815,0.705,5.64,8.695,68.385,F109,2.9,0.3,2.4,3.7,6.815,0.705,8.695,68.385
LD00432,HM002,F037,D04,2026-08-04 09:30:00,Mid snack,20,4.0,1.0,0.0,0.0,25.0,F037,20.0,5.0,0.0,0.0,4.0,1.0,0.0,25.0
LD00433,HM002,F278,D04,2026-08-04 09:30:00,Mid snack,40,1.84,0.8,1.12,8.96,50.4,F278,4.6,2.0,2.8,22.4,1.8399999999999999,0.8,8.959999999999999,50.400000000000006
LD00434,HM002,F352,D04,2026-08-04 13:00:00,Lunch,60,4.92,0.36,3.0,12.36,72.36,F352,8.2,0.6,5.0,20.6,4.919999999999999,0.36,12.360000000000001,72.36
LD00435,HM002,F431,D04,2026-08-04 13:00:00,Lunch,15,2.715,7.605,1.77,3.585,93.645,F431,18.1,50.7,11.8,23.9,2.7150000000000003,7.605,3.5849999999999995,93.64500000000001
LD00436,HM002,F070,D04,2026-08-04 13:00:00,Lunch,65,4.68,0.845,7.475,45.89,209.885,F070,7.2,1.3,11.5,70.6,4.680000000000001,0.8450000000000001,45.89,209.885
LD00437,HM002,F269,D04,2026-08-04 13:00:00,Lunch,175,4.9,0.525,0.7,51.8,231.525,F269,2.8,0.3,0.4,29.6,4.8999999999999995,0.525,51.800000000000004,231.52499999999998
LD00438,HM002,F185,D04,2026-08-04 16:00:00,Evening Snack,190,1.9,0.38,5.32,7.6,41.42,F185,1.0,0.2,2.8,4.0,1.9,0.38,7.6,41.42
LD00439,HM002,F090,D04,2026-08-04 16:00:00,Evening Snack,15,3.795,7.23,1.275,2.37,89.73,F090,25.3,48.2,8.5,15.8,3.795,7.23,2.37,89.73
LD00440,HM002,F397,D04,2026-08-04 16:00:00,Evening Snack,5,0.04,0.02,0.08,0.775,3.44,F397,0.8,0.4,1.6,15.5,0.04000000000000001,0.020000000000000004,0.775,3.4400000000000004
LD00441,HM002,F047,D04,2026-08-04 16:00:00,Evening Snack,75,1.2,0.15,2.1,7.2,34.95,F047,1.6,0.2,2.8,9.6,1.2000000000000002,0.15000000000000002,7.199999999999999,34.95
LD00442,HM002,F254,D04,2026-08-04 16:00:00,Evening Snack,40,0.28,0.04,0.2,1.48,7.4,F254,0.7,0.1,0.5,3.7,0.27999999999999997,0.04000000000000001,1.4800000000000002,7.4
LD00443,HM002,F272,D04,2026-08-04 16:00:00,Evening Snack,5,0.58,0.26,0.55,3.52,18.74,F272,11.6,5.2,11.0,70.4,0.58,0.26,3.5200000000000005,18.74
LD00444,HM002,F095,D04,2026-08-04 18:30:00,Dinner,10,1.79,4.14,2.73,2.83,55.74,F095,17.9,41.4,27.3,28.3,1.79,4.14,2.83,55.739999999999995
LD00445,HM002,F190,D04,2026-08-04 18:30:00,Dinner,190,2.09,0.57,4.94,42.94,185.25,F190,1.1,0.3,2.6,22.6,2.09,0.57,42.94,185.25
LD00446,HM002,F447,D04,2026-08-04 18:30:00,Dinner,175,3.15,0.7,4.025,8.925,54.6,F447,1.8,0.4,2.3,5.1,3.15,0.7000000000000001,8.924999999999999,54.6
LD00447,HM002,F107,D04,2026-08-04 18:30:00,Dinner,135,31.725,1.35,0.0,0.0,139.05,F107,23.5,1.0,0.0,0.0,31.725,1.35,0.0,139.05
LD00448,HM002,F121,D04,2026-08-04 18:30:00,Dinner,95,1.045,0.095,1.615,8.645,39.615,F121,1.1,0.1,1.7,9.1,1.045,0.095,8.645,39.614999999999995
LD00449,HM002,F450,D04,2026-08-04 18:30:00,Dinner,105,1.995,0.21,3.36,8.085,42.21,F450,1.9,0.2,3.2,7.7,1.9949999999999999,0.21000000000000002,8.085,42.21000000000001
LD00450,HM002,F474,D05,2026-08-05 06:30:00,Breakfast,55,5.72,1.705,3.63,39.93,197.945,F474,10.4,3.1,6.6,72.6,5.720000000000001,1.7050000000000003,39.93,197.945
LD00451,HM002,F252,D05,2026-08-05 06:30:00,Breakfast,500,5.0,1.0,14.0,21.0,113.0,F252,1.0,0.2,2.8,4.2,5.0,1.0,21.0,113.0
LD00452,HM002,F199,D05,2026-08-05 06:30:00,Breakfast,5,0.09,0.01,0.335,3.71,15.29,F199,1.8,0.2,6.7,74.2,0.09000000000000001,0.010000000000000002,3.7100000000000004,15.29
LD00453,HM002,F279,D05,2026-08-05 06:30:00,Breakfast,15,1.395,0.405,1.14,4.32,26.505,F279,9.3,2.7,7.6,28.8,1.395,0.405,4.32,26.505
LD00454,HM002,F204,D05,2026-08-05 06:30:00,Breakfast,15,1.14,0.21,1.725,11.235,51.39,F204,7.6,1.4,11.5,74.9,1.14,0.21,11.235000000000001,51.39
LD00455,HM002,F110,D05,2026-08-05 09:30:00,Mid snack,85,5.015,0.85,6.8,6.63,54.23,F110,5.9,1.0,8.0,7.8,5.015000000000001,0.85,6.63,54.23
LD00456,HM002,F055,D05,2026-08-05 09:30:00,Mid snack,295,9.145,0.885,2.95,9.735,83.485,F055,3.1,0.3,1.0,3.3,9.145000000000001,0.885,9.735,83.485
LD00457,HM002,F115,D05,2026-08-05 09:30:00,Mid snack,65,1.235,0.13,2.08,4.745,25.09,F115,1.9,0.2,3.2,7.3,1.2349999999999999,0.13,4.745,25.090000000000003
LD00458,HM002,F437,D05,2026-08-05 13:00:00,Lunch,5,1.275,0.865,0.0,0.0,12.885,F437,25.5,17.3,0.0,0.0,1.2750000000000001,0.8650000000000001,0.0,12.885
LD00459,HM002,F127,D05,2026-08-05 13:00:00,Lunch,195,3.315,2.34,7.8,35.685,177.06,F127,1.7,1.2,4.0,18.3,3.315,2.34,35.685,177.06
LD00460,HM002,F322,D05,2026-08-05 13:00:00,Lunch,190,2.28,0.19,3.23,18.62,85.31,F322,1.2,0.1,1.7,9.8,2.28,0.19,18.62,85.31
LD00461,HM002,F398,D05,2026-08-05 13:00:00,Lunch,45,0.225,0.045,0.63,6.075,25.605,F398,0.5,0.1,1.4,13.5,0.225,0.045000000000000005,6.075,25.605
LD00462,HM002,F343,D05,2026-08-05 13:00:00,Lunch,65,4.68,0.65,0.65,51.545,230.75,F343,7.2,1.0,1.0,79.3,4.680000000000001,0.65,51.545,230.75
LD00463,HM002,F391,D05,2026-08-05 13:00:00,Lunch,15,0.165,0.045,0.39,3.525,15.165,F391,1.1,0.3,2.6,23.5,0.165,0.045,3.525,15.165
LD00464,HM002,F452,D05,2026-08-05 16:00:00,Evening Snack,45,0.27,0.045,0.54,1.575,7.785,F452,0.6,0.1,1.2,3.5,0.27,0.045000000000000005,1.575,7.785
LD00465,HM002,F399,D05,2026-08-05 16:00:00,Evening Snack,35,0.245,0.07,0.315,6.51,27.65,F399,0.7,0.2,0.9,18.6,0.24499999999999997,0.06999999999999999,6.51,27.65
LD00466,HM002,F044,D05,2026-08-05 16:00:00,Evening Snack,45,1.08,0.18,1.485,3.24,18.9,F044,2.4,0.4,3.3,7.2,1.08,0.18000000000000002,3.24,18.900000000000002
LD00467,HM002,F403,D05,2026-08-05 16:00:00,Evening Snack,35,0.98,0.105,0.14,10.08,45.185,F403,2.8,0.3,0.4,28.8,0.9799999999999999,0.105,10.08,45.185
LD00468,HM002,F006,D05,2026-08-05 16:00:00,Evening Snack,15,2.055,0.285,1.83,10.89,54.345,F006,13.7,1.9,12.2,72.6,2.0549999999999997,0.285,10.889999999999999,54.345
LD00469,HM002,F163,D05,2026-08-05 16:00:00,Evening Snack,5,0.875,2.46,0.59,1.16,30.28,F163,17.5,49.2,11.8,23.2,0.875,2.4600000000000004,1.16,30.28
LD00470,HM002,F290,D05,2026-08-05 18:30:00,Dinner,415,14.11,14.525,0.0,20.75,270.165,F290,3.4,3.5,0.0,5.0,14.110000000000001,14.525000000000002,20.75,270.16499999999996
LD00471,HM002,F430,D05,2026-08-05 18:30:00,Dinner,5,0.935,2.15,1.365,1.475,28.99,F430,18.7,43.0,27.3,29.5,0.935,2.15,1.475,28.99
LD00472,HM002,F085,D05,2026-08-05 18:30:00,Dinner,35,5.705,3.08,2.1,3.395,64.12,F085,16.3,8.8,6.0,9.7,5.705,3.08,3.3949999999999996,64.12
LD00473,HM002,F408,D05,2026-08-05 18:30:00,Dinner,15,2.1,0.285,1.83,11.115,55.425,F408,14.0,1.9,12.2,74.1,2.1,0.285,11.114999999999998,55.425
LD00474,HM002,F211,D05,2026-08-05 18:30:00,Dinner,40,1.84,0.8,1.12,8.88,50.08,F211,4.6,2.0,2.8,22.2,1.8399999999999999,0.8,8.88,50.080000000000005
LD00475,HM002,F036,D06,2026-08-06 06:30:00,Breakfast,75,16.5,4.5,0.0,0.0,106.5,F036,22.0,6.0,0.0,0.0,16.5,4.5,0.0,106.5
LD00476,HM002,F005,D06,2026-08-06 06:30:00,Breakfast,5,0.52,0.155,0.33,3.63,17.995,F005,10.4,3.1,6.6,72.6,0.52,0.15500000000000003,3.63,17.995
LD00477,HM002,F437,D06,2026-08-06 06:30:00,Breakfast,30,7.65,5.19,0.0,0.0,77.31,F437,25.5,17.3,0.0,0.0,7.6499999999999995,5.19,0.0,77.31
LD00478,HM002,F453,D06,2026-08-06 06:30:00,Breakfast,190,1.9,0.38,5.32,7.79,42.18,F453,1.0,0.2,2.8,4.1,1.9,0.38,7.789999999999999,42.18
LD00479,HM002,F161,D06,2026-08-06 06:30:00,Breakfast,30,4.89,9.12,10.32,12.51,151.68,F161,16.3,30.4,34.4,41.7,4.89,9.12,12.51,151.68
LD00480,HM002,F315,D06,2026-08-06 06:30:00,Breakfast,50,0.85,0.1,1.4,5.05,24.5,F315,1.7,0.2,2.8,10.1,0.85,0.1,5.05,24.499999999999996
LD00481,HM002,F437,D06,2026-08-06 09:30:00,Mid snack,5,1.275,0.865,0.0,0.0,12.885,F437,25.5,17.3,0.0,0.0,1.2750000000000001,0.8650000000000001,0.0,12.885
LD00482,HM002,F097,D06,2026-08-06 09:30:00,Mid snack,5,1.48,2.405,0.3,0.525,29.665,F097,29.6,48.1,6.0,10.5,1.4800000000000002,2.4050000000000002,0.525,29.665
LD00483,HM002,F387,D06,2026-08-06 09:30:00,Mid snack,315,2.835,0.63,3.78,12.6,67.41,F387,0.9,0.2,1.2,4.0,2.835,0.63,12.6,67.41
LD00484,HM002,F487,D06,2026-08-06 09:30:00,Mid snack,40,6.64,3.6,2.4,3.96,74.8,F487,16.6,9.0,6.0,9.9,6.640000000000001,3.6,3.9600000000000004,74.8
LD00485,HM002,F050,D06,2026-08-06 13:00:00,Lunch,55,0.33,0.055,0.66,1.87,9.295,F050,0.6,0.1,1.2,3.4,0.33,0.05500000000000001,1.87,9.295
LD00486,HM002,F203,D06,2026-08-06 13:00:00,Lunch,340,9.18,3.06,6.12,81.26,389.3,F203,2.7,0.9,1.8,23.9,9.18,3.06,81.25999999999999,389.3
LD00487,HM002,F093,D06,2026-08-06 13:00:00,Lunch,5,0.745,3.195,0.335,0.67,34.415,F093,14.9,63.9,6.7,13.4,0.7450000000000001,3.1950000000000003,0.67,34.415
LD00488,HM002,F067,D06,2026-08-06 13:00:00,Lunch,200,1.8,1.2,8.6,20.4,99.6,F067,0.9,0.6,4.3,10.2,1.8,1.2,20.4,99.6
LD00489,HM002,F180,D06,2026-08-06 16:00:00,Evening Snack,15,0.135,0.03,0.42,1.425,6.51,F180,0.9,0.2,2.8,9.5,0.135,0.03,1.425,6.51
LD00490,HM002,F056,D06,2026-08-06 16:00:00,Evening Snack,5,0.055,0.015,0.13,1.14,4.915,F056,1.1,0.3,2.6,22.8,0.05500000000000001,0.015,1.1400000000000001,4.914999999999999
LD00491,HM002,F123,D06,2026-08-06 16:00:00,Evening Snack,30,0.33,0.09,0.78,6.69,28.89,F123,1.1,0.3,2.6,22.3,0.33,0.09,6.69,28.89
LD00492,HM002,F275,D06,2026-08-06 16:00:00,Evening Snack,30,4.17,2.04,3.03,21.33,120.36,F275,13.9,6.8,10.1,71.1,4.17,2.04,21.33,120.36
LD00493,HM002,F389,D06,2026-08-06 18:30:00,Dinner,265,2.915,0.265,4.505,25.44,115.805,F389,1.1,0.1,1.7,9.6,2.915,0.265,25.439999999999998,115.805
LD00494,HM002,F340,D06,2026-08-06 18:30:00,Dinner,40,4.28,1.28,2.64,29.92,148.32,F340,10.7,3.2,6.6,74.8,4.28,1.2800000000000002,29.92,148.32000000000002
LD00495,HM002,F020,D06,2026-08-06 18:30:00,Dinner,5,0.915,1.04,0.0,0.125,13.52,F020,18.3,20.8,0.0,2.5,0.915,1.04,0.125,13.52
LD00496,HM002,F159,D06,2026-08-06 18:30:00,Dinner,15,2.7,6.51,0.495,4.485,87.33,F159,18.0,43.4,3.3,29.9,2.6999999999999997,6.51,4.484999999999999,87.33
LD00497,HM002,F386,D06,2026-08-06 18:30:00,Dinner,255,2.55,0.51,7.14,10.455,56.61,F386,1.0,0.2,2.8,4.1,2.55,0.51,10.454999999999998,56.61
LD00498,HM002,F451,D07,2026-08-07 06:30:00,Breakfast,500,5.0,1.0,15.0,30.5,151.0,F451,1.0,0.2,3.0,6.1,5.0,1.0,30.5,151.0
LD00499,HM002,F124,D07,2026-08-07 06:30:00,Breakfast,190,4.75,1.9,10.26,26.6,142.5,F124,2.5,1.0,5.4,14.0,4.75,1.9,26.599999999999998,142.5
LD00500,HM002,F201,D07,2026-08-07 06:30:00,Breakfast,135,1.215,0.81,5.805,13.635,66.69,F201,0.9,0.6,4.3,10.1,1.215,0.81,13.635,66.69
LD00501,HM002,F121,D07,2026-08-07 06:30:00,Breakfast,50,0.55,0.05,0.85,4.55,20.85,F121,1.1,0.1,1.7,9.1,0.55,0.05,4.55,20.849999999999998
LD00502,HM002,F047,D07,2026-08-07 09:30:00,Mid snack,50,0.8,0.1,1.4,4.8,23.3,F047,1.6,0.2,2.8,9.6,0.8,0.1,4.8,23.299999999999997
LD00503,HM002,F459,D07,2026-08-07 09:30:00,Mid snack,30,0.81,0.3,1.62,4.38,23.46,F459,2.7,1.0,5.4,14.6,0.81,0.3,4.38,23.459999999999997
LD00504,HM002,F352,D07,2026-08-07 09:30:00,Mid snack,15,1.23,0.09,0.75,3.09,18.09,F352,8.2,0.6,5.0,20.6,1.2299999999999998,0.09,3.0900000000000003,18.09
LD00505,HM002,F244,D07,2026-08-07 09:30:00,Mid snack,50,3.1,0.5,4.0,4.15,33.5,F244,6.2,1.0,8.0,8.3,3.1,0.5,4.15,33.5
LD00506,HM002,F233,D07,2026-08-07 09:30:00,Mid snack,130,14.69,0.26,0.0,0.91,64.74,F233,11.3,0.2,0.0,0.7,14.690000000000001,0.26,0.9099999999999999,64.74
LD00507,HM002,F106,D07,2026-08-07 09:30:00,Mid snack,5,1.42,0.05,0.0,0.0,6.13,F106,28.4,1.0,0.0,0.0,1.42,0.05,0.0,6.13
LD00508,HM002,F305,D07,2026-08-07 13:00:00,Lunch,225,47.25,11.7,0.0,0.0,294.3,F305,21.0,5.2,0.0,0.0,47.25,11.700000000000001,0.0,294.3
LD00509,HM002,F063,D07,2026-08-07 13:00:00,Lunch,70,0.35,0.07,0.98,9.17,38.71,F063,0.5,0.1,1.4,13.1,0.35,0.06999999999999999,9.17,38.71
LD00510,HM002,F046,D07,2026-08-07 13:00:00,Lunch,195,1.755,0.39,5.46,18.72,85.41,F046,0.9,0.2,2.8,9.6,1.755,0.39,18.72,85.41
LD00511,HM002,F497,D07,2026-08-07 13:00:00,Lunch,15,2.745,6.33,4.095,4.335,85.29,F497,18.3,42.2,27.3,28.9,2.745,6.33,4.335,85.28999999999999
LD00512,HM002,F063,D07,2026-08-07 16:00:00,Evening Snack,30,0.15,0.03,0.42,3.93,16.59,F063,0.5,0.1,1.4,13.1,0.15,0.03,3.9299999999999997,16.59
LD00513,HM002,F272,D07,2026-08-07 16:00:00,Evening Snack,10,1.16,0.52,1.1,7.04,37.48,F272,11.6,5.2,11.0,70.4,1.16,0.52,7.040000000000001,37.48
LD00514,HM002,F201,D07,2026-08-07 16:00:00,Evening Snack,10,0.09,0.06,0.43,1.01,4.94,F201,0.9,0.6,4.3,10.1,0.09000000000000001,0.06,1.01,4.94
LD00515,HM002,F252,D07,2026-08-07 16:00:00,Evening Snack,340,3.4,0.68,9.52,14.28,76.84,F252,1.0,0.2,2.8,4.2,3.4,0.68,14.28,76.84
LD00516,HM002,F110,D07,2026-08-07 16:00:00,Evening Snack,10,0.59,0.1,0.8,0.78,6.38,F110,5.9,1.0,8.0,7.8,0.5900000000000001,0.1,0.78,6.380000000000001
LD00517,HM002,F067,D07,2026-08-07 16:00:00,Evening Snack,45,0.405,0.27,1.935,4.59,22.41,F067,0.9,0.6,4.3,10.2,0.405,0.27,4.59,22.41
LD00518,HM002,F483,D07,2026-08-07 18:30:00,Dinner,45,3.24,0.45,2.295,9.0,53.01,F483,7.2,1.0,5.1,20.0,3.24,0.45,9.0,53.01
LD00519,HM002,F250,D07,2026-08-07 18:30:00,Dinner,270,2.7,0.54,8.1,16.74,82.62,F250,1.0,0.2,3.0,6.2,2.7,0.54,16.740000000000002,82.61999999999999
LD00520,HM002,F229,D07,2026-08-07 18:30:00,Dinner,10,1.9,4.39,2.73,3.01,59.15,F229,19.0,43.9,27.3,30.1,1.9000000000000001,4.39,3.0100000000000002,59.15
LD00521,HM002,F334,D07,2026-08-07 18:30:00,Dinner,45,1.485,0.225,1.665,37.44,157.725,F334,3.3,0.5,3.7,83.2,1.4849999999999999,0.225,37.440000000000005,157.725
LD00522,HM002,F023,D07,2026-08-07 18:30:00,Dinner,5,1.29,2.46,0.425,0.805,30.52,F023,25.8,49.2,8.5,16.1,1.29,2.4600000000000004,0.8050000000000002,30.520000000000003
LD00523,HM002,F234,D07,2026-08-07 18:30:00,Dinner,40,12.88,1.48,0.0,0.0,64.84,F234,32.2,3.7,0.0,0.0,12.880000000000003,1.4800000000000002,0.0,64.84
LD00524,HM002,F448,D08,2026-08-08 06:30:00,Breakfast,55,0.495,0.11,1.54,5.39,24.53,F448,0.9,0.2,2.8,9.8,0.49500000000000005,0.11000000000000001,5.390000000000001,24.529999999999998
LD00525,HM002,F165,D08,2026-08-08 06:30:00,Breakfast,210,26.25,22.05,0.0,2.31,312.69,F165,12.5,10.5,0.0,1.1,26.25,22.05,2.3100000000000005,312.69
LD00526,HM002,F499,D08,2026-08-08 09:30:00,Mid snack,5,1.51,2.455,0.3,0.535,30.275,F499,30.2,49.1,6.0,10.7,1.51,2.455,0.535,30.275
LD00527,HM002,F100,D08,2026-08-08 09:30:00,Mid snack,35,10.64,1.225,0.0,0.0,53.585,F100,30.4,3.5,0.0,0.0,10.639999999999999,1.2249999999999999,0.0,53.585
LD00528,HM002,F118,D08,2026-08-08 09:30:00,Mid snack,175,1.75,0.35,4.9,6.825,37.45,F118,1.0,0.2,2.8,3.9,1.75,0.35000000000000003,6.825,37.449999999999996
LD00529,HM002,F155,D08,2026-08-08 09:30:00,Mid snack,45,1.575,1.485,0.0,2.115,28.125,F155,3.5,3.3,0.0,4.7,1.575,1.4849999999999999,2.115,28.125
LD00530,HM002,F115,D08,2026-08-08 13:00:00,Lunch,475,9.025,0.95,15.2,34.675,183.35,F115,1.9,0.2,3.2,7.3,9.025,0.9500000000000001,34.675,183.35
LD00531,HM002,F465,D08,2026-08-08 13:00:00,Lunch,320,1.6,0.32,4.48,42.88,180.8,F465,0.5,0.1,1.4,13.4,1.6,0.32000000000000006,42.88,180.8
LD00532,HM002,F112,D08,2026-08-08 16:00:00,Evening Snack,260,4.68,1.04,5.98,12.74,79.04,F112,1.8,0.4,2.3,4.9,4.680000000000001,1.04,12.740000000000002,79.04
LD00533,HM002,F130,D08,2026-08-08 16:00:00,Evening Snack,75,0.375,0.075,1.05,9.6,40.575,F130,0.5,0.1,1.4,12.8,0.375,0.07500000000000001,9.600000000000001,40.574999999999996
LD00534,HM002,F458,D08,2026-08-08 18:30:00,Dinner,70,0.77,0.21,1.82,16.31,70.21,F458,1.1,0.3,2.6,23.3,0.77,0.21,16.31,70.21
LD00535,HM002,F138,D08,2026-08-08 18:30:00,Dinner,20,2.18,1.0,2.2,13.26,70.76,F138,10.9,5.0,11.0,66.3,2.18,1.0,13.26,70.75999999999999
LD00536,HM002,F388,D08,2026-08-08 18:30:00,Dinner,500,3.5,0.5,2.5,18.5,92.5,F388,0.7,0.1,0.5,3.7,3.5,0.5,18.5,92.5
LD00537,HM002,F295,D08,2026-08-08 18:30:00,Dinner,5,0.865,1.61,1.72,2.21,26.79,F295,17.3,32.2,34.4,44.2,0.8650000000000001,1.6100000000000003,2.2100000000000004,26.79
LD00538,HM002,F271,D09,2026-08-09 06:30:00,Breakfast,45,3.465,0.63,5.175,34.02,155.61,F271,7.7,1.4,11.5,75.6,3.4650000000000003,0.63,34.019999999999996,155.60999999999999
LD00539,HM002,F417,D09,2026-08-09 06:30:00,Breakfast,75,6.9,0.3,5.925,15.3,91.5,F417,9.2,0.4,7.9,20.4,6.8999999999999995,0.30000000000000004,15.299999999999999,91.50000000000001
LD00540,HM002,F053,D09,2026-08-09 09:30:00,Mid snack,355,2.485,0.355,1.775,12.78,64.255,F053,0.7,0.1,0.5,3.6,2.485,0.355,12.78,64.255
LD00541,HM002,F248,D09,2026-08-09 09:30:00,Mid snack,20,0.34,0.04,0.56,2.0,9.72,F248,1.7,0.2,2.8,10.0,0.34,0.04000000000000001,2.0,9.719999999999999
LD00542,HM002,F047,D09,2026-08-09 09:30:00,Mid snack,35,0.56,0.07,0.98,3.36,16.31,F047,1.6,0.2,2.8,9.6,0.5599999999999999,0.06999999999999999,3.36,16.31
LD00543,HM002,F100,D09,2026-08-09 09:30:00,Mid snack,5,1.52,0.175,0.0,0.0,7.655,F100,30.4,3.5,0.0,0.0,1.52,0.17500000000000002,0.0,7.655
LD00544,HM002,F269,D09,2026-08-09 13:00:00,Lunch,195,5.46,0.585,0.78,57.72,257.985,F269,2.8,0.3,0.4,29.6,5.46,0.585,57.72,257.985
LD00545,HM002,F249,D09,2026-08-09 13:00:00,Lunch,120,2.4,0.24,3.84,9.36,49.2,F249,2.0,0.2,3.2,7.8,2.4,0.24,9.36,49.2
LD00546,HM002,F308,D09,2026-08-09 18:30:00,Dinner,160,40.32,1.76,0.0,0.0,177.12,F308,25.2,1.1,0.0,0.0,40.32,1.7600000000000002,0.0,177.12
LD00547,HM002,F286,D09,2026-08-09 18:30:00,Dinner,40,6.96,3.8,2.4,4.16,78.68,F286,17.4,9.5,6.0,10.4,6.96,3.8000000000000003,4.16,78.68
LD00548,HM002,F074,D10,2026-08-10 06:30:00,Breakfast,35,4.515,2.24,3.535,23.205,131.04,F074,12.9,6.4,10.1,66.3,4.515,2.2399999999999998,23.205,131.04
LD00549,HM002,F229,D10,2026-08-10 06:30:00,Breakfast,10,1.9,4.39,2.73,3.01,59.15,F229,19.0,43.9,27.3,30.1,1.9000000000000001,4.39,3.0100000000000002,59.15
LD00550,HM002,F318,D10,2026-08-10 06:30:00,Breakfast,500,3.0,0.5,6.0,18.0,88.5,F318,0.6,0.1,1.2,3.6,3.0,0.5,18.0,88.5
LD00551,HM002,F454,D10,2026-08-10 06:30:00,Breakfast,20,0.18,0.04,0.24,0.8,4.28,F454,0.9,0.2,1.2,4.0,0.18000000000000002,0.04000000000000001,0.8,4.28
LD00552,HM002,F164,D10,2026-08-10 09:30:00,Mid snack,5,1.495,2.43,0.3,0.53,29.97,F164,29.9,48.6,6.0,10.6,1.495,2.43,0.53,29.970000000000002
LD00553,HM002,F212,D10,2026-08-10 09:30:00,Mid snack,45,4.185,1.215,3.42,12.825,78.975,F212,9.3,2.7,7.6,28.5,4.1850000000000005,1.215,12.825000000000001,78.975
LD00554,HM002,F225,D10,2026-08-10 09:30:00,Mid snack,5,1.1,2.595,0.625,1.13,32.275,F225,22.0,51.9,12.5,22.6,1.1,2.595,1.1300000000000001,32.275
LD00555,HM002,F102,D10,2026-08-10 13:00:00,Lunch,90,22.05,15.03,0.0,0.0,223.47,F102,24.5,16.7,0.0,0.0,22.05,15.03,0.0,223.46999999999997
LD00556,HM002,F027,D10,2026-08-10 13:00:00,Lunch,30,4.95,9.21,10.32,12.63,153.21,F027,16.5,30.7,34.4,42.1,4.95,9.209999999999999,12.63,153.21000000000004
LD00557,HM002,F425,D10,2026-08-10 16:00:00,Evening Snack,15,3.945,7.53,1.275,2.46,93.39,F425,26.3,50.2,8.5,16.4,3.945,7.53,2.4599999999999995,93.38999999999999
LD00558,HM002,F172,D10,2026-08-10 16:00:00,Evening Snack,5,1.24,0.545,0.0,0.0,9.865,F172,24.8,10.9,0.0,0.0,1.2400000000000002,0.545,0.0,9.865
LD00559,HM002,F076,D10,2026-08-10 16:00:00,Evening Snack,5,0.62,0.055,0.195,3.565,17.235,F076,12.4,1.1,3.9,71.3,0.6200000000000001,0.05500000000000001,3.565,17.235
LD00560,HM002,F207,D10,2026-08-10 16:00:00,Evening Snack,5,0.71,0.1,0.61,3.775,18.84,F207,14.2,2.0,12.2,75.5,0.71,0.1,3.7750000000000004,18.839999999999996
LD00561,HM002,F325,D10,2026-08-10 18:30:00,Dinner,40,1.08,0.44,2.16,6.0,32.28,F325,2.7,1.1,5.4,15.0,1.08,0.44000000000000006,6.0,32.28
LD00562,HM002,F182,D10,2026-08-10 18:30:00,Dinner,500,9.5,1.0,16.0,37.0,195.0,F182,1.9,0.2,3.2,7.4,9.5,1.0,37.0,195.0
LD00563,HM002,F233,D11,2026-08-11 06:30:00,Breakfast,375,42.375,0.75,0.0,2.625,186.75,F233,11.3,0.2,0.0,0.7,42.375,0.75,2.625,186.75
LD00564,HM002,F146,D11,2026-08-11 06:30:00,Breakfast,40,3.44,0.2,2.56,9.04,51.72,F146,8.6,0.5,6.4,22.6,3.44,0.2,9.040000000000001,51.71999999999999
LD00565,HM002,F182,D11,2026-08-11 09:30:00,Mid snack,10,0.19,0.02,0.32,0.74,3.9,F182,1.9,0.2,3.2,7.4,0.19,0.020000000000000004,0.7400000000000001,3.9
LD00566,HM002,F035,D11,2026-08-11 09:30:00,Mid snack,25,6.25,4.25,0.0,0.0,63.25,F035,25.0,17.0,0.0,0.0,6.25,4.25,0.0,63.25
LD00567,HM002,F212,D11,2026-08-11 09:30:00,Mid snack,10,0.93,0.27,0.76,2.85,17.55,F212,9.3,2.7,7.6,28.5,0.9300000000000002,0.27,2.85,17.55
LD00568,HM002,F092,D11,2026-08-11 09:30:00,Mid snack,5,0.89,2.145,0.165,1.48,28.785,F092,17.8,42.9,3.3,29.6,0.8900000000000001,2.145,1.4800000000000002,28.785
LD00569,HM002,F389,D11,2026-08-11 13:00:00,Lunch,300,3.3,0.3,5.1,28.8,131.1,F389,1.1,0.1,1.7,9.6,3.3000000000000003,0.30000000000000004,28.799999999999997,131.1
LD00570,HM002,F196,D11,2026-08-11 13:00:00,Lunch,215,1.72,0.86,3.44,31.82,141.9,F196,0.8,0.4,1.6,14.8,1.72,0.86,31.82,141.9
LD00571,HM002,F170,D11,2026-08-11 18:30:00,Dinner,5,1.09,0.295,0.0,0.0,7.015,F170,21.8,5.9,0.0,0.0,1.09,0.29500000000000004,0.0,7.015000000000001
LD00572,HM002,F379,D11,2026-08-11 18:30:00,Dinner,295,7.375,1.18,9.735,21.83,127.44,F379,2.5,0.4,3.3,7.4,7.375,1.1800000000000002,21.830000000000002,127.44
LD00573,HM002,F271,D11,2026-08-11 18:30:00,Dinner,10,0.77,0.14,1.15,7.56,34.58,F271,7.7,1.4,11.5,75.6,0.77,0.13999999999999999,7.56,34.58
LD00574,HM002,F432,D11,2026-08-11 18:30:00,Dinner,10,3.08,5.01,0.6,1.09,61.77,F432,30.8,50.1,6.0,10.9,3.08,5.010000000000001,1.09,61.769999999999996
LD00575,HM002,F455,D12,2026-08-12 06:30:00,Breakfast,400,2.8,0.4,2.0,14.8,74.0,F455,0.7,0.1,0.5,3.7,2.8,0.4,14.8,74.0
LD00576,HM002,F194,D12,2026-08-12 06:30:00,Breakfast,155,2.635,1.86,6.2,28.675,141.98,F194,1.7,1.2,4.0,18.5,2.635,1.8599999999999999,28.675,141.98000000000002
LD00577,HM002,F128,D12,2026-08-12 06:30:00,Breakfast,125,0.75,0.25,0.5,9.25,42.25,F128,0.6,0.2,0.4,7.4,0.75,0.25,9.25,42.25
LD00578,HM002,F078,D12,2026-08-12 06:30:00,Breakfast,105,9.135,2.625,7.98,28.245,173.145,F078,8.7,2.5,7.6,26.9,9.135,2.625,28.245,173.145
LD00579,HM002,F490,D12,2026-08-12 06:30:00,Breakfast,75,2.625,2.475,0.0,3.525,46.875,F490,3.5,3.3,0.0,4.7,2.625,2.4749999999999996,3.5250000000000004,46.875
LD00580,HM002,F097,D12,2026-08-12 06:30:00,Breakfast,5,1.48,2.405,0.3,0.525,29.665,F097,29.6,48.1,6.0,10.5,1.4800000000000002,2.4050000000000002,0.525,29.665
LD00581,HM002,F194,D12,2026-08-12 09:30:00,Mid snack,45,0.765,0.54,1.8,8.325,41.22,F194,1.7,1.2,4.0,18.5,0.765,0.54,8.325000000000001,41.22
LD00582,HM002,F010,D12,2026-08-12 09:30:00,Mid snack,70,3.08,1.33,1.96,14.91,83.93,F010,4.4,1.9,2.8,21.3,3.08,1.3299999999999998,14.91,83.93
LD00583,HM002,F413,D12,2026-08-12 09:30:00,Mid snack,20,1.82,0.54,1.52,5.58,34.46,F413,9.1,2.7,7.6,27.9,1.82,0.54,5.58,34.46
LD00584,HM002,F392,D12,2026-08-12 09:30:00,Mid snack,25,0.675,0.25,1.35,3.675,19.65,F392,2.7,1.0,5.4,14.7,0.675,0.25,3.675,19.65
LD00585,HM002,F213,D12,2026-08-12 09:30:00,Mid snack,15,1.35,0.075,0.96,3.555,20.295,F213,9.0,0.5,6.4,23.7,1.3499999999999999,0.075,3.5549999999999997,20.295
LD00586,HM002,F027,D12,2026-08-12 13:00:00,Lunch,85,14.025,26.095,29.24,35.785,434.095,F027,16.5,30.7,34.4,42.1,14.025,26.095,35.785000000000004,434.09499999999997
LD00587,HM002,F230,D12,2026-08-12 13:00:00,Lunch,15,2.76,7.755,1.77,3.645,95.415,F230,18.4,51.7,11.8,24.3,2.76,7.755,3.645,95.41499999999999
LD00588,HM002,F112,D12,2026-08-12 13:00:00,Lunch,160,2.88,0.64,3.68,7.84,48.64,F112,1.8,0.4,2.3,4.9,2.8800000000000003,0.6400000000000001,7.840000000000001,48.63999999999999
LD00589,HM002,F133,D12,2026-08-12 16:00:00,Evening Snack,20,0.6,0.1,0.74,15.52,65.38,F133,3.0,0.5,3.7,77.6,0.6000000000000001,0.1,15.52,65.38000000000001
LD00590,HM002,F140,D12,2026-08-12 16:00:00,Evening Snack,10,1.36,0.19,1.22,7.19,35.91,F140,13.6,1.9,12.2,71.9,1.36,0.19,7.190000000000001,35.910000000000004
LD00591,HM002,F043,D12,2026-08-12 16:00:00,Evening Snack,15,0.9,0.15,1.2,1.2,9.75,F043,6.0,1.0,8.0,8.0,0.8999999999999999,0.15,1.2,9.75
LD00592,HM002,F320,D12,2026-08-12 16:00:00,Evening Snack,350,3.15,0.7,4.2,14.35,76.3,F320,0.9,0.2,1.2,4.1,3.15,0.7000000000000001,14.349999999999998,76.3
LD00593,HM002,F254,D12,2026-08-12 16:00:00,Evening Snack,15,0.105,0.015,0.075,0.555,2.775,F254,0.7,0.1,0.5,3.7,0.105,0.015,0.555,2.7750000000000004
LD00594,HM002,F173,D12,2026-08-12 18:30:00,Dinner,20,5.74,0.2,0.0,0.0,24.76,F173,28.7,1.0,0.0,0.0,5.74,0.2,0.0,24.76
LD00595,HM002,F236,D12,2026-08-12 18:30:00,Dinner,20,5.2,3.54,0.0,0.0,52.66,F236,26.0,17.7,0.0,0.0,5.2,3.54,0.0,52.66
LD00596,HM002,F289,D12,2026-08-12 18:30:00,Dinner,85,3.145,2.975,0.0,4.165,56.015,F289,3.7,3.5,0.0,4.9,3.145,2.975,4.165,56.015
LD00597,HM002,F147,D12,2026-08-12 18:30:00,Dinner,325,22.425,1.3,24.7,61.75,348.4,F147,6.9,0.4,7.6,19.0,22.425,1.3,61.75,348.4
LD00598,HM002,F336,D13,2026-08-13 06:30:00,Breakfast,145,4.06,0.435,0.58,42.05,188.355,F336,2.8,0.3,0.4,29.0,4.06,0.435,42.05,188.355
LD00599,HM002,F258,D13,2026-08-13 06:30:00,Breakfast,60,1.62,0.6,3.24,8.94,47.64,F258,2.7,1.0,5.4,14.9,1.62,0.6,8.94,47.63999999999999
LD00600,HM002,F045,D13,2026-08-13 06:30:00,Breakfast,500,9.0,2.0,11.5,25.0,154.0,F045,1.8,0.4,2.3,5.0,9.0,2.0,25.0,154.0
LD00601,HM002,F123,D13,2026-08-13 06:30:00,Breakfast,110,1.21,0.33,2.86,24.53,105.93,F123,1.1,0.3,2.6,22.3,1.2100000000000002,0.33,24.53,105.93
LD00602,HM002,F171,D13,2026-08-13 09:30:00,Mid snack,25,4.95,1.25,0.0,0.0,31.05,F171,19.8,5.0,0.0,0.0,4.95,1.25,0.0,31.05
LD00603,HM002,F469,D13,2026-08-13 09:30:00,Mid snack,30,0.27,0.18,1.29,3.12,15.18,F469,0.9,0.6,4.3,10.4,0.27,0.18,3.12,15.18
LD00604,HM002,F385,D13,2026-08-13 09:30:00,Mid snack,320,1.92,0.32,3.84,11.2,55.36,F385,0.6,0.1,1.2,3.5,1.92,0.32000000000000006,11.200000000000001,55.36
LD00605,HM002,F305,D13,2026-08-13 09:30:00,Mid snack,30,6.3,1.56,0.0,0.0,39.24,F305,21.0,5.2,0.0,0.0,6.3,1.56,0.0,39.24
LD00606,HM002,F194,D13,2026-08-13 09:30:00,Mid snack,60,1.02,0.72,2.4,11.1,54.96,F194,1.7,1.2,4.0,18.5,1.02,0.72,11.1,54.959999999999994
LD00607,HM002,F086,D13,2026-08-13 09:30:00,Mid snack,5,0.39,0.235,0.015,0.095,4.055,F086,7.8,4.7,0.3,1.9,0.39,0.23500000000000001,0.095,4.055
LD00608,HM002,F489,D13,2026-08-13 13:00:00,Lunch,25,4.575,5.2,0.0,0.625,67.6,F489,18.3,20.8,0.0,2.5,4.575,5.2,0.625,67.60000000000001
LD00609,HM002,F130,D13,2026-08-13 13:00:00,Lunch,65,0.325,0.065,0.91,8.32,35.165,F130,0.5,0.1,1.4,12.8,0.325,0.065,8.32,35.165
LD00610,HM002,F004,D13,2026-08-13 13:00:00,Lunch,20,2.2,1.0,2.2,13.4,71.4,F004,11.0,5.0,11.0,67.0,2.2,1.0,13.4,71.4
LD00611,HM002,F411,D13,2026-08-13 13:00:00,Lunch,30,3.9,0.33,1.17,22.29,107.73,F411,13.0,1.1,3.9,74.3,3.9,0.33,22.29,107.72999999999999
LD00612,HM002,F085,D13,2026-08-13 13:00:00,Lunch,5,0.815,0.44,0.3,0.485,9.16,F085,16.3,8.8,6.0,9.7,0.8150000000000001,0.44000000000000006,0.485,9.16
LD00613,HM002,F359,D13,2026-08-13 13:00:00,Lunch,55,11.99,28.27,6.875,12.32,351.67,F359,21.8,51.4,12.5,22.4,11.990000000000002,28.270000000000003,12.32,351.67
LD00614,HM002,F247,D13,2026-08-13 16:00:00,Evening Snack,70,0.63,0.14,1.96,7.0,31.78,F247,0.9,0.2,2.8,10.0,0.63,0.13999999999999999,7.0,31.78
LD00615,HM002,F206,D13,2026-08-13 16:00:00,Evening Snack,25,2.7,0.8,1.65,18.875,93.5,F206,10.8,3.2,6.6,75.5,2.7,0.8,18.875,93.5
LD00616,HM002,F093,D13,2026-08-13 16:00:00,Evening Snack,10,1.49,6.39,0.67,1.34,68.83,F093,14.9,63.9,6.7,13.4,1.4900000000000002,6.390000000000001,1.34,68.83
LD00617,HM002,F394,D13,2026-08-13 16:00:00,Evening Snack,10,0.05,0.03,0.17,1.01,4.51,F394,0.5,0.3,1.7,10.1,0.05,0.03,1.01,4.51
LD00618,HM002,F280,D13,2026-08-13 18:30:00,Dinner,170,15.47,0.85,10.88,40.63,232.05,F280,9.1,0.5,6.4,23.9,15.469999999999999,0.85,40.629999999999995,232.05
LD00619,HM002,F056,D13,2026-08-13 18:30:00,Dinner,190,2.09,0.57,4.94,43.32,186.77,F056,1.1,0.3,2.6,22.8,2.09,0.57,43.32,186.76999999999998
LD00620,HM002,F299,D13,2026-08-13 18:30:00,Dinner,55,7.26,6.105,0.0,0.66,86.625,F299,13.2,11.1,0.0,1.2,7.26,6.105,0.66,86.625
LD00621,HM002,F079,D14,2026-08-14 06:30:00,Breakfast,65,5.525,0.325,4.16,14.495,83.005,F079,8.5,0.5,6.4,22.3,5.525,0.325,14.495000000000001,83.005
LD00622,HM002,F262,D14,2026-08-14 06:30:00,Breakfast,155,0.93,0.31,0.62,12.245,55.49,F262,0.6,0.2,0.4,7.9,0.9299999999999999,0.31000000000000005,12.245000000000001,55.489999999999995
LD00623,HM002,F222,D14,2026-08-14 06:30:00,Breakfast,160,5.76,5.44,0.0,7.84,103.36,F222,3.6,3.4,0.0,4.9,5.760000000000001,5.44,7.840000000000001,103.36
LD00624,HM002,F061,D14,2026-08-14 06:30:00,Breakfast,415,2.49,0.83,1.66,31.54,143.59,F061,0.6,0.2,0.4,7.6,2.49,0.8300000000000001,31.540000000000003,143.59
LD00625,HM002,F104,D14,2026-08-14 06:30:00,Breakfast,5,0.98,0.245,0.0,0.0,6.125,F104,19.6,4.9,0.0,0.0,0.9800000000000001,0.24500000000000002,0.0,6.125
LD00626,HM002,F343,D14,2026-08-14 06:30:00,Breakfast,30,2.16,0.3,0.3,23.79,106.5,F343,7.2,1.0,1.0,79.3,2.16,0.3,23.79,106.5
LD00627,HM002,F217,D14,2026-08-14 09:30:00,Mid snack,5,0.415,0.08,0.35,1.145,6.96,F217,8.3,1.6,7.0,22.9,0.41500000000000004,0.08000000000000002,1.145,6.96
LD00628,HM002,F421,D14,2026-08-14 09:30:00,Mid snack,130,10.66,6.37,0.39,2.47,109.85,F421,8.2,4.9,0.3,1.9,10.66,6.370000000000001,2.4699999999999998,109.85
LD00629,HM002,F164,D14,2026-08-14 09:30:00,Mid snack,10,2.99,4.86,0.6,1.06,59.94,F164,29.9,48.6,6.0,10.6,2.99,4.86,1.06,59.940000000000005
LD00630,HM002,F346,D14,2026-08-14 09:30:00,Mid snack,5,0.46,0.135,0.38,1.41,8.695,F346,9.2,2.7,7.6,28.2,0.45999999999999996,0.135,1.4100000000000001,8.695
LD00631,HM002,F142,D14,2026-08-14 13:00:00,Lunch,45,3.105,0.45,0.45,34.29,153.63,F142,6.9,1.0,1.0,76.2,3.1050000000000004,0.45,34.29,153.63
LD00632,HM002,F367,D14,2026-08-14 13:00:00,Lunch,95,10.64,0.19,0.0,0.665,46.93,F367,11.2,0.2,0.0,0.7,10.639999999999999,0.19,0.6649999999999999,46.93
LD00633,HM002,F053,D14,2026-08-14 13:00:00,Lunch,500,3.5,0.5,2.5,18.0,90.5,F053,0.7,0.1,0.5,3.6,3.5,0.5,18.0,90.5
LD00634,HM002,F262,D14,2026-08-14 13:00:00,Lunch,250,1.5,0.5,1.0,19.75,89.5,F262,0.6,0.2,0.4,7.9,1.5,0.5,19.75,89.5
LD00635,HM002,F429,D14,2026-08-14 16:00:00,Evening Snack,5,0.84,1.565,1.72,2.145,26.025,F429,16.8,31.3,34.4,42.9,0.8400000000000001,1.5650000000000002,2.145,26.025
LD00636,HM002,F186,D14,2026-08-14 16:00:00,Evening Snack,225,2.025,0.45,2.7,8.775,47.25,F186,0.9,0.2,1.2,3.9,2.025,0.45,8.775,47.25
LD00637,HM002,F255,D14,2026-08-14 16:00:00,Evening Snack,170,1.87,0.17,2.89,16.49,74.97,F255,1.1,0.1,1.7,9.7,1.87,0.17,16.49,74.97
LD00638,HM002,F453,D14,2026-08-14 16:00:00,Evening Snack,215,2.15,0.43,6.02,8.815,47.73,F453,1.0,0.2,2.8,4.1,2.15,0.43,8.815,47.73
LD00639,HM002,F364,D14,2026-08-14 18:30:00,Dinner,15,2.73,7.68,1.77,3.615,94.5,F364,18.2,51.2,11.8,24.1,2.73,7.68,3.615,94.5
LD00640,HM002,F312,D14,2026-08-14 18:30:00,Dinner,245,6.125,0.98,8.085,18.62,107.8,F312,2.5,0.4,3.3,7.6,6.125,0.9800000000000001,18.62,107.80000000000001
LD00641,HM002,F050,D14,2026-08-14 18:30:00,Dinner,500,3.0,0.5,6.0,17.0,84.5,F050,0.6,0.1,1.2,3.4,3.0,0.5,17.0,84.5
LD00642,HM002,F351,D14,2026-08-14 18:30:00,Dinner,115,9.43,1.725,8.05,26.105,157.665,F351,8.2,1.5,7.0,22.7,9.429999999999998,1.7249999999999999,26.104999999999997,157.665
LD00643,HM002,F099,D15,2026-08-15 06:30:00,Breakfast,80,8.56,0.16,0.0,0.56,37.92,F099,10.7,0.2,0.0,0.7,8.56,0.16000000000000003,0.5599999999999999,37.92
LD00644,HM002,F332,D15,2026-08-15 06:30:00,Breakfast,75,0.525,0.15,0.675,14.25,60.45,F332,0.7,0.2,0.9,19.0,0.5249999999999999,0.15000000000000002,14.25,60.45
LD00645,HM002,F282,D15,2026-08-15 06:30:00,Breakfast,70,5.32,0.77,3.57,14.7,87.01,F282,7.6,1.1,5.1,21.0,5.319999999999999,0.77,14.7,87.00999999999999
LD00646,HM002,F137,D15,2026-08-15 06:30:00,Breakfast,15,1.08,0.195,1.725,10.695,48.855,F137,7.2,1.3,11.5,71.3,1.08,0.195,10.694999999999999,48.855000000000004
LD00647,HM002,F302,D15,2026-08-15 09:30:00,Mid snack,25,6.825,2.85,0.0,0.0,52.95,F302,27.3,11.4,0.0,0.0,6.825,2.85,0.0,52.95
LD00648,HM002,F126,D15,2026-08-15 09:30:00,Mid snack,5,0.025,0.015,0.085,0.48,2.155,F126,0.5,0.3,1.7,9.6,0.025,0.015,0.48,2.1550000000000002
LD00649,HM002,F033,D15,2026-08-15 09:30:00,Mid snack,25,7.75,0.9,0.0,0.0,39.1,F033,31.0,3.6,0.0,0.0,7.75,0.9,0.0,39.1
LD00650,HM002,F142,D15,2026-08-15 13:00:00,Lunch,70,4.83,0.7,0.7,53.34,238.98,F142,6.9,1.0,1.0,76.2,4.83,0.7,53.339999999999996,238.98000000000002
LD00651,HM002,F067,D15,2026-08-15 13:00:00,Lunch,10,0.09,0.06,0.43,1.02,4.98,F067,0.9,0.6,4.3,10.2,0.09000000000000001,0.06,1.02,4.98
LD00652,HM002,F453,D15,2026-08-15 13:00:00,Lunch,205,2.05,0.41,5.74,8.405,45.51,F453,1.0,0.2,2.8,4.1,2.05,0.41,8.405,45.50999999999999
LD00653,HM002,F300,D15,2026-08-15 18:30:00,Dinner,345,39.33,0.69,0.0,2.415,173.19,F300,11.4,0.2,0.0,0.7,39.330000000000005,0.6900000000000001,2.415,173.19
LD00654,HM002,F480,D15,2026-08-15 18:30:00,Dinner,40,3.56,1.04,3.04,10.96,67.44,F480,8.9,2.6,7.6,27.4,3.5600000000000005,1.04,10.96,67.44
LD00655,HM002,F424,D15,2026-08-15 18:30:00,Dinner,5,0.165,0.17,0.0,0.245,3.17,F424,3.3,3.4,0.0,4.9,0.165,0.17,0.24500000000000002,3.17
LD00656,HM002,F332,D16,2026-08-16 06:30:00,Breakfast,65,0.455,0.13,0.585,12.35,52.39,F332,0.7,0.2,0.9,19.0,0.45499999999999996,0.13,12.35,52.39
LD00657,HM002,F133,D16,2026-08-16 06:30:00,Breakfast,15,0.45,0.075,0.555,11.64,49.035,F133,3.0,0.5,3.7,77.6,0.44999999999999996,0.075,11.639999999999999,49.035
LD00658,HM002,F287,D16,2026-08-16 06:30:00,Breakfast,150,12.6,7.5,0.45,3.0,129.9,F287,8.4,5.0,0.3,2.0,12.600000000000001,7.5,3.0,129.9
LD00659,HM002,F206,D16,2026-08-16 06:30:00,Breakfast,5,0.54,0.16,0.33,3.775,18.7,F206,10.8,3.2,6.6,75.5,0.54,0.16000000000000003,3.7750000000000004,18.7
LD00660,HM002,F344,D16,2026-08-16 13:00:00,Lunch,20,2.62,0.22,0.78,15.0,72.46,F344,13.1,1.1,3.9,75.0,2.62,0.22000000000000003,15.0,72.46000000000001
LD00661,HM002,F072,D16,2026-08-16 13:00:00,Lunch,20,2.04,0.6,1.32,14.22,70.44,F072,10.2,3.0,6.6,71.1,2.04,0.6000000000000001,14.219999999999999,70.44000000000001
LD00662,HM002,F015,D16,2026-08-16 13:00:00,Lunch,75,6.75,0.3,5.925,15.0,89.7,F015,9.0,0.4,7.9,20.0,6.75,0.30000000000000004,15.0,89.7
LD00663,HM002,F185,D16,2026-08-16 13:00:00,Lunch,90,0.9,0.18,2.52,3.6,19.62,F185,1.0,0.2,2.8,4.0,0.9,0.18000000000000002,3.6,19.62
LD00664,HM002,F003,D16,2026-08-16 16:00:00,Evening Snack,15,1.095,0.195,1.725,10.8,49.335,F003,7.3,1.3,11.5,72.0,1.095,0.195,10.799999999999999,49.33500000000001
LD00665,HM002,F210,D16,2026-08-16 16:00:00,Evening Snack,10,1.32,0.11,0.39,7.57,36.55,F210,13.2,1.1,3.9,75.7,1.32,0.11000000000000001,7.57,36.550000000000004
LD00666,HM002,F272,D16,2026-08-16 16:00:00,Evening Snack,5,0.58,0.26,0.55,3.52,18.74,F272,11.6,5.2,11.0,70.4,0.58,0.26,3.5200000000000005,18.74
LD00667,HM002,F094,D16,2026-08-16 18:30:00,Dinner,5,0.81,1.505,1.72,2.065,25.045,F094,16.2,30.1,34.4,41.3,0.81,1.5050000000000001,2.065,25.044999999999998
LD00668,HM002,F144,D16,2026-08-16 18:30:00,Dinner,80,3.52,1.52,2.24,16.88,95.28,F144,4.4,1.9,2.8,21.1,3.5200000000000005,1.52,16.880000000000003,95.28
LD00669,HM002,F136,D16,2026-08-16 18:30:00,Dinner,25,0.65,0.225,0.45,5.7,27.425,F136,2.6,0.9,1.8,22.8,0.65,0.225,5.7,27.425
LD00670,HM002,F107,D16,2026-08-16 18:30:00,Dinner,105,24.675,1.05,0.0,0.0,108.15,F107,23.5,1.0,0.0,0.0,24.675,1.05,0.0,108.15
LD00671,HM002,F122,D17,2026-08-17 06:30:00,Breakfast,55,1.65,0.165,0.55,1.76,15.125,F122,3.0,0.3,1.0,3.2,1.6500000000000001,0.165,1.7600000000000002,15.125
LD00672,HM002,F190,D17,2026-08-17 06:30:00,Breakfast,45,0.495,0.135,1.17,10.17,43.875,F190,1.1,0.3,2.6,22.6,0.49500000000000005,0.135,10.170000000000002,43.875
LD00673,HM002,F481,D17,2026-08-17 06:30:00,Breakfast,245,21.315,1.225,15.68,55.86,319.725,F481,8.7,0.5,6.4,22.8,21.315,1.225,55.86000000000001,319.72499999999997
LD00674,HM002,F115,D17,2026-08-17 06:30:00,Breakfast,275,5.225,0.55,8.8,20.075,106.15,F115,1.9,0.2,3.2,7.3,5.225,0.55,20.075,106.14999999999999
LD00675,HM002,F247,D17,2026-08-17 09:30:00,Mid snack,25,0.225,0.05,0.7,2.5,11.35,F247,0.9,0.2,2.8,10.0,0.225,0.05,2.5,11.35
LD00676,HM002,F424,D17,2026-08-17 09:30:00,Mid snack,65,2.145,2.21,0.0,3.185,41.21,F424,3.3,3.4,0.0,4.9,2.145,2.21,3.1850000000000005,41.21
LD00677,HM002,F358,D17,2026-08-17 09:30:00,Mid snack,5,1.33,2.535,0.425,0.83,31.455,F358,26.6,50.7,8.5,16.6,1.33,2.535,0.8300000000000001,31.455000000000002
LD00678,HM002,F177,D17,2026-08-17 09:30:00,Mid snack,35,2.065,0.35,2.8,2.765,22.47,F177,5.9,1.0,8.0,7.9,2.065,0.35,2.765,22.47
LD00679,HM002,F033,D17,2026-08-17 09:30:00,Mid snack,30,9.3,1.08,0.0,0.0,46.92,F033,31.0,3.6,0.0,0.0,9.299999999999999,1.08,0.0,46.92
LD00680,HM002,F371,D17,2026-08-17 09:30:00,Mid snack,25,5.675,1.55,0.0,0.0,36.65,F371,22.7,6.2,0.0,0.0,5.675,1.55,0.0,36.65
LD00681,HM002,F067,D17,2026-08-17 13:00:00,Lunch,500,4.5,3.0,21.5,51.0,249.0,F067,0.9,0.6,4.3,10.2,4.5,3.0,51.0,249.0
LD00682,HM002,F119,D17,2026-08-17 13:00:00,Lunch,45,0.405,0.09,0.54,1.71,9.27,F119,0.9,0.2,1.2,3.8,0.405,0.09000000000000001,1.71,9.270000000000001
LD00683,HM002,F238,D17,2026-08-17 13:00:00,Lunch,165,34.32,8.58,0.0,0.0,214.5,F238,20.8,5.2,0.0,0.0,34.32,8.58,0.0,214.5
LD00684,HM002,F135,D17,2026-08-17 16:00:00,Evening Snack,140,3.78,0.42,0.56,39.06,175.14,F135,2.7,0.3,0.4,27.9,3.78,0.42,39.059999999999995,175.14000000000001
LD00685,HM002,F463,D17,2026-08-17 16:00:00,Evening Snack,10,0.06,0.02,0.04,0.78,3.54,F463,0.6,0.2,0.4,7.8,0.06,0.020000000000000004,0.78,3.5400000000000005
LD00686,HM002,F328,D17,2026-08-17 16:00:00,Evening Snack,5,0.09,0.065,0.2,0.98,4.865,F328,1.8,1.3,4.0,19.6,0.09000000000000001,0.065,0.9800000000000001,4.865
LD00687,HM002,F392,D17,2026-08-17 16:00:00,Evening Snack,30,0.81,0.3,1.62,4.41,23.58,F392,2.7,1.0,5.4,14.7,0.81,0.3,4.409999999999999,23.580000000000002
LD00688,HM002,F114,D17,2026-08-17 18:30:00,Dinner,500,8.0,1.0,14.0,47.0,229.0,F114,1.6,0.2,2.8,9.4,8.0,1.0,47.0,229.0
LD00689,HM002,F145,D17,2026-08-17 18:30:00,Dinner,20,1.76,0.52,1.52,5.42,33.4,F145,8.8,2.6,7.6,27.1,1.7600000000000002,0.52,5.420000000000001,33.4
LD00690,HM002,F461,D17,2026-08-17 18:30:00,Dinner,255,1.275,0.765,4.335,25.5,113.985,F461,0.5,0.3,1.7,10.0,1.275,0.7649999999999999,25.5,113.985
LD00691,HM002,F378,D18,2026-08-18 06:30:00,Breakfast,5,0.31,0.05,0.4,0.41,3.33,F378,6.2,1.0,8.0,8.2,0.31000000000000005,0.05,0.41,3.33
LD00692,HM002,F340,D18,2026-08-18 06:30:00,Breakfast,10,1.07,0.32,0.66,7.48,37.08,F340,10.7,3.2,6.6,74.8,1.07,0.32000000000000006,7.48,37.080000000000005
LD00693,HM002,F194,D18,2026-08-18 06:30:00,Breakfast,90,1.53,1.08,3.6,16.65,82.44,F194,1.7,1.2,4.0,18.5,1.53,1.08,16.650000000000002,82.44
LD00694,HM002,F281,D18,2026-08-18 06:30:00,Breakfast,185,13.69,0.74,14.06,37.37,210.9,F281,7.4,0.4,7.6,20.2,13.690000000000001,0.7400000000000001,37.37,210.89999999999998
LD00695,HM002,F013,D18,2026-08-18 09:30:00,Mid snack,5,0.35,0.02,0.38,0.96,5.42,F013,7.0,0.4,7.6,19.2,0.35000000000000003,0.020000000000000004,0.96,5.42
LD00696,HM002,F223,D18,2026-08-18 09:30:00,Mid snack,100,3.3,3.4,0.0,5.0,63.8,F223,3.3,3.4,0.0,5.0,3.3,3.4,5.0,63.8
LD00697,HM002,F402,D18,2026-08-18 09:30:00,Mid snack,50,0.45,0.3,2.15,5.25,25.5,F402,0.9,0.6,4.3,10.5,0.45,0.3,5.25,25.5
LD00698,HM002,F351,D18,2026-08-18 09:30:00,Mid snack,30,2.46,0.45,2.1,6.81,41.13,F351,8.2,1.5,7.0,22.7,2.4599999999999995,0.44999999999999996,6.81,41.129999999999995
LD00699,HM002,F168,D18,2026-08-18 13:00:00,Lunch,90,23.13,9.72,0.0,0.0,180.0,F168,25.7,10.8,0.0,0.0,23.13,9.72,0.0,180.0
LD00700,HM002,F125,D18,2026-08-18 13:00:00,Lunch,460,4.14,0.46,11.04,53.36,234.14,F125,0.9,0.1,2.4,11.6,4.14,0.45999999999999996,53.35999999999999,234.14
LD00701,HM002,F003,D18,2026-08-18 16:00:00,Evening Snack,5,0.365,0.065,0.575,3.6,16.445,F003,7.3,1.3,11.5,72.0,0.365,0.065,3.6,16.445
LD00702,HM002,F207,D18,2026-08-18 16:00:00,Evening Snack,20,2.84,0.4,2.44,15.1,75.36,F207,14.2,2.0,12.2,75.5,2.84,0.4,15.100000000000001,75.35999999999999
LD00703,HM002,F473,D18,2026-08-18 16:00:00,Evening Snack,10,1.1,0.5,1.1,6.7,35.7,F473,11.0,5.0,11.0,67.0,1.1,0.5,6.7,35.7
LD00704,HM002,F275,D18,2026-08-18 18:30:00,Dinner,20,2.78,1.36,2.02,14.22,80.24,F275,13.9,6.8,10.1,71.1,2.7800000000000002,1.36,14.219999999999999,80.24
LD00705,HM002,F459,D18,2026-08-18 18:30:00,Dinner,210,5.67,2.1,11.34,30.66,164.22,F459,2.7,1.0,5.4,14.6,5.670000000000001,2.1,30.66,164.22
LD00706,HM002,F017,D18,2026-08-18 18:30:00,Dinner,55,4.4,0.33,2.75,11.0,64.57,F017,8.0,0.6,5.0,20.0,4.4,0.33,11.0,64.57000000000001
LD00707,HM002,F128,D18,2026-08-18 18:30:00,Dinner,30,0.18,0.06,0.12,2.22,10.14,F128,0.6,0.2,0.4,7.4,0.18,0.06,2.22,10.14
LD00708,HM002,F287,D19,2026-08-19 06:30:00,Breakfast,130,10.92,6.5,0.39,2.6,112.58,F287,8.4,5.0,0.3,2.0,10.920000000000002,6.5,2.6,112.58
LD00709,HM002,F368,D19,2026-08-19 06:30:00,Breakfast,5,1.595,0.185,0.0,0.0,8.045,F368,31.9,3.7,0.0,0.0,1.595,0.18500000000000003,0.0,8.045
LD00710,HM002,F330,D19,2026-08-19 06:30:00,Breakfast,210,1.68,0.84,3.36,33.18,147.0,F330,0.8,0.4,1.6,15.8,1.6800000000000002,0.8400000000000001,33.18,147.0
LD00711,HM002,F497,D19,2026-08-19 13:00:00,Lunch,5,0.915,2.11,1.365,1.445,28.43,F497,18.3,42.2,27.3,28.9,0.915,2.1100000000000003,1.445,28.43
LD00712,HM002,F151,D19,2026-08-19 13:00:00,Lunch,20,1.58,0.12,1.0,3.96,23.24,F151,7.9,0.6,5.0,19.8,1.58,0.12,3.9600000000000004,23.240000000000002
LD00713,HM002,F239,D19,2026-08-19 13:00:00,Lunch,140,36.4,15.96,0.0,0.0,289.24,F239,26.0,11.4,0.0,0.0,36.4,15.959999999999999,0.0,289.24
LD00714,HM002,F209,D19,2026-08-19 16:00:00,Evening Snack,30,2.19,0.3,0.3,24.03,107.58,F209,7.3,1.0,1.0,80.1,2.19,0.3,24.029999999999998,107.58000000000001
LD00715,HM002,F162,D19,2026-08-19 16:00:00,Evening Snack,5,0.905,2.09,1.365,1.43,28.15,F162,18.1,41.8,27.3,28.6,0.9050000000000001,2.09,1.4300000000000002,28.15
LD00716,HM002,F395,D19,2026-08-19 18:30:00,Dinner,105,1.89,1.26,4.2,20.265,99.96,F395,1.8,1.2,4.0,19.3,1.8900000000000001,1.26,20.265,99.96000000000001
LD00717,HM002,F188,D19,2026-08-19 18:30:00,Dinner,355,3.905,0.355,6.035,32.66,149.455,F188,1.1,0.1,1.7,9.2,3.9050000000000002,0.355,32.66,149.45499999999998
LD00718,HM002,F179,D20,2026-08-20 06:30:00,Breakfast,435,7.83,1.74,10.005,21.75,133.98,F179,1.8,0.4,2.3,5.0,7.829999999999999,1.74,21.75,133.98
LD00719,HM002,F389,D20,2026-08-20 06:30:00,Breakfast,145,1.595,0.145,2.465,13.92,63.365,F389,1.1,0.1,1.7,9.6,1.595,0.145,13.92,63.365
LD00720,HM002,F276,D20,2026-08-20 06:30:00,Breakfast,30,2.22,0.33,0.3,24.27,108.93,F276,7.4,1.1,1.0,80.9,2.22,0.33,24.27,108.92999999999999
LD00721,HM002,F049,D20,2026-08-20 09:30:00,Mid snack,220,2.2,0.44,6.6,13.2,65.56,F049,1.0,0.2,3.0,6.0,2.2,0.44000000000000006,13.200000000000001,65.55999999999999
LD00722,HM002,F453,D20,2026-08-20 09:30:00,Mid snack,190,1.9,0.38,5.32,7.79,42.18,F453,1.0,0.2,2.8,4.1,1.9,0.38,7.789999999999999,42.18
LD00723,HM002,F027,D20,2026-08-20 13:00:00,Lunch,45,7.425,13.815,15.48,18.945,229.815,F027,16.5,30.7,34.4,42.1,7.425,13.815,18.945,229.815
LD00724,HM002,F390,D20,2026-08-20 13:00:00,Lunch,155,4.96,0.465,1.55,5.27,45.105,F390,3.2,0.3,1.0,3.4,4.960000000000001,0.46499999999999997,5.27,45.105000000000004
LD00725,HM002,F238,D20,2026-08-20 13:00:00,Lunch,20,4.16,1.04,0.0,0.0,26.0,F238,20.8,5.2,0.0,0.0,4.16,1.04,0.0,26.0
LD00726,HM002,F210,D20,2026-08-20 13:00:00,Lunch,15,1.98,0.165,0.585,11.355,54.825,F210,13.2,1.1,3.9,75.7,1.9799999999999998,0.165,11.355,54.825
LD00727,HM002,F398,D20,2026-08-20 16:00:00,Evening Snack,105,0.525,0.105,1.47,14.175,59.745,F398,0.5,0.1,1.4,13.5,0.525,0.10500000000000001,14.175,59.745000000000005
LD00728,HM002,F119,D20,2026-08-20 16:00:00,Evening Snack,5,0.045,0.01,0.06,0.19,1.03,F119,0.9,0.2,1.2,3.8,0.045000000000000005,0.010000000000000002,0.19,1.03
LD00729,HM002,F192,D20,2026-08-20 16:00:00,Evening Snack,85,0.765,0.085,2.04,9.945,43.605,F192,0.9,0.1,2.4,11.7,0.765,0.085,9.944999999999999,43.605000000000004
LD00730,HM002,F471,D20,2026-08-20 16:00:00,Evening Snack,15,0.39,0.135,0.27,3.45,16.575,F471,2.6,0.9,1.8,23.0,0.39,0.135,3.4499999999999997,16.575000000000003
LD00731,HM002,F080,D20,2026-08-20 18:30:00,Dinner,5,0.345,0.02,0.38,0.94,5.32,F080,6.9,0.4,7.6,18.8,0.34500000000000003,0.020000000000000004,0.9400000000000001,5.319999999999999
LD00732,HM002,F242,D20,2026-08-20 18:30:00,Dinner,345,68.31,5.52,0.0,0.0,322.92,F242,19.8,1.6,0.0,0.0,68.31,5.5200000000000005,0.0,322.92
LD00733,HM002,F375,D21,2026-08-21 06:30:00,Breakfast,245,60.515,2.45,0.0,0.0,264.11,F375,24.7,1.0,0.0,0.0,60.515,2.45,0.0,264.11
LD00734,HM002,F164,D21,2026-08-21 06:30:00,Breakfast,10,2.99,4.86,0.6,1.06,59.94,F164,29.9,48.6,6.0,10.6,2.99,4.86,1.06,59.940000000000005
LD00735,HM002,F137,D21,2026-08-21 06:30:00,Breakfast,40,2.88,0.52,4.6,28.52,130.28,F137,7.2,1.3,11.5,71.3,2.8800000000000003,0.52,28.52,130.28
LD00736,HM002,F151,D21,2026-08-21 09:30:00,Mid snack,30,2.37,0.18,1.5,5.94,34.86,F151,7.9,0.6,5.0,19.8,2.37,0.18,5.94,34.86
LD00737,HM002,F242,D21,2026-08-21 09:30:00,Mid snack,150,29.7,2.4,0.0,0.0,140.4,F242,19.8,1.6,0.0,0.0,29.700000000000003,2.4000000000000004,0.0,140.4
LD00738,HM002,F109,D21,2026-08-21 09:30:00,Mid snack,30,0.87,0.09,0.72,1.11,8.73,F109,2.9,0.3,2.4,3.7,0.87,0.09,1.11,8.73
LD00739,HM002,F155,D21,2026-08-21 13:00:00,Lunch,135,4.725,4.455,0.0,6.345,84.375,F155,3.5,3.3,0.0,4.7,4.7250000000000005,4.455,6.345000000000001,84.375
LD00740,HM002,F320,D21,2026-08-21 13:00:00,Lunch,500,4.5,1.0,6.0,20.5,109.0,F320,0.9,0.2,1.2,4.1,4.5,1.0,20.5,109.0
LD00741,HM002,F137,D21,2026-08-21 13:00:00,Lunch,60,4.32,0.78,6.9,42.78,195.42,F137,7.2,1.3,11.5,71.3,4.32,0.78,42.779999999999994,195.42000000000002
LD00742,HM002,F249,D21,2026-08-21 16:00:00,Evening Snack,125,2.5,0.25,4.0,9.75,51.25,F249,2.0,0.2,3.2,7.8,2.5,0.25,9.75,51.25
LD00743,HM002,F109,D21,2026-08-21 16:00:00,Evening Snack,20,0.58,0.06,0.48,0.74,5.82,F109,2.9,0.3,2.4,3.7,0.58,0.06,0.7400000000000001,5.819999999999999
LD00744,HM002,F141,D21,2026-08-21 16:00:00,Evening Snack,15,1.965,0.96,1.515,10.05,56.7,F141,13.1,6.4,10.1,67.0,1.9649999999999999,0.96,10.049999999999999,56.7
LD00745,HM002,F163,D21,2026-08-21 16:00:00,Evening Snack,5,0.875,2.46,0.59,1.16,30.28,F163,17.5,49.2,11.8,23.2,0.875,2.4600000000000004,1.16,30.28
LD00746,HM002,F133,D21,2026-08-21 16:00:00,Evening Snack,15,0.45,0.075,0.555,11.64,49.035,F133,3.0,0.5,3.7,77.6,0.44999999999999996,0.075,11.639999999999999,49.035
LD00747,HM002,F379,D21,2026-08-21 18:30:00,Dinner,500,12.5,2.0,16.5,37.0,216.0,F379,2.5,0.4,3.3,7.4,12.5,2.0,37.0,216.0
LD00748,HM002,F274,D21,2026-08-21 18:30:00,Dinner,30,4.32,0.6,3.66,22.86,114.12,F274,14.4,2.0,12.2,76.2,4.32,0.6,22.86,114.12
LD00749,HM002,F135,D21,2026-08-21 18:30:00,Dinner,50,1.35,0.15,0.2,13.95,62.55,F135,2.7,0.3,0.4,27.9,1.35,0.15,13.95,62.55
LD00750,HM002,F191,D21,2026-08-21 18:30:00,Dinner,10,0.26,0.1,0.54,1.42,7.62,F191,2.6,1.0,5.4,14.2,0.26,0.1,1.42,7.62
LD00751,HM002,F369,D22,2026-08-22 06:30:00,Breakfast,45,12.06,5.04,0.0,0.0,93.6,F369,26.8,11.2,0.0,0.0,12.06,5.04,0.0,93.6
LD00752,HM002,F218,D22,2026-08-22 06:30:00,Breakfast,30,2.49,0.18,1.5,6.24,36.54,F218,8.3,0.6,5.0,20.8,2.49,0.18,6.24,36.54
LD00753,HM002,F381,D22,2026-08-22 06:30:00,Breakfast,345,3.105,0.69,9.66,34.155,155.25,F381,0.9,0.2,2.8,9.9,3.1050000000000004,0.6900000000000001,34.155,155.25
LD00754,HM002,F014,D22,2026-08-22 09:30:00,Mid snack,95,6.84,0.95,4.845,19.0,111.91,F014,7.2,1.0,5.1,20.0,6.84,0.95,19.0,111.91
LD00755,HM002,F099,D22,2026-08-22 09:30:00,Mid snack,5,0.535,0.01,0.0,0.035,2.37,F099,10.7,0.2,0.0,0.7,0.535,0.010000000000000002,0.034999999999999996,2.37
LD00756,HM002,F108,D22,2026-08-22 13:00:00,Lunch,30,5.58,0.45,0.0,0.0,26.37,F108,18.6,1.5,0.0,0.0,5.58,0.44999999999999996,0.0,26.37
LD00757,HM002,F035,D22,2026-08-22 13:00:00,Lunch,50,12.5,8.5,0.0,0.0,126.5,F035,25.0,17.0,0.0,0.0,12.5,8.5,0.0,126.5
LD00758,HM002,F267,D22,2026-08-22 13:00:00,Lunch,25,0.8,0.125,0.925,20.6,86.725,F267,3.2,0.5,3.7,82.4,0.8,0.125,20.6,86.72500000000001
LD00759,HM002,F328,D22,2026-08-22 13:00:00,Lunch,125,2.25,1.625,5.0,24.5,121.625,F328,1.8,1.3,4.0,19.6,2.25,1.625,24.5,121.625
LD00760,HM002,F133,D22,2026-08-22 16:00:00,Evening Snack,15,0.45,0.075,0.555,11.64,49.035,F133,3.0,0.5,3.7,77.6,0.44999999999999996,0.075,11.639999999999999,49.035
LD00761,HM002,F325,D22,2026-08-22 16:00:00,Evening Snack,20,0.54,0.22,1.08,3.0,16.14,F325,2.7,1.1,5.4,15.0,0.54,0.22000000000000003,3.0,16.14
LD00762,HM002,F470,D22,2026-08-22 16:00:00,Evening Snack,50,1.35,0.15,0.2,14.1,63.15,F470,2.7,0.3,0.4,28.2,1.35,0.15,14.1,63.15
LD00763,HM002,F335,D22,2026-08-22 18:30:00,Dinner,45,0.405,0.27,1.935,4.815,23.31,F335,0.9,0.6,4.3,10.7,0.405,0.27,4.8149999999999995,23.310000000000002
LD00764,HM002,F195,D22,2026-08-22 18:30:00,Dinner,75,0.45,0.15,0.3,5.625,25.65,F195,0.6,0.2,0.4,7.5,0.44999999999999996,0.15000000000000002,5.625,25.650000000000002
LD00765,HM002,F229,D22,2026-08-22 18:30:00,Dinner,40,7.6,17.56,10.92,12.04,236.6,F229,19.0,43.9,27.3,30.1,7.6000000000000005,17.56,12.040000000000001,236.6
LD00766,HM003,F143,D01,2026-08-01 06:30:00,Breakfast,100,12.6,1.1,3.9,72.1,348.7,F143,12.6,1.1,3.9,72.1,12.6,1.1,72.1,348.69999999999993
LD00767,HM003,F106,D01,2026-08-01 06:30:00,Breakfast,95,26.98,0.95,0.0,0.0,116.47,F106,28.4,1.0,0.0,0.0,26.979999999999997,0.95,0.0,116.47
LD00768,HM003,F373,D01,2026-08-01 09:30:00,Mid snack,10,2.58,1.13,0.0,0.0,20.49,F373,25.8,11.3,0.0,0.0,2.58,1.1300000000000001,0.0,20.49
LD00769,HM003,F212,D01,2026-08-01 09:30:00,Mid snack,10,0.93,0.27,0.76,2.85,17.55,F212,9.3,2.7,7.6,28.5,0.9300000000000002,0.27,2.85,17.55
LD00770,HM003,F313,D01,2026-08-01 09:30:00,Mid snack,135,2.565,0.54,3.105,7.02,43.2,F313,1.9,0.4,2.3,5.2,2.565,0.54,7.0200000000000005,43.199999999999996
LD00771,HM003,F227,D01,2026-08-01 09:30:00,Mid snack,10,1.58,6.78,0.67,1.42,73.02,F227,15.8,67.8,6.7,14.2,1.58,6.78,1.42,73.02000000000001
LD00772,HM003,F279,D01,2026-08-01 13:00:00,Lunch,190,17.67,5.13,14.44,54.72,335.73,F279,9.3,2.7,7.6,28.8,17.67,5.13,54.72,335.73
LD00773,HM003,F036,D01,2026-08-01 13:00:00,Lunch,5,1.1,0.3,0.0,0.0,7.1,F036,22.0,6.0,0.0,0.0,1.1,0.30000000000000004,0.0,7.1
LD00774,HM003,F058,D01,2026-08-01 13:00:00,Lunch,225,2.025,0.225,5.4,26.55,116.325,F058,0.9,0.1,2.4,11.8,2.025,0.225,26.55,116.325
LD00775,HM003,F322,D01,2026-08-01 13:00:00,Lunch,115,1.38,0.115,1.955,11.27,51.635,F322,1.2,0.1,1.7,9.8,1.38,0.11499999999999999,11.27,51.63499999999999
LD00776,HM003,F296,D01,2026-08-01 16:00:00,Evening Snack,5,0.96,2.215,1.365,1.515,29.835,F296,19.2,44.3,27.3,30.3,0.96,2.215,1.5150000000000001,29.834999999999997
LD00777,HM003,F057,D01,2026-08-01 16:00:00,Evening Snack,5,0.13,0.05,0.27,0.715,3.83,F057,2.6,1.0,5.4,14.3,0.13,0.05,0.7150000000000001,3.83
LD00778,HM003,F254,D01,2026-08-01 16:00:00,Evening Snack,500,3.5,0.5,2.5,18.5,92.5,F254,0.7,0.1,0.5,3.7,3.5,0.5,18.5,92.5
LD00779,HM003,F338,D01,2026-08-01 16:00:00,Evening Snack,10,0.75,0.13,1.15,7.42,33.85,F338,7.5,1.3,11.5,74.2,0.75,0.13,7.420000000000001,33.85
LD00780,HM003,F361,D01,2026-08-01 18:30:00,Dinner,10,1.57,6.72,0.67,1.41,72.4,F361,15.7,67.2,6.7,14.1,1.57,6.720000000000001,1.4100000000000001,72.39999999999999
LD00781,HM003,F438,D01,2026-08-01 18:30:00,Dinner,75,16.8,4.575,0.0,0.0,108.375,F438,22.4,6.1,0.0,0.0,16.799999999999997,4.574999999999999,0.0,108.375
LD00782,HM003,F068,D01,2026-08-01 18:30:00,Dinner,220,5.72,0.66,0.88,60.72,271.7,F068,2.6,0.3,0.4,27.6,5.720000000000001,0.66,60.720000000000006,271.7
LD00783,HM003,F275,D02,2026-08-02 06:30:00,Breakfast,10,1.39,0.68,1.01,7.11,40.12,F275,13.9,6.8,10.1,71.1,1.3900000000000001,0.68,7.109999999999999,40.12
LD00784,HM003,F412,D02,2026-08-02 06:30:00,Breakfast,35,1.575,0.665,0.98,7.595,42.665,F412,4.5,1.9,2.8,21.7,1.575,0.6649999999999999,7.594999999999999,42.665
LD00785,HM003,F167,D02,2026-08-02 06:30:00,Breakfast,270,82.89,9.72,0.0,0.0,419.04,F167,30.7,3.6,0.0,0.0,82.89,9.72,0.0,419.04
LD00786,HM003,F218,D02,2026-08-02 06:30:00,Breakfast,5,0.415,0.03,0.25,1.04,6.09,F218,8.3,0.6,5.0,20.8,0.41500000000000004,0.03,1.04,6.09
LD00787,HM003,F298,D02,2026-08-02 09:30:00,Mid snack,10,3.17,5.16,0.6,1.12,63.6,F298,31.7,51.6,6.0,11.2,3.17,5.16,1.1199999999999999,63.599999999999994
LD00788,HM003,F309,D02,2026-08-02 09:30:00,Mid snack,135,26.865,2.16,0.0,0.0,126.9,F309,19.9,1.6,0.0,0.0,26.865,2.16,0.0,126.89999999999999
LD00789,HM003,F313,D02,2026-08-02 13:00:00,Lunch,150,2.85,0.6,3.45,7.8,48.0,F313,1.9,0.4,2.3,5.2,2.8499999999999996,0.6000000000000001,7.800000000000001,48.0
LD00790,HM003,F022,D02,2026-08-02 13:00:00,Lunch,500,16.0,16.5,0.0,24.0,308.5,F022,3.2,3.3,0.0,4.8,16.0,16.5,24.0,308.5
LD00791,HM003,F183,D02,2026-08-02 13:00:00,Lunch,90,0.9,0.18,2.7,5.31,26.46,F183,1.0,0.2,3.0,5.9,0.9,0.18000000000000002,5.3100000000000005,26.46
LD00792,HM003,F377,D02,2026-08-02 16:00:00,Evening Snack,230,7.13,0.69,5.52,8.97,70.61,F377,3.1,0.3,2.4,3.9,7.13,0.69,8.969999999999999,70.61
LD00793,HM003,F243,D02,2026-08-02 16:00:00,Evening Snack,70,2.17,0.21,1.68,2.8,21.77,F243,3.1,0.3,2.4,4.0,2.17,0.21,2.8,21.77
LD00794,HM003,F250,D02,2026-08-02 16:00:00,Evening Snack,270,2.7,0.54,8.1,16.74,82.62,F250,1.0,0.2,3.0,6.2,2.7,0.54,16.740000000000002,82.61999999999999
LD00795,HM003,F197,D02,2026-08-02 18:30:00,Dinner,345,1.725,0.345,4.83,44.85,189.405,F197,0.5,0.1,1.4,13.0,1.725,0.34500000000000003,44.85,189.405
LD00796,HM003,F378,D02,2026-08-02 18:30:00,Dinner,305,18.91,3.05,24.4,25.01,203.13,F378,6.2,1.0,8.0,8.2,18.91,3.05,25.009999999999998,203.13
LD00797,HM003,F127,D02,2026-08-02 18:30:00,Dinner,65,1.105,0.78,2.6,11.895,59.02,F127,1.7,1.2,4.0,18.3,1.105,0.78,11.895000000000001,59.02
LD00798,HM003,F187,D03,2026-08-03 06:30:00,Breakfast,500,3.5,0.5,2.5,18.0,90.5,F187,0.7,0.1,0.5,3.6,3.5,0.5,18.0,90.5
LD00799,HM003,F186,D03,2026-08-03 06:30:00,Breakfast,465,4.185,0.93,5.58,18.135,97.65,F186,0.9,0.2,1.2,3.9,4.1850000000000005,0.9300000000000002,18.135,97.65
LD00800,HM003,F366,D03,2026-08-03 13:00:00,Lunch,210,27.3,22.89,0.0,2.31,324.45,F366,13.0,10.9,0.0,1.1,27.3,22.89,2.3100000000000005,324.45
LD00801,HM003,F472,D03,2026-08-03 13:00:00,Lunch,35,2.555,0.455,4.025,25.2,115.115,F472,7.3,1.3,11.5,72.0,2.5549999999999997,0.45499999999999996,25.2,115.115
LD00802,HM003,F266,D03,2026-08-03 13:00:00,Lunch,5,0.095,0.01,0.335,3.9,16.07,F266,1.9,0.2,6.7,78.0,0.095,0.010000000000000002,3.9000000000000004,16.07
LD00803,HM003,F064,D03,2026-08-03 18:30:00,Dinner,75,0.525,0.15,0.675,13.575,57.75,F064,0.7,0.2,0.9,18.1,0.5249999999999999,0.15000000000000002,13.575000000000001,57.75
LD00804,HM003,F164,D03,2026-08-03 18:30:00,Dinner,5,1.495,2.43,0.3,0.53,29.97,F164,29.9,48.6,6.0,10.6,1.495,2.43,0.53,29.970000000000002
LD00805,HM003,F424,D03,2026-08-03 18:30:00,Dinner,450,14.85,15.3,0.0,22.05,285.3,F424,3.3,3.4,0.0,4.9,14.85,15.299999999999999,22.05,285.3
LD00806,HM003,F089,D04,2026-08-04 06:30:00,Breakfast,500,15.5,16.0,0.0,23.5,300.0,F089,3.1,3.2,0.0,4.7,15.5,16.0,23.5,300.0
LD00807,HM003,F218,D04,2026-08-04 06:30:00,Breakfast,55,4.565,0.33,2.75,11.44,66.99,F218,8.3,0.6,5.0,20.8,4.565,0.33,11.440000000000001,66.99
LD00808,HM003,F169,D04,2026-08-04 09:30:00,Mid snack,10,2.48,1.68,0.0,0.0,25.04,F169,24.8,16.8,0.0,0.0,2.4800000000000004,1.6800000000000002,0.0,25.04
LD00809,HM003,F168,D04,2026-08-04 09:30:00,Mid snack,35,8.995,3.78,0.0,0.0,70.0,F168,25.7,10.8,0.0,0.0,8.995,3.78,0.0,70.0
LD00810,HM003,F414,D04,2026-08-04 09:30:00,Mid snack,10,0.89,0.05,0.64,2.33,13.33,F414,8.9,0.5,6.4,23.3,0.8900000000000001,0.05,2.33,13.33
LD00811,HM003,F126,D04,2026-08-04 09:30:00,Mid snack,235,1.175,0.705,3.995,22.56,101.285,F126,0.5,0.3,1.7,9.6,1.175,0.705,22.56,101.285
LD00812,HM003,F149,D04,2026-08-04 13:00:00,Lunch,115,10.235,0.46,9.085,22.77,136.16,F149,8.9,0.4,7.9,19.8,10.235,0.45999999999999996,22.77,136.15999999999997
LD00813,HM003,F270,D04,2026-08-04 13:00:00,Lunch,90,2.43,0.81,1.62,21.78,104.13,F270,2.7,0.9,1.8,24.2,2.43,0.81,21.78,104.13000000000001
LD00814,HM003,F462,D04,2026-08-04 13:00:00,Lunch,20,0.34,0.24,0.8,3.82,18.8,F462,1.7,1.2,4.0,19.1,0.34,0.24,3.8200000000000003,18.8
LD00815,HM003,F388,D04,2026-08-04 13:00:00,Lunch,500,3.5,0.5,2.5,18.5,92.5,F388,0.7,0.1,0.5,3.7,3.5,0.5,18.5,92.5
LD00816,HM003,F473,D04,2026-08-04 16:00:00,Evening Snack,30,3.3,1.5,3.3,20.1,107.1,F473,11.0,5.0,11.0,67.0,3.3,1.5,20.099999999999998,107.10000000000001
LD00817,HM003,F115,D04,2026-08-04 16:00:00,Evening Snack,135,2.565,0.27,4.32,9.855,52.11,F115,1.9,0.2,3.2,7.3,2.565,0.27,9.855,52.11
LD00818,HM003,F244,D04,2026-08-04 16:00:00,Evening Snack,35,2.17,0.35,2.8,2.905,23.45,F244,6.2,1.0,8.0,8.3,2.17,0.35,2.9050000000000002,23.449999999999996
LD00819,HM003,F473,D04,2026-08-04 18:30:00,Dinner,75,8.25,3.75,8.25,50.25,267.75,F473,11.0,5.0,11.0,67.0,8.25,3.75,50.25,267.75
LD00820,HM003,F150,D04,2026-08-04 18:30:00,Dinner,90,7.11,1.35,6.3,19.62,119.07,F150,7.9,1.5,7.0,21.8,7.11,1.35,19.62,119.07000000000001
LD00821,HM003,F360,D04,2026-08-04 18:30:00,Dinner,5,0.935,2.255,0.165,1.555,30.255,F360,18.7,45.1,3.3,31.1,0.935,2.2550000000000003,1.5550000000000002,30.255
LD00822,HM003,F297,D04,2026-08-04 18:30:00,Dinner,15,2.79,7.83,1.77,3.69,96.39,F297,18.6,52.2,11.8,24.6,2.79,7.83,3.69,96.39
LD00823,HM003,F356,D05,2026-08-05 06:30:00,Breakfast,25,0.9,0.85,0.0,1.2,16.05,F356,3.6,3.4,0.0,4.8,0.9,0.85,1.2,16.05
LD00824,HM003,F059,D05,2026-08-05 06:30:00,Breakfast,500,2.5,1.5,8.5,49.0,219.5,F059,0.5,0.3,1.7,9.8,2.5,1.5,49.0,219.5
LD00825,HM003,F315,D05,2026-08-05 09:30:00,Mid snack,60,1.02,0.12,1.68,6.06,29.4,F315,1.7,0.2,2.8,10.1,1.02,0.12,6.06,29.4
LD00826,HM003,F038,D05,2026-08-05 09:30:00,Mid snack,40,10.0,4.4,0.0,0.0,79.6,F038,25.0,11.0,0.0,0.0,10.0,4.4,0.0,79.6
LD00827,HM003,F429,D05,2026-08-05 13:00:00,Lunch,5,0.84,1.565,1.72,2.145,26.025,F429,16.8,31.3,34.4,42.9,0.8400000000000001,1.5650000000000002,2.145,26.025
LD00828,HM003,F226,D05,2026-08-05 13:00:00,Lunch,50,9.45,22.8,1.65,15.7,305.8,F226,18.9,45.6,3.3,31.4,9.45,22.8,15.7,305.8
LD00829,HM003,F436,D05,2026-08-05 13:00:00,Lunch,5,1.325,0.555,0.0,0.0,10.295,F436,26.5,11.1,0.0,0.0,1.3250000000000002,0.555,0.0,10.295
LD00830,HM003,F360,D05,2026-08-05 16:00:00,Evening Snack,5,0.935,2.255,0.165,1.555,30.255,F360,18.7,45.1,3.3,31.1,0.935,2.2550000000000003,1.5550000000000002,30.255
LD00831,HM003,F459,D05,2026-08-05 16:00:00,Evening Snack,40,1.08,0.4,2.16,5.84,31.28,F459,2.7,1.0,5.4,14.6,1.08,0.4,5.84,31.28
LD00832,HM003,F382,D05,2026-08-05 16:00:00,Evening Snack,45,0.72,0.09,1.26,4.455,21.51,F382,1.6,0.2,2.8,9.9,0.7200000000000001,0.09000000000000001,4.455,21.509999999999998
LD00833,HM003,F306,D05,2026-08-05 16:00:00,Evening Snack,15,3.93,1.74,0.0,0.0,31.38,F306,26.2,11.6,0.0,0.0,3.9299999999999997,1.74,0.0,31.380000000000003
LD00834,HM003,F059,D05,2026-08-05 18:30:00,Dinner,110,0.55,0.33,1.87,10.78,48.29,F059,0.5,0.3,1.7,9.8,0.55,0.33,10.780000000000001,48.29
LD00835,HM003,F425,D05,2026-08-05 18:30:00,Dinner,20,5.26,10.04,1.7,3.28,124.52,F425,26.3,50.2,8.5,16.4,5.260000000000001,10.040000000000001,3.28,124.51999999999998
LD00836,HM003,F085,D05,2026-08-05 18:30:00,Dinner,50,8.15,4.4,3.0,4.85,91.6,F085,16.3,8.8,6.0,9.7,8.15,4.4,4.85,91.6
LD00837,HM003,F336,D06,2026-08-06 06:30:00,Breakfast,160,4.48,0.48,0.64,46.4,207.84,F336,2.8,0.3,0.4,29.0,4.4799999999999995,0.48,46.400000000000006,207.83999999999997
LD00838,HM003,F282,D06,2026-08-06 06:30:00,Breakfast,180,13.68,1.98,9.18,37.8,223.74,F282,7.6,1.1,5.1,21.0,13.68,1.9800000000000002,37.800000000000004,223.73999999999998
LD00839,HM003,F437,D06,2026-08-06 09:30:00,Mid snack,20,5.1,3.46,0.0,0.0,51.54,F437,25.5,17.3,0.0,0.0,5.1000000000000005,3.4600000000000004,0.0,51.54
LD00840,HM003,F254,D06,2026-08-06 09:30:00,Mid snack,50,0.35,0.05,0.25,1.85,9.25,F254,0.7,0.1,0.5,3.7,0.35,0.05,1.85,9.25
LD00841,HM003,F035,D06,2026-08-06 09:30:00,Mid snack,45,11.25,7.65,0.0,0.0,113.85,F035,25.0,17.0,0.0,0.0,11.25,7.65,0.0,113.85000000000001
LD00842,HM003,F498,D06,2026-08-06 13:00:00,Lunch,55,9.735,27.335,6.49,12.87,336.435,F498,17.7,49.7,11.8,23.4,9.735000000000001,27.335000000000004,12.870000000000001,336.435
LD00843,HM003,F219,D06,2026-08-06 13:00:00,Lunch,85,14.705,7.99,5.1,8.755,165.75,F219,17.3,9.4,6.0,10.3,14.705,7.99,8.755,165.75
LD00844,HM003,F271,D06,2026-08-06 13:00:00,Lunch,5,0.385,0.07,0.575,3.78,17.29,F271,7.7,1.4,11.5,75.6,0.385,0.06999999999999999,3.78,17.29
LD00845,HM003,F403,D06,2026-08-06 16:00:00,Evening Snack,70,1.96,0.21,0.28,20.16,90.37,F403,2.8,0.3,0.4,28.8,1.9599999999999997,0.21,20.16,90.37
LD00846,HM003,F243,D06,2026-08-06 16:00:00,Evening Snack,240,7.44,0.72,5.76,9.6,74.64,F243,3.1,0.3,2.4,4.0,7.4399999999999995,0.72,9.6,74.64
LD00847,HM003,F123,D06,2026-08-06 18:30:00,Dinner,260,2.86,0.78,6.76,57.98,250.38,F123,1.1,0.3,2.6,22.3,2.8600000000000003,0.78,57.980000000000004,250.38
LD00848,HM003,F079,D06,2026-08-06 18:30:00,Dinner,130,11.05,0.65,8.32,28.99,166.01,F079,8.5,0.5,6.4,22.3,11.05,0.65,28.990000000000002,166.01
LD00849,HM003,F380,D07,2026-08-07 06:30:00,Breakfast,245,4.655,0.98,5.635,12.74,78.4,F380,1.9,0.4,2.3,5.2,4.655,0.9800000000000001,12.740000000000002,78.4
LD00850,HM003,F106,D07,2026-08-07 06:30:00,Breakfast,285,80.94,2.85,0.0,0.0,349.41,F106,28.4,1.0,0.0,0.0,80.94,2.85,0.0,349.40999999999997
LD00851,HM003,F457,D07,2026-08-07 06:30:00,Breakfast,500,16.0,1.5,5.0,17.0,145.5,F457,3.2,0.3,1.0,3.4,16.0,1.5,17.0,145.5
LD00852,HM003,F194,D07,2026-08-07 06:30:00,Breakfast,175,2.975,2.1,7.0,32.375,160.3,F194,1.7,1.2,4.0,18.5,2.975,2.1,32.375,160.3
LD00853,HM003,F032,D07,2026-08-07 09:30:00,Mid snack,130,14.17,0.26,0.0,0.91,62.66,F032,10.9,0.2,0.0,0.7,14.170000000000002,0.26,0.9099999999999999,62.66
LD00854,HM003,F290,D07,2026-08-07 09:30:00,Mid snack,45,1.53,1.575,0.0,2.25,29.295,F290,3.4,3.5,0.0,5.0,1.53,1.575,2.25,29.295
LD00855,HM003,F051,D07,2026-08-07 09:30:00,Mid snack,325,3.25,0.65,9.1,13.0,70.85,F051,1.0,0.2,2.8,4.0,3.25,0.65,13.0,70.85
LD00856,HM003,F180,D07,2026-08-07 09:30:00,Mid snack,10,0.09,0.02,0.28,0.95,4.34,F180,0.9,0.2,2.8,9.5,0.09000000000000001,0.020000000000000004,0.9500000000000001,4.34
LD00857,HM003,F153,D07,2026-08-07 09:30:00,Mid snack,40,3.16,1.92,0.12,0.76,32.96,F153,7.9,4.8,0.3,1.9,3.16,1.92,0.76,32.96
LD00858,HM003,F301,D07,2026-08-07 09:30:00,Mid snack,55,17.93,2.09,0.0,0.0,90.53,F301,32.6,3.8,0.0,0.0,17.930000000000003,2.09,0.0,90.53
LD00859,HM003,F077,D07,2026-08-07 13:00:00,Lunch,70,3.01,1.33,1.96,14.63,82.53,F077,4.3,1.9,2.8,20.9,3.01,1.3299999999999998,14.629999999999997,82.53
LD00860,HM003,F415,D07,2026-08-07 13:00:00,Lunch,150,10.65,0.6,11.4,29.4,165.6,F415,7.1,0.4,7.6,19.6,10.649999999999999,0.6000000000000001,29.400000000000002,165.6
LD00861,HM003,F005,D07,2026-08-07 13:00:00,Lunch,75,7.8,2.325,4.95,54.45,269.925,F005,10.4,3.1,6.6,72.6,7.800000000000001,2.325,54.449999999999996,269.925
LD00862,HM003,F444,D07,2026-08-07 13:00:00,Lunch,500,15.5,1.5,12.0,19.5,153.5,F444,3.1,0.3,2.4,3.9,15.5,1.5,19.5,153.5
LD00863,HM003,F209,D07,2026-08-07 13:00:00,Lunch,10,0.73,0.1,0.1,8.01,35.86,F209,7.3,1.0,1.0,80.1,0.73,0.1,8.01,35.86
LD00864,HM003,F256,D07,2026-08-07 13:00:00,Lunch,105,3.36,0.315,1.05,3.57,30.555,F256,3.2,0.3,1.0,3.4,3.3600000000000003,0.315,3.57,30.555
LD00865,HM003,F196,D07,2026-08-07 16:00:00,Evening Snack,60,0.48,0.24,0.96,8.88,39.6,F196,0.8,0.4,1.6,14.8,0.48,0.24,8.88,39.60000000000001
LD00866,HM003,F226,D07,2026-08-07 16:00:00,Evening Snack,10,1.89,4.56,0.33,3.14,61.16,F226,18.9,45.6,3.3,31.4,1.89,4.5600000000000005,3.14,61.16
LD00867,HM003,F006,D07,2026-08-07 16:00:00,Evening Snack,20,2.74,0.38,2.44,14.52,72.46,F006,13.7,1.9,12.2,72.6,2.74,0.38,14.52,72.46
LD00868,HM003,F126,D07,2026-08-07 16:00:00,Evening Snack,320,1.6,0.96,5.44,30.72,137.92,F126,0.5,0.3,1.7,9.6,1.6,0.96,30.72,137.92000000000002
LD00869,HM003,F270,D07,2026-08-07 18:30:00,Dinner,130,3.51,1.17,2.34,31.46,150.41,F270,2.7,0.9,1.8,24.2,3.5100000000000002,1.1700000000000002,31.46,150.41
LD00870,HM003,F498,D07,2026-08-07 18:30:00,Dinner,75,13.275,37.275,8.85,17.55,458.775,F498,17.7,49.7,11.8,23.4,13.274999999999999,37.275000000000006,17.549999999999997,458.775
LD00871,HM003,F203,D07,2026-08-07 18:30:00,Dinner,110,2.97,0.99,1.98,26.29,125.95,F203,2.7,0.9,1.8,23.9,2.9700000000000006,0.9900000000000001,26.29,125.94999999999999
LD00872,HM003,F072,D08,2026-08-08 06:30:00,Breakfast,40,4.08,1.2,2.64,28.44,140.88,F072,10.2,3.0,6.6,71.1,4.08,1.2000000000000002,28.439999999999998,140.88000000000002
LD00873,HM003,F075,D08,2026-08-08 06:30:00,Breakfast,55,3.795,0.55,0.55,41.525,186.23,F075,6.9,1.0,1.0,75.5,3.7950000000000004,0.55,41.525000000000006,186.23
LD00874,HM003,F071,D08,2026-08-08 06:30:00,Breakfast,20,2.16,0.98,2.2,13.14,70.02,F071,10.8,4.9,11.0,65.7,2.16,0.9800000000000001,13.14,70.02000000000001
LD00875,HM003,F275,D08,2026-08-08 06:30:00,Breakfast,5,0.695,0.34,0.505,3.555,20.06,F275,13.9,6.8,10.1,71.1,0.6950000000000001,0.34,3.5549999999999997,20.06
LD00876,HM003,F276,D08,2026-08-08 13:00:00,Lunch,15,1.11,0.165,0.15,12.135,54.465,F276,7.4,1.1,1.0,80.9,1.11,0.165,12.135,54.464999999999996
LD00877,HM003,F106,D08,2026-08-08 13:00:00,Lunch,55,15.62,0.55,0.0,0.0,67.43,F106,28.4,1.0,0.0,0.0,15.620000000000001,0.55,0.0,67.42999999999999
LD00878,HM003,F239,D08,2026-08-08 13:00:00,Lunch,65,16.9,7.41,0.0,0.0,134.29,F239,26.0,11.4,0.0,0.0,16.900000000000002,7.41,0.0,134.29
LD00879,HM003,F042,D08,2026-08-08 13:00:00,Lunch,500,15.0,1.5,12.0,19.0,149.5,F042,3.0,0.3,2.4,3.8,15.0,1.5,19.0,149.5
LD00880,HM003,F145,D08,2026-08-08 18:30:00,Dinner,45,3.96,1.17,3.42,12.195,75.15,F145,8.8,2.6,7.6,27.1,3.9600000000000004,1.1700000000000002,12.195,75.15
LD00881,HM003,F365,D08,2026-08-08 18:30:00,Dinner,20,6.22,10.12,1.2,2.2,124.76,F365,31.1,50.6,6.0,11.0,6.220000000000001,10.120000000000001,2.2,124.75999999999999
LD00882,HM003,F388,D08,2026-08-08 18:30:00,Dinner,190,1.33,0.19,0.95,7.03,35.15,F388,0.7,0.1,0.5,3.7,1.3299999999999998,0.19,7.03,35.15
LD00883,HM003,F366,D08,2026-08-08 18:30:00,Dinner,115,14.95,12.535,0.0,1.265,177.675,F366,13.0,10.9,0.0,1.1,14.95,12.535,1.265,177.675
LD00884,HM003,F481,D09,2026-08-09 06:30:00,Breakfast,150,13.05,0.75,9.6,34.2,195.75,F481,8.7,0.5,6.4,22.8,13.049999999999999,0.75,34.2,195.75
LD00885,HM003,F088,D09,2026-08-09 06:30:00,Breakfast,320,10.88,10.24,0.0,14.72,194.56,F088,3.4,3.2,0.0,4.6,10.88,10.240000000000002,14.719999999999999,194.56
LD00886,HM003,F326,D09,2026-08-09 06:30:00,Breakfast,160,1.44,0.16,3.84,19.84,86.56,F326,0.9,0.1,2.4,12.4,1.4400000000000002,0.16000000000000003,19.840000000000003,86.56
LD00887,HM003,F278,D09,2026-08-09 09:30:00,Mid snack,40,1.84,0.8,1.12,8.96,50.4,F278,4.6,2.0,2.8,22.4,1.8399999999999999,0.8,8.959999999999999,50.400000000000006
LD00888,HM003,F459,D09,2026-08-09 09:30:00,Mid snack,90,2.43,0.9,4.86,13.14,70.38,F459,2.7,1.0,5.4,14.6,2.43,0.9,13.14,70.38
LD00889,HM003,F026,D09,2026-08-09 09:30:00,Mid snack,10,1.52,6.52,0.67,1.37,70.24,F026,15.2,65.2,6.7,13.7,1.52,6.5200000000000005,1.37,70.24
LD00890,HM003,F416,D09,2026-08-09 09:30:00,Mid snack,10,0.73,0.1,0.51,2.04,11.98,F416,7.3,1.0,5.1,20.4,0.73,0.1,2.04,11.98
LD00891,HM003,F194,D09,2026-08-09 13:00:00,Lunch,90,1.53,1.08,3.6,16.65,82.44,F194,1.7,1.2,4.0,18.5,1.53,1.08,16.650000000000002,82.44
LD00892,HM003,F046,D09,2026-08-09 13:00:00,Lunch,500,4.5,1.0,14.0,48.0,219.0,F046,0.9,0.2,2.8,9.6,4.5,1.0,48.0,219.0
LD00893,HM003,F313,D09,2026-08-09 13:00:00,Lunch,140,2.66,0.56,3.22,7.28,44.8,F313,1.9,0.4,2.3,5.2,2.6599999999999997,0.5599999999999999,7.279999999999999,44.800000000000004
LD00894,HM003,F402,D09,2026-08-09 13:00:00,Lunch,260,2.34,1.56,11.18,27.3,132.6,F402,0.9,0.6,4.3,10.5,2.3400000000000003,1.56,27.3,132.6
LD00895,HM003,F192,D09,2026-08-09 16:00:00,Evening Snack,60,0.54,0.06,1.44,7.02,30.78,F192,0.9,0.1,2.4,11.7,0.54,0.06,7.02,30.779999999999998
LD00896,HM003,F327,D09,2026-08-09 16:00:00,Evening Snack,30,0.15,0.09,0.51,3.09,13.77,F327,0.5,0.3,1.7,10.3,0.15,0.09,3.0900000000000003,13.77
LD00897,HM003,F049,D09,2026-08-09 16:00:00,Evening Snack,295,2.95,0.59,8.85,17.7,87.91,F049,1.0,0.2,3.0,6.0,2.95,0.5900000000000001,17.700000000000003,87.91
LD00898,HM003,F339,D09,2026-08-09 16:00:00,Evening Snack,10,1.13,0.52,1.1,6.9,36.8,F339,11.3,5.2,11.0,69.0,1.1300000000000001,0.52,6.9,36.800000000000004
LD00899,HM003,F224,D09,2026-08-09 18:30:00,Dinner,60,16.08,30.72,5.1,10.02,380.88,F224,26.8,51.2,8.5,16.7,16.08,30.72,10.02,380.88
LD00900,HM003,F305,D09,2026-08-09 18:30:00,Dinner,15,3.15,0.78,0.0,0.0,19.62,F305,21.0,5.2,0.0,0.0,3.15,0.78,0.0,19.62
LD00901,HM003,F459,D09,2026-08-09 18:30:00,Dinner,50,1.35,0.5,2.7,7.3,39.1,F459,2.7,1.0,5.4,14.6,1.35,0.5,7.3,39.1
LD00902,HM003,F445,D09,2026-08-09 18:30:00,Dinner,80,4.88,0.8,6.4,6.56,52.96,F445,6.1,1.0,8.0,8.2,4.88,0.8,6.56,52.96
LD00903,HM003,F173,D10,2026-08-10 06:30:00,Breakfast,210,60.27,2.1,0.0,0.0,259.98,F173,28.7,1.0,0.0,0.0,60.27,2.1,0.0,259.98
LD00904,HM003,F098,D10,2026-08-10 06:30:00,Breakfast,30,3.69,3.12,0.0,0.33,44.16,F098,12.3,10.4,0.0,1.1,3.69,3.12,0.33,44.16
LD00905,HM003,F344,D10,2026-08-10 06:30:00,Breakfast,15,1.965,0.165,0.585,11.25,54.345,F344,13.1,1.1,3.9,75.0,1.9649999999999999,0.165,11.25,54.345
LD00906,HM003,F299,D10,2026-08-10 06:30:00,Breakfast,100,13.2,11.1,0.0,1.2,157.5,F299,13.2,11.1,0.0,1.2,13.2,11.1,1.2,157.5
LD00907,HM003,F163,D10,2026-08-10 09:30:00,Mid snack,15,2.625,7.38,1.77,3.48,90.84,F163,17.5,49.2,11.8,23.2,2.625,7.38,3.48,90.84
LD00908,HM003,F491,D10,2026-08-10 09:30:00,Mid snack,30,0.96,0.99,0.0,1.44,18.51,F491,3.2,3.3,0.0,4.8,0.96,0.9899999999999999,1.44,18.509999999999998
LD00909,HM003,F230,D10,2026-08-10 09:30:00,Mid snack,5,0.92,2.585,0.59,1.215,31.805,F230,18.4,51.7,11.8,24.3,0.9199999999999999,2.5850000000000004,1.215,31.805
LD00910,HM003,F459,D10,2026-08-10 09:30:00,Mid snack,80,2.16,0.8,4.32,11.68,62.56,F459,2.7,1.0,5.4,14.6,2.16,0.8,11.68,62.56
LD00911,HM003,F306,D10,2026-08-10 13:00:00,Lunch,210,55.02,24.36,0.0,0.0,439.32,F306,26.2,11.6,0.0,0.0,55.02,24.36,0.0,439.32000000000005
LD00912,HM003,F495,D10,2026-08-10 13:00:00,Lunch,25,3.8,16.3,1.675,3.425,175.6,F495,15.2,65.2,6.7,13.7,3.8,16.3,3.425,175.60000000000002
LD00913,HM003,F381,D10,2026-08-10 16:00:00,Evening Snack,35,0.315,0.07,0.98,3.465,15.75,F381,0.9,0.2,2.8,9.9,0.315,0.06999999999999999,3.465,15.75
LD00914,HM003,F465,D10,2026-08-10 16:00:00,Evening Snack,185,0.925,0.185,2.59,24.79,104.525,F465,0.5,0.1,1.4,13.4,0.925,0.18500000000000003,24.790000000000003,104.525
LD00915,HM003,F072,D10,2026-08-10 16:00:00,Evening Snack,15,1.53,0.45,0.99,10.665,52.83,F072,10.2,3.0,6.6,71.1,1.5299999999999998,0.44999999999999996,10.665,52.82999999999999
LD00916,HM003,F410,D10,2026-08-10 16:00:00,Evening Snack,5,0.355,0.05,0.05,3.925,17.57,F410,7.1,1.0,1.0,78.5,0.355,0.05,3.9250000000000003,17.569999999999997
LD00917,HM003,F442,D10,2026-08-10 18:30:00,Dinner,120,29.4,1.2,0.0,0.0,128.4,F442,24.5,1.0,0.0,0.0,29.4,1.2,0.0,128.4
LD00918,HM003,F124,D10,2026-08-10 18:30:00,Dinner,435,10.875,4.35,23.49,60.9,326.25,F124,2.5,1.0,5.4,14.0,10.875,4.35,60.89999999999999,326.25
LD00919,HM003,F079,D11,2026-08-11 06:30:00,Breakfast,70,5.95,0.35,4.48,15.61,89.39,F079,8.5,0.5,6.4,22.3,5.949999999999999,0.35,15.61,89.39
LD00920,HM003,F073,D11,2026-08-11 06:30:00,Breakfast,100,13.4,1.9,12.2,71.1,355.1,F073,13.4,1.9,12.2,71.1,13.4,1.9,71.1,355.1
LD00921,HM003,F220,D11,2026-08-11 09:30:00,Mid snack,90,7.47,4.5,0.27,1.8,77.58,F220,8.3,5.0,0.3,2.0,7.470000000000001,4.5,1.8,77.58
LD00922,HM003,F026,D11,2026-08-11 09:30:00,Mid snack,5,0.76,3.26,0.335,0.685,35.12,F026,15.2,65.2,6.7,13.7,0.76,3.2600000000000002,0.685,35.12
LD00923,HM003,F453,D11,2026-08-11 09:30:00,Mid snack,355,3.55,0.71,9.94,14.555,78.81,F453,1.0,0.2,2.8,4.1,3.55,0.71,14.554999999999998,78.81
LD00924,HM003,F291,D11,2026-08-11 13:00:00,Lunch,15,4.065,7.755,1.275,2.535,96.195,F291,27.1,51.7,8.5,16.9,4.065,7.755,2.5349999999999997,96.19500000000001
LD00925,HM003,F435,D11,2026-08-11 13:00:00,Lunch,25,7.9,0.925,0.0,0.0,39.925,F435,31.6,3.7,0.0,0.0,7.9,0.925,0.0,39.925000000000004
LD00926,HM003,F179,D11,2026-08-11 13:00:00,Lunch,500,9.0,2.0,11.5,25.0,154.0,F179,1.8,0.4,2.3,5.0,9.0,2.0,25.0,154.0
LD00927,HM003,F446,D11,2026-08-11 16:00:00,Evening Snack,230,5.52,0.92,7.59,16.79,97.52,F446,2.4,0.4,3.3,7.3,5.52,0.9199999999999999,16.79,97.52
LD00928,HM003,F112,D11,2026-08-11 16:00:00,Evening Snack,220,3.96,0.88,5.06,10.78,66.88,F112,1.8,0.4,2.3,4.9,3.9600000000000004,0.8800000000000001,10.780000000000001,66.88
LD00929,HM003,F477,D11,2026-08-11 18:30:00,Dinner,25,1.75,0.25,0.25,19.25,86.25,F477,7.0,1.0,1.0,77.0,1.75,0.25,19.25,86.25
LD00930,HM003,F128,D11,2026-08-11 18:30:00,Dinner,375,2.25,0.75,1.5,27.75,126.75,F128,0.6,0.2,0.4,7.4,2.25,0.75,27.75,126.75
LD00931,HM003,F205,D11,2026-08-11 18:30:00,Dinner,60,6.84,3.12,6.6,41.82,222.72,F205,11.4,5.2,11.0,69.7,6.84,3.12,41.82,222.72
LD00932,HM003,F233,D11,2026-08-11 18:30:00,Dinner,60,6.78,0.12,0.0,0.42,29.88,F233,11.3,0.2,0.0,0.7,6.78,0.12,0.42,29.880000000000003
LD00933,HM003,F309,D12,2026-08-12 06:30:00,Breakfast,290,57.71,4.64,0.0,0.0,272.6,F309,19.9,1.6,0.0,0.0,57.709999999999994,4.64,0.0,272.6
LD00934,HM003,F109,D12,2026-08-12 06:30:00,Breakfast,195,5.655,0.585,4.68,7.215,56.745,F109,2.9,0.3,2.4,3.7,5.654999999999999,0.585,7.215,56.745000000000005
LD00935,HM003,F409,D12,2026-08-12 06:30:00,Breakfast,15,2.025,0.99,1.515,10.365,58.47,F409,13.5,6.6,10.1,69.1,2.025,0.9899999999999999,10.364999999999998,58.47
LD00936,HM003,F105,D12,2026-08-12 13:00:00,Lunch,25,6.125,2.7,0.0,0.0,48.8,F105,24.5,10.8,0.0,0.0,6.125,2.7,0.0,48.8
LD00937,HM003,F310,D12,2026-08-12 13:00:00,Lunch,500,16.0,1.5,12.0,20.0,157.5,F310,3.2,0.3,2.4,4.0,16.0,1.5,20.0,157.5
LD00938,HM003,F067,D12,2026-08-12 16:00:00,Evening Snack,125,1.125,0.75,5.375,12.75,62.25,F067,0.9,0.6,4.3,10.2,1.125,0.75,12.75,62.25
LD00939,HM003,F317,D12,2026-08-12 16:00:00,Evening Snack,5,0.055,0.01,0.15,0.315,1.57,F317,1.1,0.2,3.0,6.3,0.05500000000000001,0.010000000000000002,0.315,1.57
LD00940,HM003,F276,D12,2026-08-12 16:00:00,Evening Snack,15,1.11,0.165,0.15,12.135,54.465,F276,7.4,1.1,1.0,80.9,1.11,0.165,12.135,54.464999999999996
LD00941,HM003,F318,D12,2026-08-12 16:00:00,Evening Snack,205,1.23,0.205,2.46,7.38,36.285,F318,0.6,0.1,1.2,3.6,1.2299999999999998,0.205,7.38,36.285
LD00942,HM003,F293,D12,2026-08-12 18:30:00,Dinner,35,6.685,16.1,1.155,11.095,216.02,F293,19.1,46.0,3.3,31.7,6.6850000000000005,16.099999999999998,11.094999999999999,216.02
LD00943,HM003,F253,D12,2026-08-12 18:30:00,Dinner,500,4.5,1.0,6.0,20.5,109.0,F253,0.9,0.2,1.2,4.1,4.5,1.0,20.5,109.0
LD00944,HM003,F055,D13,2026-08-13 06:30:00,Breakfast,165,5.115,0.495,1.65,5.445,46.695,F055,3.1,0.3,1.0,3.3,5.115,0.49499999999999994,5.444999999999999,46.695
LD00945,HM003,F289,D13,2026-08-13 06:30:00,Breakfast,65,2.405,2.275,0.0,3.185,42.835,F289,3.7,3.5,0.0,4.9,2.4050000000000002,2.275,3.1850000000000005,42.834999999999994
LD00946,HM003,F059,D13,2026-08-13 06:30:00,Breakfast,380,1.9,1.14,6.46,37.24,166.82,F059,0.5,0.3,1.7,9.8,1.9,1.14,37.24,166.82
LD00947,HM003,F241,D13,2026-08-13 09:30:00,Mid snack,10,2.5,0.1,0.0,0.0,10.9,F241,25.0,1.0,0.0,0.0,2.5,0.1,0.0,10.9
LD00948,HM003,F469,D13,2026-08-13 09:30:00,Mid snack,60,0.54,0.36,2.58,6.24,30.36,F469,0.9,0.6,4.3,10.4,0.54,0.36,6.24,30.36
LD00949,HM003,F328,D13,2026-08-13 09:30:00,Mid snack,25,0.45,0.325,1.0,4.9,24.325,F328,1.8,1.3,4.0,19.6,0.45,0.325,4.9,24.325000000000003
LD00950,HM003,F193,D13,2026-08-13 09:30:00,Mid snack,75,0.375,0.225,1.275,7.275,32.625,F193,0.5,0.3,1.7,9.7,0.375,0.22499999999999998,7.2749999999999995,32.625
LD00951,HM003,F247,D13,2026-08-13 13:00:00,Lunch,420,3.78,0.84,11.76,42.0,190.68,F247,0.9,0.2,2.8,10.0,3.7800000000000002,0.8400000000000001,42.0,190.68
LD00952,HM003,F145,D13,2026-08-13 13:00:00,Lunch,65,5.72,1.69,4.94,17.615,108.55,F145,8.8,2.6,7.6,27.1,5.720000000000001,1.6900000000000002,17.615000000000002,108.54999999999998
LD00953,HM003,F391,D13,2026-08-13 18:30:00,Dinner,120,1.32,0.36,3.12,28.2,121.32,F391,1.1,0.3,2.6,23.5,1.32,0.36,28.2,121.32
LD00954,HM003,F028,D13,2026-08-13 18:30:00,Dinner,25,4.575,10.55,6.825,7.225,142.15,F028,18.3,42.2,27.3,28.9,4.575,10.55,7.225,142.15
LD00955,HM003,F276,D14,2026-08-14 06:30:00,Breakfast,55,4.07,0.605,0.55,44.495,199.705,F276,7.4,1.1,1.0,80.9,4.07,0.6050000000000001,44.495000000000005,199.70499999999998
LD00956,HM003,F309,D14,2026-08-14 06:30:00,Breakfast,155,30.845,2.48,0.0,0.0,145.7,F309,19.9,1.6,0.0,0.0,30.845,2.4800000000000004,0.0,145.7
LD00957,HM003,F211,D14,2026-08-14 13:00:00,Lunch,90,4.14,1.8,2.52,19.98,112.68,F211,4.6,2.0,2.8,22.2,4.14,1.8,19.98,112.68
LD00958,HM003,F478,D14,2026-08-14 13:00:00,Lunch,70,8.89,0.77,2.73,50.96,246.33,F478,12.7,1.1,3.9,72.8,8.889999999999999,0.77,50.959999999999994,246.33
LD00959,HM003,F285,D14,2026-08-14 13:00:00,Lunch,25,2.1,0.15,1.25,5.25,30.75,F285,8.4,0.6,5.0,21.0,2.1,0.15,5.25,30.75
LD00960,HM003,F358,D14,2026-08-14 16:00:00,Evening Snack,15,3.99,7.605,1.275,2.49,94.365,F358,26.6,50.7,8.5,16.6,3.99,7.605,2.49,94.36500000000001
LD00961,HM003,F045,D14,2026-08-14 16:00:00,Evening Snack,15,0.27,0.06,0.345,0.75,4.62,F045,1.8,0.4,2.3,5.0,0.27,0.06,0.75,4.62
LD00962,HM003,F455,D14,2026-08-14 16:00:00,Evening Snack,50,0.35,0.05,0.25,1.85,9.25,F455,0.7,0.1,0.5,3.7,0.35,0.05,1.85,9.25
LD00963,HM003,F195,D14,2026-08-14 16:00:00,Evening Snack,80,0.48,0.16,0.32,6.0,27.36,F195,0.6,0.2,0.4,7.5,0.48,0.16000000000000003,6.0,27.360000000000003
LD00964,HM003,F161,D14,2026-08-14 18:30:00,Dinner,35,5.705,10.64,12.04,14.595,176.96,F161,16.3,30.4,34.4,41.7,5.705,10.639999999999999,14.595,176.96
LD00965,HM003,F356,D14,2026-08-14 18:30:00,Dinner,170,6.12,5.78,0.0,8.16,109.14,F356,3.6,3.4,0.0,4.8,6.12,5.779999999999999,8.16,109.14000000000001
LD00966,HM003,F225,D14,2026-08-14 18:30:00,Dinner,5,1.1,2.595,0.625,1.13,32.275,F225,22.0,51.9,12.5,22.6,1.1,2.595,1.1300000000000001,32.275
LD00967,HM003,F168,D15,2026-08-15 06:30:00,Breakfast,120,30.84,12.96,0.0,0.0,240.0,F168,25.7,10.8,0.0,0.0,30.839999999999996,12.96,0.0,240.0
LD00968,HM003,F043,D15,2026-08-15 06:30:00,Breakfast,170,10.2,1.7,13.6,13.6,110.5,F043,6.0,1.0,8.0,8.0,10.2,1.7,13.6,110.49999999999999
LD00969,HM003,F471,D15,2026-08-15 06:30:00,Breakfast,140,3.64,1.26,2.52,32.2,154.7,F471,2.6,0.9,1.8,23.0,3.6399999999999997,1.26,32.199999999999996,154.70000000000002
LD00970,HM003,F437,D15,2026-08-15 09:30:00,Mid snack,20,5.1,3.46,0.0,0.0,51.54,F437,25.5,17.3,0.0,0.0,5.1000000000000005,3.4600000000000004,0.0,51.54
LD00971,HM003,F122,D15,2026-08-15 09:30:00,Mid snack,140,4.2,0.42,1.4,4.48,38.5,F122,3.0,0.3,1.0,3.2,4.199999999999999,0.42,4.4799999999999995,38.5
LD00972,HM003,F171,D15,2026-08-15 09:30:00,Mid snack,40,7.92,2.0,0.0,0.0,49.68,F171,19.8,5.0,0.0,0.0,7.920000000000001,2.0,0.0,49.68
LD00973,HM003,F294,D15,2026-08-15 09:30:00,Mid snack,10,1.6,6.85,0.67,1.44,73.81,F294,16.0,68.5,6.7,14.4,1.6,6.8500000000000005,1.4400000000000002,73.81
LD00974,HM003,F268,D15,2026-08-15 13:00:00,Lunch,500,4.5,3.0,21.5,53.0,257.0,F268,0.9,0.6,4.3,10.6,4.5,3.0,53.0,257.0
LD00975,HM003,F015,D15,2026-08-15 13:00:00,Lunch,210,18.9,0.84,16.59,42.0,251.16,F015,9.0,0.4,7.9,20.0,18.900000000000002,0.8400000000000001,42.0,251.16
LD00976,HM003,F090,D15,2026-08-15 16:00:00,Evening Snack,20,5.06,9.64,1.7,3.16,119.64,F090,25.3,48.2,8.5,15.8,5.0600000000000005,9.64,3.16,119.64
LD00977,HM003,F342,D15,2026-08-15 16:00:00,Evening Snack,20,2.72,1.34,2.02,13.94,78.7,F342,13.6,6.7,10.1,69.7,2.72,1.34,13.940000000000001,78.7
LD00978,HM003,F257,D15,2026-08-15 18:30:00,Dinner,330,3.63,0.99,8.58,78.21,336.27,F257,1.1,0.3,2.6,23.7,3.63,0.9899999999999999,78.21,336.27
LD00979,HM003,F133,D15,2026-08-15 18:30:00,Dinner,10,0.3,0.05,0.37,7.76,32.69,F133,3.0,0.5,3.7,77.6,0.30000000000000004,0.05,7.76,32.690000000000005
LD00980,HM003,F388,D15,2026-08-15 18:30:00,Dinner,500,3.5,0.5,2.5,18.5,92.5,F388,0.7,0.1,0.5,3.7,3.5,0.5,18.5,92.5
LD00981,HM003,F421,D15,2026-08-15 18:30:00,Dinner,30,2.46,1.47,0.09,0.57,25.35,F421,8.2,4.9,0.3,1.9,2.4599999999999995,1.47,0.57,25.35
LD00982,HM003,F199,D16,2026-08-16 06:30:00,Breakfast,50,0.9,0.1,3.35,37.1,152.9,F199,1.8,0.2,6.7,74.2,0.9,0.1,37.1,152.9
LD00983,HM003,F367,D16,2026-08-16 06:30:00,Breakfast,120,13.44,0.24,0.0,0.84,59.28,F367,11.2,0.2,0.0,0.7,13.44,0.24,0.84,59.28
LD00984,HM003,F285,D16,2026-08-16 06:30:00,Breakfast,55,4.62,0.33,2.75,11.55,67.65,F285,8.4,0.6,5.0,21.0,4.620000000000001,0.33,11.55,67.65
LD00985,HM003,F374,D16,2026-08-16 09:30:00,Mid snack,15,4.485,0.15,0.0,0.0,19.29,F374,29.9,1.0,0.0,0.0,4.484999999999999,0.15,0.0,19.290000000000003
LD00986,HM003,F116,D16,2026-08-16 09:30:00,Mid snack,155,1.55,0.31,4.65,9.145,45.57,F116,1.0,0.2,3.0,5.9,1.55,0.31000000000000005,9.145000000000001,45.57
LD00987,HM003,F371,D16,2026-08-16 09:30:00,Mid snack,30,6.81,1.86,0.0,0.0,43.98,F371,22.7,6.2,0.0,0.0,6.81,1.8599999999999999,0.0,43.980000000000004
LD00988,HM003,F019,D16,2026-08-16 13:00:00,Lunch,260,20.8,12.48,0.78,4.94,215.28,F019,8.0,4.8,0.3,1.9,20.8,12.48,4.9399999999999995,215.28000000000003
LD00989,HM003,F382,D16,2026-08-16 13:00:00,Lunch,255,4.08,0.51,7.14,25.245,121.89,F382,1.6,0.2,2.8,9.9,4.08,0.51,25.244999999999997,121.89000000000001
LD00990,HM003,F002,D16,2026-08-16 13:00:00,Lunch,5,0.13,0.045,0.09,1.15,5.525,F002,2.6,0.9,1.8,23.0,0.13,0.045000000000000005,1.1500000000000001,5.5249999999999995
LD00991,HM003,F119,D16,2026-08-16 16:00:00,Evening Snack,255,2.295,0.51,3.06,9.69,52.53,F119,0.9,0.2,1.2,3.8,2.295,0.51,9.69,52.53
LD00992,HM003,F159,D16,2026-08-16 16:00:00,Evening Snack,5,0.9,2.17,0.165,1.495,29.11,F159,18.0,43.4,3.3,29.9,0.9,2.17,1.495,29.11
LD00993,HM003,F117,D16,2026-08-16 16:00:00,Evening Snack,310,1.86,0.31,3.72,10.23,51.15,F117,0.6,0.1,1.2,3.3,1.8599999999999999,0.31000000000000005,10.23,51.15
LD00994,HM003,F077,D16,2026-08-16 18:30:00,Dinner,140,6.02,2.66,3.92,29.26,165.06,F077,4.3,1.9,2.8,20.9,6.02,2.6599999999999997,29.259999999999994,165.06
LD00995,HM003,F231,D16,2026-08-16 18:30:00,Dinner,20,6.28,10.22,1.2,2.22,125.98,F231,31.4,51.1,6.0,11.1,6.28,10.22,2.22,125.98
LD00996,HM003,F171,D17,2026-08-17 06:30:00,Breakfast,5,0.99,0.25,0.0,0.0,6.21,F171,19.8,5.0,0.0,0.0,0.9900000000000001,0.25,0.0,6.21
LD00997,HM003,F189,D17,2026-08-17 06:30:00,Breakfast,500,15.5,1.5,5.0,16.5,141.5,F189,3.1,0.3,1.0,3.3,15.5,1.5,16.5,141.5
LD00998,HM003,F286,D17,2026-08-17 06:30:00,Breakfast,95,16.53,9.025,5.7,9.88,186.865,F286,17.4,9.5,6.0,10.4,16.529999999999998,9.025,9.879999999999999,186.865
LD00999,HM003,F456,D17,2026-08-17 06:30:00,Breakfast,30,0.33,0.03,0.51,2.85,12.99,F456,1.1,0.1,1.7,9.5,0.33,0.03,2.85,12.99
LD01000,HM003,F174,D17,2026-08-17 06:30:00,Breakfast,180,42.84,1.8,0.0,0.0,187.56,F174,23.8,1.0,0.0,0.0,42.84,1.8,0.0,187.56
LD01001,HM003,F173,D17,2026-08-17 06:30:00,Breakfast,10,2.87,0.1,0.0,0.0,12.38,F173,28.7,1.0,0.0,0.0,2.87,0.1,0.0,12.38
LD01002,HM003,F348,D17,2026-08-17 09:30:00,Mid snack,130,9.36,0.52,9.88,25.74,145.08,F348,7.2,0.4,7.6,19.8,9.360000000000001,0.52,25.740000000000002,145.07999999999998
LD01003,HM003,F246,D17,2026-08-17 09:30:00,Mid snack,70,1.33,0.28,1.61,3.64,22.4,F246,1.9,0.4,2.3,5.2,1.3299999999999998,0.27999999999999997,3.6399999999999997,22.400000000000002
LD01004,HM003,F431,D17,2026-08-17 09:30:00,Mid snack,10,1.81,5.07,1.18,2.39,62.43,F431,18.1,50.7,11.8,23.9,1.8100000000000003,5.07,2.39,62.43000000000001
LD01005,HM003,F389,D17,2026-08-17 09:30:00,Mid snack,50,0.55,0.05,0.85,4.8,21.85,F389,1.1,0.1,1.7,9.6,0.55,0.05,4.8,21.849999999999998
LD01006,HM003,F028,D17,2026-08-17 09:30:00,Mid snack,5,0.915,2.11,1.365,1.445,28.43,F028,18.3,42.2,27.3,28.9,0.915,2.1100000000000003,1.445,28.43
LD01007,HM003,F051,D17,2026-08-17 09:30:00,Mid snack,40,0.4,0.08,1.12,1.6,8.72,F051,1.0,0.2,2.8,4.0,0.4,0.08000000000000002,1.6,8.72
LD01008,HM003,F150,D17,2026-08-17 13:00:00,Lunch,110,8.69,1.65,7.7,23.98,145.53,F150,7.9,1.5,7.0,21.8,8.690000000000001,1.6500000000000001,23.980000000000004,145.53
LD01009,HM003,F334,D17,2026-08-17 13:00:00,Lunch,5,0.165,0.025,0.185,4.16,17.525,F334,3.3,0.5,3.7,83.2,0.165,0.025,4.16,17.525000000000002
LD01010,HM003,F037,D17,2026-08-17 13:00:00,Lunch,165,33.0,8.25,0.0,0.0,206.25,F037,20.0,5.0,0.0,0.0,33.0,8.25,0.0,206.25
LD01011,HM003,F403,D17,2026-08-17 13:00:00,Lunch,50,1.4,0.15,0.2,14.4,64.55,F403,2.8,0.3,0.4,28.8,1.4,0.15,14.4,64.55
LD01012,HM003,F293,D17,2026-08-17 13:00:00,Lunch,30,5.73,13.8,0.99,9.51,185.16,F293,19.1,46.0,3.3,31.7,5.73,13.799999999999999,9.51,185.16
LD01013,HM003,F461,D17,2026-08-17 13:00:00,Lunch,500,2.5,1.5,8.5,50.0,223.5,F461,0.5,0.3,1.7,10.0,2.5,1.5,50.0,223.5
LD01014,HM003,F445,D17,2026-08-17 16:00:00,Evening Snack,35,2.135,0.35,2.8,2.87,23.17,F445,6.1,1.0,8.0,8.2,2.135,0.35,2.8699999999999997,23.169999999999998
LD01015,HM003,F380,D17,2026-08-17 16:00:00,Evening Snack,25,0.475,0.1,0.575,1.3,8.0,F380,1.9,0.4,2.3,5.2,0.475,0.1,1.3,8.0
LD01016,HM003,F121,D17,2026-08-17 16:00:00,Evening Snack,500,5.5,0.5,8.5,45.5,208.5,F121,1.1,0.1,1.7,9.1,5.5,0.5,45.5,208.5
LD01017,HM003,F014,D17,2026-08-17 18:30:00,Dinner,290,20.88,2.9,14.79,58.0,341.62,F014,7.2,1.0,5.1,20.0,20.88,2.9,58.0,341.62
LD01018,HM003,F249,D17,2026-08-17 18:30:00,Dinner,405,8.1,0.81,12.96,31.59,166.05,F249,2.0,0.2,3.2,7.8,8.1,0.81,31.589999999999996,166.04999999999998
LD01019,HM003,F074,D17,2026-08-17 18:30:00,Dinner,45,5.805,2.88,4.545,29.835,168.48,F074,12.9,6.4,10.1,66.3,5.805000000000001,2.8800000000000003,29.835,168.48
LD01020,HM003,F443,D18,2026-08-18 06:30:00,Breakfast,90,17.46,1.35,0.0,0.0,81.99,F443,19.4,1.5,0.0,0.0,17.46,1.35,0.0,81.99000000000001
LD01021,HM003,F101,D18,2026-08-18 06:30:00,Breakfast,50,12.75,5.35,0.0,0.0,99.15,F101,25.5,10.7,0.0,0.0,12.75,5.35,0.0,99.15
LD01022,HM003,F457,D18,2026-08-18 06:30:00,Breakfast,50,1.6,0.15,0.5,1.7,14.55,F457,3.2,0.3,1.0,3.4,1.6,0.15,1.7,14.549999999999999
LD01023,HM003,F489,D18,2026-08-18 06:30:00,Breakfast,45,8.235,9.36,0.0,1.125,121.68,F489,18.3,20.8,0.0,2.5,8.235000000000001,9.360000000000001,1.125,121.67999999999999
LD01024,HM003,F372,D18,2026-08-18 13:00:00,Lunch,30,6.18,1.56,0.0,0.0,38.76,F372,20.6,5.2,0.0,0.0,6.180000000000001,1.56,0.0,38.76
LD01025,HM003,F471,D18,2026-08-18 13:00:00,Lunch,80,2.08,0.72,1.44,18.4,88.4,F471,2.6,0.9,1.8,23.0,2.08,0.7200000000000001,18.400000000000002,88.39999999999999
LD01026,HM003,F233,D18,2026-08-18 13:00:00,Lunch,200,22.6,0.4,0.0,1.4,99.6,F233,11.3,0.2,0.0,0.7,22.6,0.4,1.4,99.6
LD01027,HM003,F084,D18,2026-08-18 13:00:00,Lunch,120,9.36,0.72,6.0,23.52,138.0,F084,7.8,0.6,5.0,19.6,9.36,0.72,23.52,137.99999999999997
LD01028,HM003,F049,D18,2026-08-18 18:30:00,Dinner,395,3.95,0.79,11.85,23.7,117.71,F049,1.0,0.2,3.0,6.0,3.95,0.79,23.700000000000003,117.71
LD01029,HM003,F125,D18,2026-08-18 18:30:00,Dinner,310,2.79,0.31,7.44,35.96,157.79,F125,0.9,0.1,2.4,11.6,2.79,0.31000000000000005,35.96,157.79
LD01030,HM003,F179,D19,2026-08-19 06:30:00,Breakfast,80,1.44,0.32,1.84,4.0,24.64,F179,1.8,0.4,2.3,5.0,1.4400000000000002,0.32000000000000006,4.0,24.639999999999997
LD01031,HM003,F235,D19,2026-08-19 06:30:00,Breakfast,40,10.8,4.52,0.0,0.0,83.88,F235,27.0,11.3,0.0,0.0,10.8,4.5200000000000005,0.0,83.88
LD01032,HM003,F231,D19,2026-08-19 06:30:00,Breakfast,40,12.56,20.44,2.4,4.44,251.96,F231,31.4,51.1,6.0,11.1,12.56,20.44,4.44,251.96
LD01033,HM003,F445,D19,2026-08-19 09:30:00,Mid snack,125,7.625,1.25,10.0,10.25,82.75,F445,6.1,1.0,8.0,8.2,7.625,1.25,10.25,82.75
LD01034,HM003,F392,D19,2026-08-19 09:30:00,Mid snack,10,0.27,0.1,0.54,1.47,7.86,F392,2.7,1.0,5.4,14.7,0.27,0.1,1.47,7.86
LD01035,HM003,F021,D19,2026-08-19 09:30:00,Mid snack,50,1.75,1.65,0.0,2.35,31.25,F021,3.5,3.3,0.0,4.7,1.75,1.65,2.35,31.25
LD01036,HM003,F435,D19,2026-08-19 13:00:00,Lunch,220,69.52,8.14,0.0,0.0,351.34,F435,31.6,3.7,0.0,0.0,69.52000000000001,8.14,0.0,351.34
LD01037,HM003,F233,D19,2026-08-19 13:00:00,Lunch,165,18.645,0.33,0.0,1.155,82.17,F233,11.3,0.2,0.0,0.7,18.645,0.33,1.1549999999999998,82.17
LD01038,HM003,F210,D19,2026-08-19 16:00:00,Evening Snack,15,1.98,0.165,0.585,11.355,54.825,F210,13.2,1.1,3.9,75.7,1.9799999999999998,0.165,11.355,54.825
LD01039,HM003,F446,D19,2026-08-19 16:00:00,Evening Snack,170,4.08,0.68,5.61,12.41,72.08,F446,2.4,0.4,3.3,7.3,4.08,0.68,12.41,72.08000000000001
LD01040,HM003,F225,D19,2026-08-19 18:30:00,Dinner,50,11.0,25.95,6.25,11.3,322.75,F225,22.0,51.9,12.5,22.6,11.0,25.95,11.3,322.75
LD01041,HM003,F287,D19,2026-08-19 18:30:00,Dinner,20,1.68,1.0,0.06,0.4,17.32,F287,8.4,5.0,0.3,2.0,1.6800000000000002,1.0,0.4,17.32
LD01042,HM003,F072,D20,2026-08-20 06:30:00,Breakfast,35,3.57,1.05,2.31,24.885,123.27,F072,10.2,3.0,6.6,71.1,3.5699999999999994,1.0499999999999998,24.884999999999998,123.27000000000001
LD01043,HM003,F460,D20,2026-08-20 06:30:00,Breakfast,120,1.08,0.12,2.88,14.4,63.0,F460,0.9,0.1,2.4,12.0,1.08,0.12,14.399999999999999,63.0
LD01044,HM003,F140,D20,2026-08-20 06:30:00,Breakfast,20,2.72,0.38,2.44,14.38,71.82,F140,13.6,1.9,12.2,71.9,2.72,0.38,14.380000000000003,71.82000000000001
LD01045,HM003,F403,D20,2026-08-20 06:30:00,Breakfast,15,0.42,0.045,0.06,4.32,19.365,F403,2.8,0.3,0.4,28.8,0.42,0.045,4.32,19.365000000000002
LD01046,HM003,F456,D20,2026-08-20 13:00:00,Lunch,85,0.935,0.085,1.445,8.075,36.805,F456,1.1,0.1,1.7,9.5,0.935,0.085,8.075,36.805
LD01047,HM003,F105,D20,2026-08-20 13:00:00,Lunch,160,39.2,17.28,0.0,0.0,312.32,F105,24.5,10.8,0.0,0.0,39.2,17.28,0.0,312.32000000000005
LD01048,HM003,F383,D20,2026-08-20 16:00:00,Evening Snack,245,4.9,0.49,7.84,18.865,99.47,F383,2.0,0.2,3.2,7.7,4.9,0.49000000000000005,18.865000000000002,99.47
LD01049,HM003,F327,D20,2026-08-20 16:00:00,Evening Snack,10,0.05,0.03,0.17,1.03,4.59,F327,0.5,0.3,1.7,10.3,0.05,0.03,1.03,4.59
LD01050,HM003,F160,D20,2026-08-20 18:30:00,Dinner,10,1.5,6.45,0.67,1.36,69.49,F160,15.0,64.5,6.7,13.6,1.5,6.45,1.36,69.49000000000001
LD01051,HM003,F013,D20,2026-08-20 18:30:00,Dinner,15,1.05,0.06,1.14,2.88,16.26,F013,7.0,0.4,7.6,19.2,1.05,0.06,2.88,16.259999999999998
LD01052,HM003,F179,D20,2026-08-20 18:30:00,Dinner,500,9.0,2.0,11.5,25.0,154.0,F179,1.8,0.4,2.3,5.0,9.0,2.0,25.0,154.0
LD01053,HM003,F302,D21,2026-08-21 06:30:00,Breakfast,20,5.46,2.28,0.0,0.0,42.36,F302,27.3,11.4,0.0,0.0,5.460000000000001,2.2800000000000002,0.0,42.36
LD01054,HM003,F414,D21,2026-08-21 06:30:00,Breakfast,145,12.905,0.725,9.28,33.785,193.285,F414,8.9,0.5,6.4,23.3,12.905,0.725,33.785,193.285
LD01055,HM003,F095,D21,2026-08-21 06:30:00,Breakfast,10,1.79,4.14,2.73,2.83,55.74,F095,17.9,41.4,27.3,28.3,1.79,4.14,2.83,55.739999999999995
LD01056,HM003,F156,D21,2026-08-21 06:30:00,Breakfast,260,8.32,8.58,0.0,12.48,160.42,F156,3.2,3.3,0.0,4.8,8.32,8.58,12.48,160.42000000000002
LD01057,HM003,F088,D21,2026-08-21 06:30:00,Breakfast,210,7.14,6.72,0.0,9.66,127.68,F088,3.4,3.2,0.0,4.6,7.14,6.720000000000001,9.66,127.68
LD01058,HM003,F022,D21,2026-08-21 06:30:00,Breakfast,230,7.36,7.59,0.0,11.04,141.91,F022,3.2,3.3,0.0,4.8,7.359999999999999,7.589999999999999,11.04,141.91
LD01059,HM003,F379,D21,2026-08-21 09:30:00,Mid snack,115,2.875,0.46,3.795,8.51,49.68,F379,2.5,0.4,3.3,7.4,2.875,0.45999999999999996,8.51,49.68
LD01060,HM003,F107,D21,2026-08-21 09:30:00,Mid snack,15,3.525,0.15,0.0,0.0,15.45,F107,23.5,1.0,0.0,0.0,3.525,0.15,0.0,15.45
LD01061,HM003,F035,D21,2026-08-21 09:30:00,Mid snack,5,1.25,0.85,0.0,0.0,12.65,F035,25.0,17.0,0.0,0.0,1.25,0.8500000000000001,0.0,12.649999999999999
LD01062,HM003,F170,D21,2026-08-21 09:30:00,Mid snack,15,3.27,0.885,0.0,0.0,21.045,F170,21.8,5.9,0.0,0.0,3.27,0.885,0.0,21.045
LD01063,HM003,F110,D21,2026-08-21 09:30:00,Mid snack,240,14.16,2.4,19.2,18.72,153.12,F110,5.9,1.0,8.0,7.8,14.16,2.4,18.72,153.11999999999998
LD01064,HM003,F082,D21,2026-08-21 13:00:00,Lunch,85,7.48,0.34,6.715,16.66,99.62,F082,8.8,0.4,7.9,19.6,7.48,0.34,16.66,99.62
LD01065,HM003,F333,D21,2026-08-21 13:00:00,Lunch,10,0.19,0.02,0.67,7.88,32.46,F333,1.9,0.2,6.7,78.8,0.19,0.020000000000000004,7.88,32.46
LD01066,HM003,F407,D21,2026-08-21 13:00:00,Lunch,30,3.18,0.96,1.98,22.23,110.28,F407,10.6,3.2,6.6,74.1,3.1799999999999997,0.96,22.229999999999997,110.28
LD01067,HM003,F107,D21,2026-08-21 13:00:00,Lunch,375,88.125,3.75,0.0,0.0,386.25,F107,23.5,1.0,0.0,0.0,88.125,3.75,0.0,386.25
LD01068,HM003,F475,D21,2026-08-21 13:00:00,Lunch,15,2.055,0.285,1.83,10.89,54.345,F475,13.7,1.9,12.2,72.6,2.0549999999999997,0.285,10.889999999999999,54.345
LD01069,HM003,F175,D21,2026-08-21 13:00:00,Lunch,220,41.36,3.3,0.0,0.0,195.14,F175,18.8,1.5,0.0,0.0,41.36000000000001,3.3000000000000003,0.0,195.14
LD01070,HM003,F466,D21,2026-08-21 16:00:00,Evening Snack,50,0.35,0.1,0.45,9.25,39.3,F466,0.7,0.2,0.9,18.5,0.35,0.1,9.25,39.3
LD01071,HM003,F399,D21,2026-08-21 16:00:00,Evening Snack,180,1.26,0.36,1.62,33.48,142.2,F399,0.7,0.2,0.9,18.6,1.26,0.36000000000000004,33.480000000000004,142.2
LD01072,HM003,F314,D21,2026-08-21 16:00:00,Evening Snack,90,0.81,0.18,2.52,9.09,41.22,F314,0.9,0.2,2.8,10.1,0.81,0.18000000000000002,9.09,41.22
LD01073,HM003,F141,D21,2026-08-21 16:00:00,Evening Snack,15,1.965,0.96,1.515,10.05,56.7,F141,13.1,6.4,10.1,67.0,1.9649999999999999,0.96,10.049999999999999,56.7
LD01074,HM003,F252,D21,2026-08-21 16:00:00,Evening Snack,15,0.15,0.03,0.42,0.63,3.39,F252,1.0,0.2,2.8,4.2,0.15,0.03,0.63,3.39
LD01075,HM003,F163,D21,2026-08-21 16:00:00,Evening Snack,5,0.875,2.46,0.59,1.16,30.28,F163,17.5,49.2,11.8,23.2,0.875,2.4600000000000004,1.16,30.28
LD01076,HM003,F358,D21,2026-08-21 18:30:00,Dinner,30,7.98,15.21,2.55,4.98,188.73,F358,26.6,50.7,8.5,16.6,7.98,15.21,4.98,188.73000000000002
LD01077,HM003,F382,D21,2026-08-21 18:30:00,Dinner,45,0.72,0.09,1.26,4.455,21.51,F382,1.6,0.2,2.8,9.9,0.7200000000000001,0.09000000000000001,4.455,21.509999999999998
LD01078,HM003,F118,D21,2026-08-21 18:30:00,Dinner,500,5.0,1.0,14.0,19.5,107.0,F118,1.0,0.2,2.8,3.9,5.0,1.0,19.5,107.0
LD01079,HM003,F005,D22,2026-08-22 06:30:00,Breakfast,25,2.6,0.775,1.65,18.15,89.975,F005,10.4,3.1,6.6,72.6,2.6,0.775,18.15,89.975
LD01080,HM003,F468,D22,2026-08-22 06:30:00,Breakfast,50,1.6,0.25,1.85,40.4,170.25,F468,3.2,0.5,3.7,80.8,1.6,0.25,40.4,170.25
LD01081,HM003,F357,D22,2026-08-22 06:30:00,Breakfast,320,10.56,10.88,0.0,15.68,202.88,F357,3.3,3.4,0.0,4.9,10.56,10.88,15.680000000000001,202.88
LD01082,HM003,F290,D22,2026-08-22 06:30:00,Breakfast,270,9.18,9.45,0.0,13.5,175.77,F290,3.4,3.5,0.0,5.0,9.18,9.450000000000001,13.5,175.76999999999998
LD01083,HM003,F038,D22,2026-08-22 09:30:00,Mid snack,20,5.0,2.2,0.0,0.0,39.8,F038,25.0,11.0,0.0,0.0,5.0,2.2,0.0,39.8
LD01084,HM003,F285,D22,2026-08-22 09:30:00,Mid snack,5,0.42,0.03,0.25,1.05,6.15,F285,8.4,0.6,5.0,21.0,0.42000000000000004,0.03,1.05,6.15
LD01085,HM003,F048,D22,2026-08-22 09:30:00,Mid snack,200,3.8,0.4,6.4,15.0,78.8,F048,1.9,0.2,3.2,7.5,3.8,0.4,15.0,78.8
LD01086,HM003,F043,D22,2026-08-22 09:30:00,Mid snack,65,3.9,0.65,5.2,5.2,42.25,F043,6.0,1.0,8.0,8.0,3.9000000000000004,0.65,5.2,42.25
LD01087,HM003,F350,D22,2026-08-22 09:30:00,Mid snack,15,1.395,0.06,1.185,3.09,18.48,F350,9.3,0.4,7.9,20.6,1.395,0.06,3.0900000000000003,18.479999999999997
LD01088,HM003,F367,D22,2026-08-22 09:30:00,Mid snack,100,11.2,0.2,0.0,0.7,49.4,F367,11.2,0.2,0.0,0.7,11.2,0.2,0.7,49.39999999999999
LD01089,HM003,F363,D22,2026-08-22 13:00:00,Lunch,5,0.94,2.175,1.365,1.49,29.295,F363,18.8,43.5,27.3,29.8,0.9400000000000001,2.1750000000000003,1.4900000000000002,29.294999999999998
LD01090,HM003,F297,D22,2026-08-22 13:00:00,Lunch,5,0.93,2.61,0.59,1.23,32.13,F297,18.6,52.2,11.8,24.6,0.9300000000000002,2.6100000000000003,1.2300000000000002,32.129999999999995
LD01091,HM003,F157,D22,2026-08-22 13:00:00,Lunch,10,2.55,4.87,0.85,1.59,60.39,F157,25.5,48.7,8.5,15.9,2.5500000000000003,4.870000000000001,1.59,60.39
LD01092,HM003,F397,D22,2026-08-22 13:00:00,Lunch,250,2.0,1.0,4.0,38.75,172.0,F397,0.8,0.4,1.6,15.5,2.0,1.0,38.75,172.0
LD01093,HM003,F208,D22,2026-08-22 13:00:00,Lunch,95,13.015,6.46,9.595,66.88,377.72,F208,13.7,6.8,10.1,70.4,13.014999999999999,6.46,66.88,377.71999999999997
LD01094,HM003,F172,D22,2026-08-22 13:00:00,Lunch,40,9.92,4.36,0.0,0.0,78.92,F172,24.8,10.9,0.0,0.0,9.920000000000002,4.36,0.0,78.92
LD01095,HM003,F161,D22,2026-08-22 16:00:00,Evening Snack,20,3.26,6.08,6.88,8.34,101.12,F161,16.3,30.4,34.4,41.7,3.2600000000000002,6.08,8.340000000000002,101.12
LD01096,HM003,F203,D22,2026-08-22 16:00:00,Evening Snack,5,0.135,0.045,0.09,1.195,5.725,F203,2.7,0.9,1.8,23.9,0.135,0.045000000000000005,1.195,5.7250000000000005
LD01097,HM003,F270,D22,2026-08-22 16:00:00,Evening Snack,25,0.675,0.225,0.45,6.05,28.925,F270,2.7,0.9,1.8,24.2,0.675,0.225,6.05,28.924999999999997
LD01098,HM003,F399,D22,2026-08-22 16:00:00,Evening Snack,55,0.385,0.11,0.495,10.23,43.45,F399,0.7,0.2,0.9,18.6,0.385,0.11000000000000001,10.230000000000002,43.45
LD01099,HM003,F293,D22,2026-08-22 16:00:00,Evening Snack,5,0.955,2.3,0.165,1.585,30.86,F293,19.1,46.0,3.3,31.7,0.9550000000000001,2.3000000000000003,1.585,30.86
LD01100,HM003,F446,D22,2026-08-22 16:00:00,Evening Snack,95,2.28,0.38,3.135,6.935,40.28,F446,2.4,0.4,3.3,7.3,2.28,0.38,6.935,40.28
LD01101,HM003,F200,D22,2026-08-22 18:30:00,Dinner,40,1.24,0.2,1.48,31.36,132.2,F200,3.1,0.5,3.7,78.4,1.2400000000000002,0.2,31.360000000000003,132.20000000000002
LD01102,HM003,F222,D22,2026-08-22 18:30:00,Dinner,305,10.98,10.37,0.0,14.945,197.03,F222,3.6,3.4,0.0,4.9,10.98,10.37,14.945,197.03
LD01103,HM003,F175,D22,2026-08-22 18:30:00,Dinner,345,64.86,5.175,0.0,0.0,306.015,F175,18.8,1.5,0.0,0.0,64.86,5.175000000000001,0.0,306.015
LD01104,HM004,F437,D01,2026-08-01 06:30:00,Breakfast,50,12.75,8.65,0.0,0.0,128.85,F437,25.5,17.3,0.0,0.0,12.75,8.65,0.0,128.85000000000002
LD01105,HM004,F450,D01,2026-08-01 06:30:00,Breakfast,305,5.795,0.61,9.76,23.485,122.61,F450,1.9,0.2,3.2,7.7,5.794999999999999,0.61,23.485,122.61
LD01106,HM004,F202,D01,2026-08-01 06:30:00,Breakfast,10,0.28,0.03,0.04,2.93,13.11,F202,2.8,0.3,0.4,29.3,0.27999999999999997,0.03,2.93,13.11
LD01107,HM004,F376,D01,2026-08-01 09:30:00,Mid snack,65,12.74,0.975,0.0,0.0,59.735,F376,19.6,1.5,0.0,0.0,12.740000000000002,0.9750000000000001,0.0,59.735
LD01108,HM004,F279,D01,2026-08-01 09:30:00,Mid snack,15,1.395,0.405,1.14,4.32,26.505,F279,9.3,2.7,7.6,28.8,1.395,0.405,4.32,26.505
LD01109,HM004,F462,D01,2026-08-01 09:30:00,Mid snack,10,0.17,0.12,0.4,1.91,9.4,F462,1.7,1.2,4.0,19.1,0.17,0.12,1.9100000000000001,9.4
LD01110,HM004,F110,D01,2026-08-01 09:30:00,Mid snack,25,1.475,0.25,2.0,1.95,15.95,F110,5.9,1.0,8.0,7.8,1.475,0.25,1.95,15.95
LD01111,HM004,F068,D01,2026-08-01 13:00:00,Lunch,15,0.39,0.045,0.06,4.14,18.525,F068,2.6,0.3,0.4,27.6,0.39,0.045,4.14,18.525
LD01112,HM004,F397,D01,2026-08-01 13:00:00,Lunch,260,2.08,1.04,4.16,40.3,178.88,F397,0.8,0.4,1.6,15.5,2.08,1.04,40.300000000000004,178.88
LD01113,HM004,F230,D01,2026-08-01 13:00:00,Lunch,10,1.84,5.17,1.18,2.43,63.61,F230,18.4,51.7,11.8,24.3,1.8399999999999999,5.170000000000001,2.43,63.61
LD01114,HM004,F446,D01,2026-08-01 13:00:00,Lunch,165,3.96,0.66,5.445,12.045,69.96,F446,2.4,0.4,3.3,7.3,3.9599999999999995,0.66,12.045,69.96
LD01115,HM004,F265,D01,2026-08-01 16:00:00,Evening Snack,25,0.175,0.05,0.225,4.7,19.95,F265,0.7,0.2,0.9,18.8,0.175,0.05,4.7,19.95
LD01116,HM004,F134,D01,2026-08-01 16:00:00,Evening Snack,35,0.315,0.21,1.505,3.5,17.15,F134,0.9,0.6,4.3,10.0,0.315,0.21,3.5,17.15
LD01117,HM004,F062,D01,2026-08-01 16:00:00,Evening Snack,65,0.52,0.26,1.04,9.75,43.42,F062,0.8,0.4,1.6,15.0,0.52,0.26,9.75,43.42
LD01118,HM004,F311,D01,2026-08-01 16:00:00,Evening Snack,30,1.89,0.33,2.4,2.52,20.61,F311,6.3,1.1,8.0,8.4,1.89,0.33,2.52,20.61
LD01119,HM004,F108,D01,2026-08-01 18:30:00,Dinner,5,0.93,0.075,0.0,0.0,4.395,F108,18.6,1.5,0.0,0.0,0.9300000000000002,0.07500000000000001,0.0,4.3950000000000005
LD01120,HM004,F211,D01,2026-08-01 18:30:00,Dinner,145,6.67,2.9,4.06,32.19,181.54,F211,4.6,2.0,2.8,22.2,6.669999999999999,2.9,32.19,181.54
LD01121,HM004,F258,D01,2026-08-01 18:30:00,Dinner,60,1.62,0.6,3.24,8.94,47.64,F258,2.7,1.0,5.4,14.9,1.62,0.6,8.94,47.63999999999999
LD01122,HM004,F248,D01,2026-08-01 18:30:00,Dinner,55,0.935,0.11,1.54,5.5,26.73,F248,1.7,0.2,2.8,10.0,0.935,0.11000000000000001,5.5,26.73
LD01123,HM004,F499,D02,2026-08-02 06:30:00,Breakfast,30,9.06,14.73,1.8,3.21,181.65,F499,30.2,49.1,6.0,10.7,9.059999999999999,14.73,3.2099999999999995,181.64999999999998
LD01124,HM004,F310,D02,2026-08-02 06:30:00,Breakfast,85,2.72,0.255,2.04,3.4,26.775,F310,3.2,0.3,2.4,4.0,2.72,0.255,3.4,26.775
LD01125,HM004,F043,D02,2026-08-02 06:30:00,Breakfast,110,6.6,1.1,8.8,8.8,71.5,F043,6.0,1.0,8.0,8.0,6.6000000000000005,1.1,8.8,71.5
LD01126,HM004,F053,D02,2026-08-02 13:00:00,Lunch,500,3.5,0.5,2.5,18.0,90.5,F053,0.7,0.1,0.5,3.6,3.5,0.5,18.0,90.5
LD01127,HM004,F035,D02,2026-08-02 13:00:00,Lunch,40,10.0,6.8,0.0,0.0,101.2,F035,25.0,17.0,0.0,0.0,10.0,6.800000000000001,0.0,101.19999999999999
LD01128,HM004,F143,D02,2026-08-02 16:00:00,Evening Snack,30,3.78,0.33,1.17,21.63,104.61,F143,12.6,1.1,3.9,72.1,3.78,0.33,21.63,104.61
LD01129,HM004,F226,D02,2026-08-02 16:00:00,Evening Snack,5,0.945,2.28,0.165,1.57,30.58,F226,18.9,45.6,3.3,31.4,0.945,2.2800000000000002,1.57,30.58
LD01130,HM004,F482,D02,2026-08-02 18:30:00,Dinner,170,11.9,0.68,12.92,32.64,184.28,F482,7.0,0.4,7.6,19.2,11.9,0.68,32.64,184.28
LD01131,HM004,F114,D02,2026-08-02 18:30:00,Dinner,95,1.52,0.19,2.66,8.93,43.51,F114,1.6,0.2,2.8,9.4,1.52,0.19,8.93,43.51
LD01132,HM004,F175,D02,2026-08-02 18:30:00,Dinner,45,8.46,0.675,0.0,0.0,39.915,F175,18.8,1.5,0.0,0.0,8.46,0.675,0.0,39.915000000000006
LD01133,HM004,F196,D02,2026-08-02 18:30:00,Dinner,15,0.12,0.06,0.24,2.22,9.9,F196,0.8,0.4,1.6,14.8,0.12,0.06,2.22,9.900000000000002
LD01134,HM004,F333,D03,2026-08-03 06:30:00,Breakfast,20,0.38,0.04,1.34,15.76,64.92,F333,1.9,0.2,6.7,78.8,0.38,0.04000000000000001,15.76,64.92
LD01135,HM004,F248,D03,2026-08-03 06:30:00,Breakfast,25,0.425,0.05,0.7,2.5,12.15,F248,1.7,0.2,2.8,10.0,0.425,0.05,2.5,12.149999999999999
LD01136,HM004,F214,D03,2026-08-03 06:30:00,Breakfast,295,21.535,1.18,22.42,59.0,332.76,F214,7.3,0.4,7.6,20.0,21.535,1.1800000000000002,59.0,332.76
LD01137,HM004,F100,D03,2026-08-03 06:30:00,Breakfast,50,15.2,1.75,0.0,0.0,76.55,F100,30.4,3.5,0.0,0.0,15.2,1.75,0.0,76.55
LD01138,HM004,F186,D03,2026-08-03 09:30:00,Mid snack,115,1.035,0.23,1.38,4.485,24.15,F186,0.9,0.2,1.2,3.9,1.035,0.22999999999999998,4.484999999999999,24.150000000000002
LD01139,HM004,F248,D03,2026-08-03 09:30:00,Mid snack,145,2.465,0.29,4.06,14.5,70.47,F248,1.7,0.2,2.8,10.0,2.465,0.29,14.5,70.47
LD01140,HM004,F178,D03,2026-08-03 09:30:00,Mid snack,220,5.28,0.88,7.26,15.62,91.52,F178,2.4,0.4,3.3,7.1,5.28,0.8800000000000001,15.620000000000001,91.52
LD01141,HM004,F206,D03,2026-08-03 13:00:00,Lunch,50,5.4,1.6,3.3,37.75,187.0,F206,10.8,3.2,6.6,75.5,5.4,1.6,37.75,187.0
LD01142,HM004,F064,D03,2026-08-03 13:00:00,Lunch,55,0.385,0.11,0.495,9.955,42.35,F064,0.7,0.2,0.9,18.1,0.385,0.11000000000000001,9.955000000000002,42.35
LD01143,HM004,F198,D03,2026-08-03 13:00:00,Lunch,500,3.5,1.0,4.5,89.5,381.0,F198,0.7,0.2,0.9,17.9,3.5,1.0,89.5,381.0
LD01144,HM004,F209,D03,2026-08-03 16:00:00,Evening Snack,10,0.73,0.1,0.1,8.01,35.86,F209,7.3,1.0,1.0,80.1,0.73,0.1,8.01,35.86
LD01145,HM004,F046,D03,2026-08-03 16:00:00,Evening Snack,195,1.755,0.39,5.46,18.72,85.41,F046,0.9,0.2,2.8,9.6,1.755,0.39,18.72,85.41
LD01146,HM004,F008,D03,2026-08-03 16:00:00,Evening Snack,25,1.75,0.25,0.25,19.25,86.25,F008,7.0,1.0,1.0,77.0,1.75,0.25,19.25,86.25
LD01147,HM004,F096,D03,2026-08-03 18:30:00,Dinner,15,2.595,7.305,1.77,3.435,89.865,F096,17.3,48.7,11.8,22.9,2.595,7.305,3.4349999999999996,89.86500000000001
LD01148,HM004,F013,D03,2026-08-03 18:30:00,Dinner,175,12.25,0.7,13.3,33.6,189.7,F013,7.0,0.4,7.6,19.2,12.25,0.7000000000000001,33.6,189.70000000000002
LD01149,HM004,F441,D03,2026-08-03 18:30:00,Dinner,55,16.28,0.55,0.0,0.0,70.07,F441,29.6,1.0,0.0,0.0,16.28,0.55,0.0,70.07000000000001
LD01150,HM004,F372,D03,2026-08-03 18:30:00,Dinner,125,25.75,6.5,0.0,0.0,161.5,F372,20.6,5.2,0.0,0.0,25.75,6.5,0.0,161.5
LD01151,HM004,F037,D04,2026-08-04 06:30:00,Breakfast,35,7.0,1.75,0.0,0.0,43.75,F037,20.0,5.0,0.0,0.0,7.0,1.75,0.0,43.75
LD01152,HM004,F237,D04,2026-08-04 06:30:00,Breakfast,205,46.945,12.71,0.0,0.0,302.17,F237,22.9,6.2,0.0,0.0,46.94499999999999,12.709999999999999,0.0,302.17
LD01153,HM004,F084,D04,2026-08-04 06:30:00,Breakfast,105,8.19,0.63,5.25,20.58,120.75,F084,7.8,0.6,5.0,19.6,8.19,0.63,20.580000000000002,120.74999999999999
LD01154,HM004,F346,D04,2026-08-04 06:30:00,Breakfast,40,3.68,1.08,3.04,11.28,69.56,F346,9.2,2.7,7.6,28.2,3.6799999999999997,1.08,11.280000000000001,69.56
LD01155,HM004,F317,D04,2026-08-04 06:30:00,Breakfast,270,2.97,0.54,8.1,17.01,84.78,F317,1.1,0.2,3.0,6.3,2.9700000000000006,0.54,17.01,84.78
LD01156,HM004,F142,D04,2026-08-04 06:30:00,Breakfast,20,1.38,0.2,0.2,15.24,68.28,F142,6.9,1.0,1.0,76.2,1.3800000000000001,0.2,15.240000000000002,68.28
LD01157,HM004,F030,D04,2026-08-04 09:30:00,Mid snack,20,6.04,9.82,1.2,2.14,121.1,F030,30.2,49.1,6.0,10.7,6.04,9.82,2.14,121.1
LD01158,HM004,F043,D04,2026-08-04 09:30:00,Mid snack,35,2.1,0.35,2.8,2.8,22.75,F043,6.0,1.0,8.0,8.0,2.0999999999999996,0.35,2.8,22.75
LD01159,HM004,F154,D04,2026-08-04 09:30:00,Mid snack,45,8.145,9.27,0.0,1.125,120.51,F154,18.1,20.6,0.0,2.5,8.145000000000001,9.270000000000001,1.125,120.50999999999999
LD01160,HM004,F080,D04,2026-08-04 09:30:00,Mid snack,30,2.07,0.12,2.28,5.64,31.92,F080,6.9,0.4,7.6,18.8,2.07,0.12,5.64,31.919999999999995
LD01161,HM004,F381,D04,2026-08-04 13:00:00,Lunch,35,0.315,0.07,0.98,3.465,15.75,F381,0.9,0.2,2.8,9.9,0.315,0.06999999999999999,3.465,15.75
LD01162,HM004,F385,D04,2026-08-04 13:00:00,Lunch,230,1.38,0.23,2.76,8.05,39.79,F385,0.6,0.1,1.2,3.5,1.38,0.22999999999999998,8.049999999999999,39.79
LD01163,HM004,F451,D04,2026-08-04 13:00:00,Lunch,500,5.0,1.0,15.0,30.5,151.0,F451,1.0,0.2,3.0,6.1,5.0,1.0,30.5,151.0
LD01164,HM004,F109,D04,2026-08-04 13:00:00,Lunch,75,2.175,0.225,1.8,2.775,21.825,F109,2.9,0.3,2.4,3.7,2.175,0.22499999999999998,2.7750000000000004,21.824999999999996
LD01165,HM004,F495,D04,2026-08-04 13:00:00,Lunch,5,0.76,3.26,0.335,0.685,35.12,F495,15.2,65.2,6.7,13.7,0.76,3.2600000000000002,0.685,35.12
LD01166,HM004,F487,D04,2026-08-04 13:00:00,Lunch,195,32.37,17.55,11.7,19.305,364.65,F487,16.6,9.0,6.0,9.9,32.370000000000005,17.55,19.305,364.65
LD01167,HM004,F008,D04,2026-08-04 16:00:00,Evening Snack,10,0.7,0.1,0.1,7.7,34.5,F008,7.0,1.0,1.0,77.0,0.7000000000000001,0.1,7.7,34.5
LD01168,HM004,F466,D04,2026-08-04 16:00:00,Evening Snack,165,1.155,0.33,1.485,30.525,129.69,F466,0.7,0.2,0.9,18.5,1.1549999999999998,0.33,30.525,129.69
LD01169,HM004,F359,D04,2026-08-04 16:00:00,Evening Snack,5,1.09,2.57,0.625,1.12,31.97,F359,21.8,51.4,12.5,22.4,1.09,2.5700000000000003,1.1199999999999999,31.97
LD01170,HM004,F446,D04,2026-08-04 16:00:00,Evening Snack,20,0.48,0.08,0.66,1.46,8.48,F446,2.4,0.4,3.3,7.3,0.48,0.08000000000000002,1.46,8.48
LD01171,HM004,F076,D04,2026-08-04 16:00:00,Evening Snack,20,2.48,0.22,0.78,14.26,68.94,F076,12.4,1.1,3.9,71.3,2.4800000000000004,0.22000000000000003,14.26,68.94
LD01172,HM004,F127,D04,2026-08-04 18:30:00,Dinner,405,6.885,4.86,16.2,74.115,367.74,F127,1.7,1.2,4.0,18.3,6.885,4.859999999999999,74.115,367.74
LD01173,HM004,F310,D04,2026-08-04 18:30:00,Dinner,225,7.2,0.675,5.4,9.0,70.875,F310,3.2,0.3,2.4,4.0,7.2,0.6749999999999999,9.0,70.875
LD01174,HM004,F422,D04,2026-08-04 18:30:00,Dinner,60,11.22,12.72,0.0,1.5,165.36,F422,18.7,21.2,0.0,2.5,11.219999999999999,12.719999999999999,1.5,165.36
LD01175,HM004,F064,D04,2026-08-04 18:30:00,Dinner,95,0.665,0.19,0.855,17.195,73.15,F064,0.7,0.2,0.9,18.1,0.6649999999999999,0.19,17.195,73.14999999999999
LD01176,HM004,F120,D05,2026-08-05 06:30:00,Breakfast,500,3.5,0.5,2.5,17.5,88.5,F120,0.7,0.1,0.5,3.5,3.5,0.5,17.5,88.5
LD01177,HM004,F354,D05,2026-08-05 06:30:00,Breakfast,80,6.56,3.92,0.24,1.6,67.92,F354,8.2,4.9,0.3,2.0,6.56,3.9200000000000004,1.6,67.92
LD01178,HM004,F276,D05,2026-08-05 06:30:00,Breakfast,70,5.18,0.77,0.7,56.63,254.17,F276,7.4,1.1,1.0,80.9,5.18,0.77,56.63,254.17000000000002
LD01179,HM004,F189,D05,2026-08-05 09:30:00,Mid snack,500,15.5,1.5,5.0,16.5,141.5,F189,3.1,0.3,1.0,3.3,15.5,1.5,16.5,141.5
LD01180,HM004,F145,D05,2026-08-05 09:30:00,Mid snack,10,0.88,0.26,0.76,2.71,16.7,F145,8.8,2.6,7.6,27.1,0.8800000000000001,0.26,2.7100000000000004,16.7
LD01181,HM004,F126,D05,2026-08-05 09:30:00,Mid snack,40,0.2,0.12,0.68,3.84,17.24,F126,0.5,0.3,1.7,9.6,0.2,0.12,3.84,17.240000000000002
LD01182,HM004,F223,D05,2026-08-05 09:30:00,Mid snack,40,1.32,1.36,0.0,2.0,25.52,F223,3.3,3.4,0.0,5.0,1.32,1.36,2.0,25.520000000000003
LD01183,HM004,F236,D05,2026-08-05 13:00:00,Lunch,125,32.5,22.125,0.0,0.0,329.125,F236,26.0,17.7,0.0,0.0,32.5,22.125,0.0,329.125
LD01184,HM004,F419,D05,2026-08-05 13:00:00,Lunch,85,6.97,0.51,4.25,17.34,101.83,F419,8.2,0.6,5.0,20.4,6.969999999999999,0.51,17.34,101.83
LD01185,HM004,F070,D05,2026-08-05 13:00:00,Lunch,45,3.24,0.585,5.175,31.77,145.305,F070,7.2,1.3,11.5,70.6,3.24,0.5850000000000001,31.77,145.30499999999998
LD01186,HM004,F321,D05,2026-08-05 13:00:00,Lunch,425,2.975,0.425,2.125,16.15,80.325,F321,0.7,0.1,0.5,3.8,2.9749999999999996,0.42500000000000004,16.15,80.325
LD01187,HM004,F191,D05,2026-08-05 16:00:00,Evening Snack,185,4.81,1.85,9.99,26.27,140.97,F191,2.6,1.0,5.4,14.2,4.8100000000000005,1.85,26.27,140.97
LD01188,HM004,F449,D05,2026-08-05 16:00:00,Evening Snack,125,2.0,0.25,3.5,12.25,59.25,F449,1.6,0.2,2.8,9.8,2.0,0.25,12.25,59.25
LD01189,HM004,F042,D05,2026-08-05 18:30:00,Dinner,285,8.55,0.855,6.84,10.83,85.215,F042,3.0,0.3,2.4,3.8,8.55,0.855,10.83,85.215
LD01190,HM004,F074,D05,2026-08-05 18:30:00,Dinner,10,1.29,0.64,1.01,6.63,37.44,F074,12.9,6.4,10.1,66.3,1.29,0.6400000000000001,6.63,37.44
LD01191,HM004,F436,D05,2026-08-05 18:30:00,Dinner,60,15.9,6.66,0.0,0.0,123.54,F436,26.5,11.1,0.0,0.0,15.899999999999999,6.659999999999999,0.0,123.53999999999999
LD01192,HM004,F067,D05,2026-08-05 18:30:00,Dinner,500,4.5,3.0,21.5,51.0,249.0,F067,0.9,0.6,4.3,10.2,4.5,3.0,51.0,249.0
LD01193,HM004,F471,D06,2026-08-06 06:30:00,Breakfast,125,3.25,1.125,2.25,28.75,138.125,F471,2.6,0.9,1.8,23.0,3.25,1.125,28.75,138.125
LD01194,HM004,F367,D06,2026-08-06 06:30:00,Breakfast,285,31.92,0.57,0.0,1.995,140.79,F367,11.2,0.2,0.0,0.7,31.919999999999998,0.5700000000000001,1.9949999999999999,140.79
LD01195,HM004,F252,D06,2026-08-06 06:30:00,Breakfast,345,3.45,0.69,9.66,14.49,77.97,F252,1.0,0.2,2.8,4.2,3.45,0.6900000000000001,14.490000000000002,77.97
LD01196,HM004,F371,D06,2026-08-06 06:30:00,Breakfast,55,12.485,3.41,0.0,0.0,80.63,F371,22.7,6.2,0.0,0.0,12.485000000000001,3.4100000000000006,0.0,80.63
LD01197,HM004,F433,D06,2026-08-06 06:30:00,Breakfast,160,20.64,17.28,0.0,1.76,245.12,F433,12.9,10.8,0.0,1.1,20.64,17.28,1.7600000000000002,245.12
LD01198,HM004,F086,D06,2026-08-06 09:30:00,Mid snack,25,1.95,1.175,0.075,0.475,20.275,F086,7.8,4.7,0.3,1.9,1.95,1.175,0.475,20.275
LD01199,HM004,F052,D06,2026-08-06 09:30:00,Mid snack,500,4.5,1.0,6.0,19.5,105.0,F052,0.9,0.2,1.2,3.9,4.5,1.0,19.5,105.0
LD01200,HM004,F283,D06,2026-08-06 09:30:00,Mid snack,5,0.475,0.02,0.395,1.05,6.28,F283,9.5,0.4,7.9,21.0,0.47500000000000003,0.020000000000000004,1.05,6.279999999999999
LD01201,HM004,F187,D06,2026-08-06 09:30:00,Mid snack,500,3.5,0.5,2.5,18.0,90.5,F187,0.7,0.1,0.5,3.6,3.5,0.5,18.0,90.5
LD01202,HM004,F151,D06,2026-08-06 13:00:00,Lunch,370,29.23,2.22,18.5,73.26,429.94,F151,7.9,0.6,5.0,19.8,29.230000000000004,2.22,73.26,429.94000000000005
LD01203,HM004,F097,D06,2026-08-06 13:00:00,Lunch,35,10.36,16.835,2.1,3.675,207.655,F097,29.6,48.1,6.0,10.5,10.36,16.835,3.675,207.65500000000003
LD01204,HM004,F148,D06,2026-08-06 13:00:00,Lunch,105,7.455,1.05,5.355,20.79,122.43,F148,7.1,1.0,5.1,19.8,7.455,1.05,20.790000000000003,122.42999999999999
LD01205,HM004,F290,D06,2026-08-06 13:00:00,Lunch,50,1.7,1.75,0.0,2.5,32.55,F290,3.4,3.5,0.0,5.0,1.7,1.75,2.5,32.55
LD01206,HM004,F073,D06,2026-08-06 16:00:00,Evening Snack,15,2.01,0.285,1.83,10.665,53.265,F073,13.4,1.9,12.2,71.1,2.01,0.285,10.665,53.26499999999999
LD01207,HM004,F121,D06,2026-08-06 16:00:00,Evening Snack,75,0.825,0.075,1.275,6.825,31.275,F121,1.1,0.1,1.7,9.1,0.8250000000000001,0.07500000000000001,6.824999999999999,31.275000000000002
LD01208,HM004,F062,D06,2026-08-06 16:00:00,Evening Snack,55,0.44,0.22,0.88,8.25,36.74,F062,0.8,0.4,1.6,15.0,0.44000000000000006,0.22000000000000003,8.25,36.739999999999995
LD01209,HM004,F109,D06,2026-08-06 16:00:00,Evening Snack,15,0.435,0.045,0.36,0.555,4.365,F109,2.9,0.3,2.4,3.7,0.435,0.045,0.555,4.365
LD01210,HM004,F194,D06,2026-08-06 16:00:00,Evening Snack,135,2.295,1.62,5.4,24.975,123.66,F194,1.7,1.2,4.0,18.5,2.295,1.62,24.975,123.66000000000001
LD01211,HM004,F051,D06,2026-08-06 16:00:00,Evening Snack,35,0.35,0.07,0.98,1.4,7.63,F051,1.0,0.2,2.8,4.0,0.35,0.06999999999999999,1.4,7.63
LD01212,HM004,F423,D06,2026-08-06 18:30:00,Dinner,165,5.94,5.61,0.0,7.92,105.93,F423,3.6,3.4,0.0,4.8,5.9399999999999995,5.609999999999999,7.919999999999999,105.93
LD01213,HM004,F337,D06,2026-08-06 18:30:00,Dinner,100,2.7,0.9,1.8,23.7,113.7,F337,2.7,0.9,1.8,23.7,2.7,0.9,23.7,113.69999999999999
LD01214,HM004,F108,D06,2026-08-06 18:30:00,Dinner,340,63.24,5.1,0.0,0.0,298.86,F108,18.6,1.5,0.0,0.0,63.24,5.1,0.0,298.86
LD01215,HM004,F434,D06,2026-08-06 18:30:00,Dinner,380,42.18,0.76,0.0,2.66,186.2,F434,11.1,0.2,0.0,0.7,42.18,0.76,2.6599999999999997,186.20000000000002
LD01216,HM004,F065,D07,2026-08-07 06:30:00,Breakfast,115,2.07,0.23,7.705,86.25,355.35,F065,1.8,0.2,6.7,75.0,2.07,0.22999999999999998,86.25,355.34999999999997
LD01217,HM004,F247,D07,2026-08-07 06:30:00,Breakfast,200,1.8,0.4,5.6,20.0,90.8,F247,0.9,0.2,2.8,10.0,1.8,0.4,20.0,90.8
LD01218,HM004,F043,D07,2026-08-07 06:30:00,Breakfast,120,7.2,1.2,9.6,9.6,78.0,F043,6.0,1.0,8.0,8.0,7.199999999999999,1.2,9.6,78.0
LD01219,HM004,F297,D07,2026-08-07 09:30:00,Mid snack,5,0.93,2.61,0.59,1.23,32.13,F297,18.6,52.2,11.8,24.6,0.9300000000000002,2.6100000000000003,1.2300000000000002,32.129999999999995
LD01220,HM004,F384,D07,2026-08-07 09:30:00,Mid snack,500,5.0,1.0,15.0,31.0,153.0,F384,1.0,0.2,3.0,6.2,5.0,1.0,31.0,153.0
LD01221,HM004,F457,D07,2026-08-07 13:00:00,Lunch,500,16.0,1.5,5.0,17.0,145.5,F457,3.2,0.3,1.0,3.4,16.0,1.5,17.0,145.5
LD01222,HM004,F206,D07,2026-08-07 13:00:00,Lunch,55,5.94,1.76,3.63,41.525,205.7,F206,10.8,3.2,6.6,75.5,5.940000000000001,1.7600000000000002,41.525000000000006,205.7
LD01223,HM004,F076,D07,2026-08-07 16:00:00,Evening Snack,5,0.62,0.055,0.195,3.565,17.235,F076,12.4,1.1,3.9,71.3,0.6200000000000001,0.05500000000000001,3.565,17.235
LD01224,HM004,F362,D07,2026-08-07 16:00:00,Evening Snack,20,3.4,6.32,6.88,8.68,105.2,F362,17.0,31.6,34.4,43.4,3.4000000000000004,6.32,8.68,105.2
LD01225,HM004,F398,D07,2026-08-07 16:00:00,Evening Snack,135,0.675,0.135,1.89,18.225,76.815,F398,0.5,0.1,1.4,13.5,0.675,0.135,18.225,76.81500000000001
LD01226,HM004,F098,D07,2026-08-07 18:30:00,Dinner,115,14.145,11.96,0.0,1.265,169.28,F098,12.3,10.4,0.0,1.1,14.145,11.959999999999999,1.265,169.28000000000003
LD01227,HM004,F488,D07,2026-08-07 18:30:00,Dinner,50,4.0,2.4,0.15,0.95,41.4,F488,8.0,4.8,0.3,1.9,4.0,2.4,0.95,41.4
LD01228,HM004,F213,D07,2026-08-07 18:30:00,Dinner,100,9.0,0.5,6.4,23.7,135.3,F213,9.0,0.5,6.4,23.7,9.0,0.5,23.7,135.3
LD01229,HM004,F028,D07,2026-08-07 18:30:00,Dinner,35,6.405,14.77,9.555,10.115,199.01,F028,18.3,42.2,27.3,28.9,6.405,14.77,10.114999999999998,199.01
LD01230,HM004,F043,D08,2026-08-08 06:30:00,Breakfast,440,26.4,4.4,35.2,35.2,286.0,F043,6.0,1.0,8.0,8.0,26.400000000000002,4.4,35.2,286.0
LD01231,HM004,F485,D08,2026-08-08 06:30:00,Breakfast,80,6.4,1.2,5.6,17.6,106.8,F485,8.0,1.5,7.0,22.0,6.4,1.2000000000000002,17.6,106.8
LD01232,HM004,F196,D08,2026-08-08 06:30:00,Breakfast,125,1.0,0.5,2.0,18.5,82.5,F196,0.8,0.4,1.6,14.8,1.0,0.5,18.5,82.5
LD01233,HM004,F321,D08,2026-08-08 09:30:00,Mid snack,500,3.5,0.5,2.5,19.0,94.5,F321,0.7,0.1,0.5,3.8,3.5,0.5,19.0,94.5
LD01234,HM004,F122,D08,2026-08-08 09:30:00,Mid snack,290,8.7,0.87,2.9,9.28,79.75,F122,3.0,0.3,1.0,3.2,8.7,0.87,9.28,79.74999999999999
LD01235,HM004,F488,D08,2026-08-08 13:00:00,Lunch,230,18.4,11.04,0.69,4.37,190.44,F488,8.0,4.8,0.3,1.9,18.4,11.04,4.369999999999999,190.44
LD01236,HM004,F275,D08,2026-08-08 13:00:00,Lunch,20,2.78,1.36,2.02,14.22,80.24,F275,13.9,6.8,10.1,71.1,2.7800000000000002,1.36,14.219999999999999,80.24
LD01237,HM004,F443,D08,2026-08-08 13:00:00,Lunch,440,85.36,6.6,0.0,0.0,400.84,F443,19.4,1.5,0.0,0.0,85.36,6.6000000000000005,0.0,400.84
LD01238,HM004,F316,D08,2026-08-08 16:00:00,Evening Snack,50,1.0,0.1,1.6,3.95,20.7,F316,2.0,0.2,3.2,7.9,1.0,0.1,3.95,20.7
LD01239,HM004,F227,D08,2026-08-08 16:00:00,Evening Snack,5,0.79,3.39,0.335,0.71,36.51,F227,15.8,67.8,6.7,14.2,0.79,3.39,0.71,36.510000000000005
LD01240,HM004,F313,D08,2026-08-08 16:00:00,Evening Snack,340,6.46,1.36,7.82,17.68,108.8,F313,1.9,0.4,2.3,5.2,6.46,1.36,17.68,108.8
LD01241,HM004,F465,D08,2026-08-08 16:00:00,Evening Snack,110,0.55,0.11,1.54,14.74,62.15,F465,0.5,0.1,1.4,13.4,0.55,0.11000000000000001,14.740000000000002,62.150000000000006
LD01242,HM004,F364,D08,2026-08-08 18:30:00,Dinner,5,0.91,2.56,0.59,1.205,31.5,F364,18.2,51.2,11.8,24.1,0.91,2.5600000000000005,1.205,31.5
LD01243,HM004,F005,D08,2026-08-08 18:30:00,Dinner,50,5.2,1.55,3.3,36.3,179.95,F005,10.4,3.1,6.6,72.6,5.2,1.55,36.3,179.95
LD01244,HM004,F347,D08,2026-08-08 18:30:00,Dinner,245,22.05,1.225,15.68,57.575,329.525,F347,9.0,0.5,6.4,23.5,22.05,1.225,57.575,329.525
LD01245,HM004,F234,D09,2026-08-09 06:30:00,Breakfast,15,4.83,0.555,0.0,0.0,24.315,F234,32.2,3.7,0.0,0.0,4.83,0.555,0.0,24.315
LD01246,HM004,F186,D09,2026-08-09 06:30:00,Breakfast,35,0.315,0.07,0.42,1.365,7.35,F186,0.9,0.2,1.2,3.9,0.315,0.06999999999999999,1.365,7.35
LD01247,HM004,F402,D09,2026-08-09 06:30:00,Breakfast,500,4.5,3.0,21.5,52.5,255.0,F402,0.9,0.6,4.3,10.5,4.5,3.0,52.5,255.0
LD01248,HM004,F284,D09,2026-08-09 06:30:00,Breakfast,60,5.04,0.96,4.2,13.86,84.24,F284,8.4,1.6,7.0,23.1,5.04,0.96,13.860000000000001,84.24
LD01249,HM004,F349,D09,2026-08-09 06:30:00,Breakfast,65,4.81,0.65,3.315,13.39,78.65,F349,7.4,1.0,5.1,20.6,4.8100000000000005,0.65,13.39,78.64999999999999
LD01250,HM004,F341,D09,2026-08-09 06:30:00,Breakfast,50,7.05,1.0,6.1,37.4,186.8,F341,14.1,2.0,12.2,74.8,7.05,1.0,37.4,186.79999999999998
LD01251,HM004,F235,D09,2026-08-09 09:30:00,Mid snack,40,10.8,4.52,0.0,0.0,83.88,F235,27.0,11.3,0.0,0.0,10.8,4.5200000000000005,0.0,83.88
LD01252,HM004,F375,D09,2026-08-09 09:30:00,Mid snack,95,23.465,0.95,0.0,0.0,102.41,F375,24.7,1.0,0.0,0.0,23.465,0.95,0.0,102.41
LD01253,HM004,F289,D09,2026-08-09 09:30:00,Mid snack,55,2.035,1.925,0.0,2.695,36.245,F289,3.7,3.5,0.0,4.9,2.035,1.9250000000000003,2.6950000000000003,36.245000000000005
LD01254,HM004,F366,D09,2026-08-09 09:30:00,Mid snack,60,7.8,6.54,0.0,0.66,92.7,F366,13.0,10.9,0.0,1.1,7.8,6.54,0.66,92.69999999999999
LD01255,HM004,F418,D09,2026-08-09 13:00:00,Lunch,95,7.79,1.425,6.65,21.28,129.105,F418,8.2,1.5,7.0,22.4,7.789999999999999,1.4249999999999998,21.279999999999998,129.105
LD01256,HM004,F385,D09,2026-08-09 13:00:00,Lunch,445,2.67,0.445,5.34,15.575,76.985,F385,0.6,0.1,1.2,3.5,2.67,0.44500000000000006,15.575000000000001,76.98499999999999
LD01257,HM004,F259,D09,2026-08-09 13:00:00,Lunch,500,4.5,0.5,12.0,61.5,268.5,F259,0.9,0.1,2.4,12.3,4.5,0.5,61.5,268.5
LD01258,HM004,F073,D09,2026-08-09 13:00:00,Lunch,5,0.67,0.095,0.61,3.555,17.755,F073,13.4,1.9,12.2,71.1,0.67,0.095,3.5549999999999997,17.755000000000003
LD01259,HM004,F261,D09,2026-08-09 13:00:00,Lunch,190,3.42,2.28,7.6,36.86,181.64,F261,1.8,1.2,4.0,19.4,3.42,2.28,36.85999999999999,181.64000000000001
LD01260,HM004,F061,D09,2026-08-09 16:00:00,Evening Snack,50,0.3,0.1,0.2,3.8,17.3,F061,0.6,0.2,0.4,7.6,0.3,0.1,3.8,17.299999999999997
LD01261,HM004,F058,D09,2026-08-09 16:00:00,Evening Snack,120,1.08,0.12,2.88,14.16,62.04,F058,0.9,0.1,2.4,11.8,1.08,0.12,14.16,62.04
LD01262,HM004,F344,D09,2026-08-09 16:00:00,Evening Snack,5,0.655,0.055,0.195,3.75,18.115,F344,13.1,1.1,3.9,75.0,0.655,0.05500000000000001,3.75,18.115000000000002
LD01263,HM004,F456,D09,2026-08-09 16:00:00,Evening Snack,440,4.84,0.44,7.48,41.8,190.52,F456,1.1,0.1,1.7,9.5,4.840000000000001,0.44000000000000006,41.800000000000004,190.52
LD01264,HM004,F464,D09,2026-08-09 18:30:00,Dinner,280,2.24,1.12,4.48,42.84,190.4,F464,0.8,0.4,1.6,15.3,2.2399999999999998,1.1199999999999999,42.839999999999996,190.40000000000003
LD01265,HM004,F379,D09,2026-08-09 18:30:00,Dinner,500,12.5,2.0,16.5,37.0,216.0,F379,2.5,0.4,3.3,7.4,12.5,2.0,37.0,216.0
LD01266,HM004,F247,D09,2026-08-09 18:30:00,Dinner,315,2.835,0.63,8.82,31.5,143.01,F247,0.9,0.2,2.8,10.0,2.835,0.63,31.5,143.01
LD01267,HM004,F484,D09,2026-08-09 18:30:00,Dinner,70,6.3,0.28,5.53,14.0,83.72,F484,9.0,0.4,7.9,20.0,6.3,0.27999999999999997,14.0,83.72
LD01268,HM004,F363,D10,2026-08-10 06:30:00,Breakfast,15,2.82,6.525,4.095,4.47,87.885,F363,18.8,43.5,27.3,29.8,2.82,6.5249999999999995,4.47,87.88499999999999
LD01269,HM004,F132,D10,2026-08-10 06:30:00,Breakfast,40,0.72,0.08,2.68,29.4,121.2,F132,1.8,0.2,6.7,73.5,0.7200000000000001,0.08000000000000002,29.400000000000002,121.19999999999999
LD01270,HM004,F439,D10,2026-08-10 06:30:00,Breakfast,20,4.08,1.02,0.0,0.0,25.5,F439,20.4,5.1,0.0,0.0,4.08,1.02,0.0,25.5
LD01271,HM004,F152,D10,2026-08-10 06:30:00,Breakfast,285,46.74,25.365,17.1,27.93,526.965,F152,16.4,8.9,6.0,9.8,46.739999999999995,25.365000000000002,27.930000000000003,526.965
LD01272,HM004,F016,D10,2026-08-10 09:30:00,Mid snack,100,8.0,1.5,7.0,22.0,133.5,F016,8.0,1.5,7.0,22.0,8.0,1.5,22.0,133.5
LD01273,HM004,F413,D10,2026-08-10 09:30:00,Mid snack,5,0.455,0.135,0.38,1.395,8.615,F413,9.1,2.7,7.6,27.9,0.455,0.135,1.395,8.615
LD01274,HM004,F460,D10,2026-08-10 09:30:00,Mid snack,210,1.89,0.21,5.04,25.2,110.25,F460,0.9,0.1,2.4,12.0,1.8900000000000001,0.21000000000000002,25.200000000000003,110.25
LD01275,HM004,F307,D10,2026-08-10 09:30:00,Mid snack,35,10.675,0.385,0.0,0.0,46.165,F307,30.5,1.1,0.0,0.0,10.674999999999999,0.385,0.0,46.165000000000006
LD01276,HM004,F160,D10,2026-08-10 09:30:00,Mid snack,5,0.75,3.225,0.335,0.68,34.745,F160,15.0,64.5,6.7,13.6,0.75,3.225,0.68,34.745000000000005
LD01277,HM004,F454,D10,2026-08-10 13:00:00,Lunch,205,1.845,0.41,2.46,8.2,43.87,F454,0.9,0.2,1.2,4.0,1.845,0.41,8.2,43.87
LD01278,HM004,F111,D10,2026-08-10 13:00:00,Lunch,440,10.56,1.76,14.52,31.24,183.04,F111,2.4,0.4,3.3,7.1,10.56,1.7600000000000002,31.240000000000002,183.04
LD01279,HM004,F269,D10,2026-08-10 13:00:00,Lunch,225,6.3,0.675,0.9,66.6,297.675,F269,2.8,0.3,0.4,29.6,6.3,0.6749999999999999,66.60000000000001,297.67499999999995
LD01280,HM004,F182,D10,2026-08-10 13:00:00,Lunch,500,9.5,1.0,16.0,37.0,195.0,F182,1.9,0.2,3.2,7.4,9.5,1.0,37.0,195.0
LD01281,HM004,F272,D10,2026-08-10 13:00:00,Lunch,50,5.8,2.6,5.5,35.2,187.4,F272,11.6,5.2,11.0,70.4,5.8,2.6,35.2,187.4
LD01282,HM004,F253,D10,2026-08-10 16:00:00,Evening Snack,15,0.135,0.03,0.18,0.615,3.27,F253,0.9,0.2,1.2,4.1,0.135,0.03,0.6149999999999999,3.27
LD01283,HM004,F360,D10,2026-08-10 16:00:00,Evening Snack,15,2.805,6.765,0.495,4.665,90.765,F360,18.7,45.1,3.3,31.1,2.8049999999999997,6.765,4.665,90.765
LD01284,HM004,F461,D10,2026-08-10 16:00:00,Evening Snack,165,0.825,0.495,2.805,16.5,73.755,F461,0.5,0.3,1.7,10.0,0.825,0.49499999999999994,16.5,73.755
LD01285,HM004,F275,D10,2026-08-10 16:00:00,Evening Snack,5,0.695,0.34,0.505,3.555,20.06,F275,13.9,6.8,10.1,71.1,0.6950000000000001,0.34,3.5549999999999997,20.06
LD01286,HM004,F204,D10,2026-08-10 16:00:00,Evening Snack,20,1.52,0.28,2.3,14.98,68.52,F204,7.6,1.4,11.5,74.9,1.52,0.27999999999999997,14.980000000000002,68.52
LD01287,HM004,F391,D10,2026-08-10 16:00:00,Evening Snack,60,0.66,0.18,1.56,14.1,60.66,F391,1.1,0.3,2.6,23.5,0.66,0.18,14.1,60.66
LD01288,HM004,F289,D10,2026-08-10 18:30:00,Dinner,5,0.185,0.175,0.0,0.245,3.295,F289,3.7,3.5,0.0,4.9,0.18500000000000003,0.17500000000000002,0.24500000000000002,3.295
LD01289,HM004,F361,D10,2026-08-10 18:30:00,Dinner,35,5.495,23.52,2.345,4.935,253.4,F361,15.7,67.2,6.7,14.1,5.494999999999999,23.52,4.935,253.4
LD01290,HM004,F348,D10,2026-08-10 18:30:00,Dinner,185,13.32,0.74,14.06,36.63,206.46,F348,7.2,0.4,7.6,19.8,13.32,0.7400000000000001,36.63,206.46
LD01291,HM004,F106,D10,2026-08-10 18:30:00,Dinner,190,53.96,1.9,0.0,0.0,232.94,F106,28.4,1.0,0.0,0.0,53.959999999999994,1.9,0.0,232.94
LD01292,HM004,F480,D10,2026-08-10 18:30:00,Dinner,60,5.34,1.56,4.56,16.44,101.16,F480,8.9,2.6,7.6,27.4,5.34,1.56,16.439999999999998,101.16000000000001
LD01293,HM004,F326,D11,2026-08-11 06:30:00,Breakfast,305,2.745,0.305,7.32,37.82,165.005,F326,0.9,0.1,2.4,12.4,2.745,0.305,37.82,165.005
LD01294,HM004,F414,D11,2026-08-11 06:30:00,Breakfast,280,24.92,1.4,17.92,65.24,373.24,F414,8.9,0.5,6.4,23.3,24.919999999999998,1.4,65.24,373.24
LD01295,HM004,F218,D11,2026-08-11 06:30:00,Breakfast,130,10.79,0.78,6.5,27.04,158.34,F218,8.3,0.6,5.0,20.8,10.790000000000001,0.78,27.040000000000003,158.34
LD01296,HM004,F041,D11,2026-08-11 09:30:00,Mid snack,5,0.95,0.075,0.0,0.0,4.475,F041,19.0,1.5,0.0,0.0,0.9500000000000001,0.07500000000000001,0.0,4.475
LD01297,HM004,F013,D11,2026-08-11 09:30:00,Mid snack,65,4.55,0.26,4.94,12.48,70.46,F013,7.0,0.4,7.6,19.2,4.55,0.26,12.48,70.46000000000001
LD01298,HM004,F082,D11,2026-08-11 09:30:00,Mid snack,50,4.4,0.2,3.95,9.8,58.6,F082,8.8,0.4,7.9,19.6,4.4,0.2,9.8,58.6
LD01299,HM004,F365,D11,2026-08-11 09:30:00,Mid snack,15,4.665,7.59,0.9,1.65,93.57,F365,31.1,50.6,6.0,11.0,4.665,7.59,1.65,93.57
LD01300,HM004,F415,D11,2026-08-11 09:30:00,Mid snack,50,3.55,0.2,3.8,9.8,55.2,F415,7.1,0.4,7.6,19.6,3.55,0.2,9.8,55.2
LD01301,HM004,F204,D11,2026-08-11 13:00:00,Lunch,100,7.6,1.4,11.5,74.9,342.6,F204,7.6,1.4,11.5,74.9,7.6,1.4,74.9,342.6
LD01302,HM004,F049,D11,2026-08-11 13:00:00,Lunch,10,0.1,0.02,0.3,0.6,2.98,F049,1.0,0.2,3.0,6.0,0.1,0.020000000000000004,0.6000000000000001,2.98
LD01303,HM004,F318,D11,2026-08-11 13:00:00,Lunch,500,3.0,0.5,6.0,18.0,88.5,F318,0.6,0.1,1.2,3.6,3.0,0.5,18.0,88.5
LD01304,HM004,F339,D11,2026-08-11 16:00:00,Evening Snack,5,0.565,0.26,0.55,3.45,18.4,F339,11.3,5.2,11.0,69.0,0.5650000000000001,0.26,3.45,18.400000000000002
LD01305,HM004,F397,D11,2026-08-11 16:00:00,Evening Snack,190,1.52,0.76,3.04,29.45,130.72,F397,0.8,0.4,1.6,15.5,1.52,0.76,29.45,130.72
LD01306,HM004,F027,D11,2026-08-11 16:00:00,Evening Snack,5,0.825,1.535,1.72,2.105,25.535,F027,16.5,30.7,34.4,42.1,0.8250000000000001,1.5350000000000001,2.105,25.534999999999997
LD01307,HM004,F332,D11,2026-08-11 16:00:00,Evening Snack,150,1.05,0.3,1.35,28.5,120.9,F332,0.7,0.2,0.9,19.0,1.0499999999999998,0.30000000000000004,28.5,120.9
LD01308,HM004,F460,D11,2026-08-11 18:30:00,Dinner,75,0.675,0.075,1.8,9.0,39.375,F460,0.9,0.1,2.4,12.0,0.675,0.07500000000000001,9.0,39.375
LD01309,HM004,F291,D11,2026-08-11 18:30:00,Dinner,30,8.13,15.51,2.55,5.07,192.39,F291,27.1,51.7,8.5,16.9,8.13,15.51,5.069999999999999,192.39000000000001
LD01310,HM004,F461,D11,2026-08-11 18:30:00,Dinner,80,0.4,0.24,1.36,8.0,35.76,F461,0.5,0.3,1.7,10.0,0.4,0.24,8.0,35.760000000000005
LD01311,HM004,F036,D11,2026-08-11 18:30:00,Dinner,340,74.8,20.4,0.0,0.0,482.8,F036,22.0,6.0,0.0,0.0,74.8,20.4,0.0,482.79999999999995
LD01312,HM004,F228,D12,2026-08-12 06:30:00,Breakfast,40,6.88,12.76,13.76,17.52,212.44,F228,17.2,31.9,34.4,43.8,6.88,12.76,17.52,212.44
LD01313,HM004,F181,D12,2026-08-12 06:30:00,Breakfast,500,8.0,1.0,14.0,47.5,231.0,F181,1.6,0.2,2.8,9.5,8.0,1.0,47.5,231.0
LD01314,HM004,F258,D12,2026-08-12 06:30:00,Breakfast,5,0.135,0.05,0.27,0.745,3.97,F258,2.7,1.0,5.4,14.9,0.135,0.05,0.7450000000000001,3.97
LD01315,HM004,F477,D12,2026-08-12 06:30:00,Breakfast,45,3.15,0.45,0.45,34.65,155.25,F477,7.0,1.0,1.0,77.0,3.15,0.45,34.65,155.25
LD01316,HM004,F242,D12,2026-08-12 06:30:00,Breakfast,35,6.93,0.56,0.0,0.0,32.76,F242,19.8,1.6,0.0,0.0,6.93,0.5599999999999999,0.0,32.76
LD01317,HM004,F309,D12,2026-08-12 09:30:00,Mid snack,5,0.995,0.08,0.0,0.0,4.7,F309,19.9,1.6,0.0,0.0,0.995,0.08000000000000002,0.0,4.7
LD01318,HM004,F163,D12,2026-08-12 09:30:00,Mid snack,10,1.75,4.92,1.18,2.32,60.56,F163,17.5,49.2,11.8,23.2,1.75,4.920000000000001,2.32,60.56
LD01319,HM004,F221,D12,2026-08-12 09:30:00,Mid snack,5,0.95,1.08,0.0,0.13,14.04,F221,19.0,21.6,0.0,2.6,0.9500000000000001,1.08,0.13,14.040000000000001
LD01320,HM004,F044,D12,2026-08-12 09:30:00,Mid snack,460,11.04,1.84,15.18,33.12,193.2,F044,2.4,0.4,3.3,7.2,11.04,1.8399999999999999,33.12,193.2
LD01321,HM004,F309,D12,2026-08-12 13:00:00,Lunch,35,6.965,0.56,0.0,0.0,32.9,F309,19.9,1.6,0.0,0.0,6.964999999999999,0.5599999999999999,0.0,32.9
LD01322,HM004,F139,D12,2026-08-12 13:00:00,Lunch,165,16.995,5.115,10.89,118.635,588.555,F139,10.3,3.1,6.6,71.9,16.995,5.115,118.635,588.555
LD01323,HM004,F475,D12,2026-08-12 13:00:00,Lunch,10,1.37,0.19,1.22,7.26,36.23,F475,13.7,1.9,12.2,72.6,1.37,0.19,7.26,36.23
LD01324,HM004,F211,D12,2026-08-12 13:00:00,Lunch,130,5.98,2.6,3.64,28.86,162.76,F211,4.6,2.0,2.8,22.2,5.9799999999999995,2.6,28.86,162.76000000000002
LD01325,HM004,F251,D12,2026-08-12 16:00:00,Evening Snack,300,1.8,0.3,3.6,10.5,51.9,F251,0.6,0.1,1.2,3.5,1.7999999999999998,0.30000000000000004,10.5,51.900000000000006
LD01326,HM004,F207,D12,2026-08-12 16:00:00,Evening Snack,5,0.71,0.1,0.61,3.775,18.84,F207,14.2,2.0,12.2,75.5,0.71,0.1,3.7750000000000004,18.839999999999996
LD01327,HM004,F249,D12,2026-08-12 16:00:00,Evening Snack,170,3.4,0.34,5.44,13.26,69.7,F249,2.0,0.2,3.2,7.8,3.4,0.34,13.26,69.7
LD01328,HM004,F254,D12,2026-08-12 16:00:00,Evening Snack,230,1.61,0.23,1.15,8.51,42.55,F254,0.7,0.1,0.5,3.7,1.6099999999999999,0.22999999999999998,8.51,42.55
LD01329,HM004,F124,D12,2026-08-12 16:00:00,Evening Snack,115,2.875,1.15,6.21,16.1,86.25,F124,2.5,1.0,5.4,14.0,2.875,1.15,16.099999999999998,86.25
LD01330,HM004,F172,D12,2026-08-12 18:30:00,Dinner,65,16.12,7.085,0.0,0.0,128.245,F172,24.8,10.9,0.0,0.0,16.12,7.085000000000001,0.0,128.245
LD01331,HM004,F232,D12,2026-08-12 18:30:00,Dinner,35,4.585,3.85,0.0,0.385,54.53,F232,13.1,11.0,0.0,1.1,4.585,3.8499999999999996,0.385,54.53
LD01332,HM004,F044,D12,2026-08-12 18:30:00,Dinner,500,12.0,2.0,16.5,36.0,210.0,F044,2.4,0.4,3.3,7.2,12.0,2.0,36.0,210.0
LD01333,HM004,F161,D12,2026-08-12 18:30:00,Dinner,5,0.815,1.52,1.72,2.085,25.28,F161,16.3,30.4,34.4,41.7,0.8150000000000001,1.52,2.0850000000000004,25.28
LD01334,HM004,F242,D13,2026-08-13 06:30:00,Breakfast,165,32.67,2.64,0.0,0.0,154.44,F242,19.8,1.6,0.0,0.0,32.67,2.64,0.0,154.44
LD01335,HM004,F099,D13,2026-08-13 06:30:00,Breakfast,500,53.5,1.0,0.0,3.5,237.0,F099,10.7,0.2,0.0,0.7,53.5,1.0,3.5,237.0
LD01336,HM004,F322,D13,2026-08-13 06:30:00,Breakfast,185,2.22,0.185,3.145,18.13,83.065,F322,1.2,0.1,1.7,9.8,2.22,0.18500000000000003,18.130000000000003,83.065
LD01337,HM004,F434,D13,2026-08-13 09:30:00,Mid snack,125,13.875,0.25,0.0,0.875,61.25,F434,11.1,0.2,0.0,0.7,13.875,0.25,0.875,61.25
LD01338,HM004,F426,D13,2026-08-13 09:30:00,Mid snack,5,1.08,2.545,0.625,1.105,31.645,F426,21.6,50.9,12.5,22.1,1.08,2.545,1.1050000000000002,31.645000000000003
LD01339,HM004,F438,D13,2026-08-13 09:30:00,Mid snack,55,12.32,3.355,0.0,0.0,79.475,F438,22.4,6.1,0.0,0.0,12.32,3.355,0.0,79.475
LD01340,HM004,F013,D13,2026-08-13 09:30:00,Mid snack,35,2.45,0.14,2.66,6.72,37.94,F013,7.0,0.4,7.6,19.2,2.4499999999999997,0.13999999999999999,6.72,37.94
LD01341,HM004,F458,D13,2026-08-13 13:00:00,Lunch,190,2.09,0.57,4.94,44.27,190.57,F458,1.1,0.3,2.6,23.3,2.09,0.57,44.269999999999996,190.57
LD01342,HM004,F371,D13,2026-08-13 13:00:00,Lunch,265,60.155,16.43,0.0,0.0,388.49,F371,22.7,6.2,0.0,0.0,60.154999999999994,16.43,0.0,388.49
LD01343,HM004,F500,D13,2026-08-13 13:00:00,Lunch,65,8.19,6.89,0.0,0.715,97.63,F500,12.6,10.6,0.0,1.1,8.19,6.89,0.7150000000000001,97.63
LD01344,HM004,F444,D13,2026-08-13 16:00:00,Evening Snack,410,12.71,1.23,9.84,15.99,125.87,F444,3.1,0.3,2.4,3.9,12.709999999999999,1.2299999999999998,15.989999999999998,125.87
LD01345,HM004,F468,D13,2026-08-13 16:00:00,Evening Snack,25,0.8,0.125,0.925,20.2,85.125,F468,3.2,0.5,3.7,80.8,0.8,0.125,20.2,85.125
LD01346,HM004,F487,D13,2026-08-13 18:30:00,Dinner,100,16.6,9.0,6.0,9.9,187.0,F487,16.6,9.0,6.0,9.9,16.6,9.0,9.9,187.0
LD01347,HM004,F139,D13,2026-08-13 18:30:00,Dinner,60,6.18,1.86,3.96,43.14,214.02,F139,10.3,3.1,6.6,71.9,6.180000000000001,1.8599999999999999,43.14,214.02
LD01348,HM004,F390,D13,2026-08-13 18:30:00,Dinner,450,14.4,1.35,4.5,15.3,130.95,F390,3.2,0.3,1.0,3.4,14.4,1.3499999999999999,15.299999999999999,130.95000000000002
LD01349,HM004,F025,D13,2026-08-13 18:30:00,Dinner,5,0.91,2.19,0.165,1.51,29.39,F025,18.2,43.8,3.3,30.2,0.91,2.19,1.51,29.39
LD01350,HM004,F311,D14,2026-08-14 06:30:00,Breakfast,355,22.365,3.905,28.4,29.82,243.885,F311,6.3,1.1,8.0,8.4,22.365,3.9050000000000002,29.82,243.885
LD01351,HM004,F140,D14,2026-08-14 06:30:00,Breakfast,5,0.68,0.095,0.61,3.595,17.955,F140,13.6,1.9,12.2,71.9,0.68,0.095,3.5950000000000006,17.955000000000002
LD01352,HM004,F009,D14,2026-08-14 06:30:00,Breakfast,25,3.175,0.275,0.975,18.2,87.975,F009,12.7,1.1,3.9,72.8,3.175,0.275,18.2,87.975
LD01353,HM004,F360,D14,2026-08-14 13:00:00,Lunch,45,8.415,20.295,1.485,13.995,272.295,F360,18.7,45.1,3.3,31.1,8.415,20.295,13.995000000000001,272.295
LD01354,HM004,F321,D14,2026-08-14 13:00:00,Lunch,500,3.5,0.5,2.5,19.0,94.5,F321,0.7,0.1,0.5,3.8,3.5,0.5,19.0,94.5
LD01355,HM004,F472,D14,2026-08-14 16:00:00,Evening Snack,5,0.365,0.065,0.575,3.6,16.445,F472,7.3,1.3,11.5,72.0,0.365,0.065,3.6,16.445
LD01356,HM004,F275,D14,2026-08-14 16:00:00,Evening Snack,15,2.085,1.02,1.515,10.665,60.18,F275,13.9,6.8,10.1,71.1,2.085,1.02,10.665,60.18
LD01357,HM004,F329,D14,2026-08-14 16:00:00,Evening Snack,190,1.14,0.38,0.76,15.2,68.78,F329,0.6,0.2,0.4,8.0,1.14,0.38,15.2,68.78
LD01358,HM004,F267,D14,2026-08-14 16:00:00,Evening Snack,5,0.16,0.025,0.185,4.12,17.345,F267,3.2,0.5,3.7,82.4,0.16000000000000003,0.025,4.12,17.345000000000002
LD01359,HM004,F143,D14,2026-08-14 18:30:00,Dinner,10,1.26,0.11,0.39,7.21,34.87,F143,12.6,1.1,3.9,72.1,1.26,0.11000000000000001,7.21,34.870000000000005
LD01360,HM004,F367,D14,2026-08-14 18:30:00,Dinner,490,54.88,0.98,0.0,3.43,242.06,F367,11.2,0.2,0.0,0.7,54.88,0.9800000000000001,3.43,242.06
LD01361,HM004,F224,D14,2026-08-14 18:30:00,Dinner,15,4.02,7.68,1.275,2.505,95.22,F224,26.8,51.2,8.5,16.7,4.02,7.68,2.505,95.22
LD01362,HM004,F126,D15,2026-08-15 06:30:00,Breakfast,325,1.625,0.975,5.525,31.2,140.075,F126,0.5,0.3,1.7,9.6,1.625,0.975,31.2,140.07500000000002
LD01363,HM004,F060,D15,2026-08-15 06:30:00,Breakfast,165,2.805,1.98,6.6,30.855,152.46,F060,1.7,1.2,4.0,18.7,2.8049999999999997,1.9799999999999998,30.854999999999997,152.46
LD01364,HM004,F136,D15,2026-08-15 06:30:00,Breakfast,210,5.46,1.89,3.78,47.88,230.37,F136,2.6,0.9,1.8,22.8,5.460000000000001,1.8900000000000001,47.88,230.37
LD01365,HM004,F089,D15,2026-08-15 06:30:00,Breakfast,10,0.31,0.32,0.0,0.47,6.0,F089,3.1,3.2,0.0,4.7,0.31000000000000005,0.32000000000000006,0.47000000000000003,6.0
LD01366,HM004,F216,D15,2026-08-15 09:30:00,Mid snack,60,5.64,0.24,4.74,12.48,74.64,F216,9.4,0.4,7.9,20.8,5.64,0.24,12.48,74.64
LD01367,HM004,F201,D15,2026-08-15 09:30:00,Mid snack,235,2.115,1.41,10.105,23.735,116.09,F201,0.9,0.6,4.3,10.1,2.115,1.41,23.735,116.09
LD01368,HM004,F117,D15,2026-08-15 13:00:00,Lunch,500,3.0,0.5,6.0,16.5,82.5,F117,0.6,0.1,1.2,3.3,3.0,0.5,16.5,82.5
LD01369,HM004,F249,D15,2026-08-15 13:00:00,Lunch,65,1.3,0.13,2.08,5.07,26.65,F249,2.0,0.2,3.2,7.8,1.3,0.13,5.07,26.65
LD01370,HM004,F112,D15,2026-08-15 13:00:00,Lunch,500,9.0,2.0,11.5,24.5,152.0,F112,1.8,0.4,2.3,4.9,9.0,2.0,24.5,152.0
LD01371,HM004,F045,D15,2026-08-15 16:00:00,Evening Snack,125,2.25,0.5,2.875,6.25,38.5,F045,1.8,0.4,2.3,5.0,2.25,0.5,6.25,38.5
LD01372,HM004,F311,D15,2026-08-15 16:00:00,Evening Snack,110,6.93,1.21,8.8,9.24,75.57,F311,6.3,1.1,8.0,8.4,6.930000000000001,1.2100000000000002,9.240000000000002,75.57000000000001
LD01373,HM004,F470,D15,2026-08-15 16:00:00,Evening Snack,60,1.62,0.18,0.24,16.92,75.78,F470,2.7,0.3,0.4,28.2,1.62,0.18,16.919999999999998,75.78000000000002
LD01374,HM004,F138,D15,2026-08-15 16:00:00,Evening Snack,5,0.545,0.25,0.55,3.315,17.69,F138,10.9,5.0,11.0,66.3,0.545,0.25,3.315,17.689999999999998
LD01375,HM004,F253,D15,2026-08-15 18:30:00,Dinner,500,4.5,1.0,6.0,20.5,109.0,F253,0.9,0.2,1.2,4.1,4.5,1.0,20.5,109.0
LD01376,HM004,F316,D15,2026-08-15 18:30:00,Dinner,455,9.1,0.91,14.56,35.945,188.37,F316,2.0,0.2,3.2,7.9,9.1,0.91,35.945,188.37
LD01377,HM004,F377,D16,2026-08-16 06:30:00,Breakfast,260,8.06,0.78,6.24,10.14,79.82,F377,3.1,0.3,2.4,3.9,8.06,0.78,10.14,79.82000000000001
LD01378,HM004,F242,D16,2026-08-16 06:30:00,Breakfast,40,7.92,0.64,0.0,0.0,37.44,F242,19.8,1.6,0.0,0.0,7.920000000000001,0.6400000000000001,0.0,37.44
LD01379,HM004,F035,D16,2026-08-16 06:30:00,Breakfast,180,45.0,30.6,0.0,0.0,455.4,F035,25.0,17.0,0.0,0.0,45.0,30.6,0.0,455.40000000000003
LD01380,HM004,F134,D16,2026-08-16 09:30:00,Mid snack,75,0.675,0.45,3.225,7.5,36.75,F134,0.9,0.6,4.3,10.0,0.675,0.44999999999999996,7.5,36.75
LD01381,HM004,F290,D16,2026-08-16 09:30:00,Mid snack,105,3.57,3.675,0.0,5.25,68.355,F290,3.4,3.5,0.0,5.0,3.57,3.6750000000000003,5.25,68.35499999999999
LD01382,HM004,F234,D16,2026-08-16 09:30:00,Mid snack,50,16.1,1.85,0.0,0.0,81.05,F234,32.2,3.7,0.0,0.0,16.1,1.85,0.0,81.05000000000001
LD01383,HM004,F304,D16,2026-08-16 09:30:00,Mid snack,30,6.93,1.89,0.0,0.0,44.73,F304,23.1,6.3,0.0,0.0,6.930000000000001,1.89,0.0,44.73
LD01384,HM004,F312,D16,2026-08-16 13:00:00,Lunch,495,12.375,1.98,16.335,37.62,217.8,F312,2.5,0.4,3.3,7.6,12.375,1.9800000000000002,37.62,217.79999999999998
LD01385,HM004,F206,D16,2026-08-16 13:00:00,Lunch,95,10.26,3.04,6.27,71.725,355.3,F206,10.8,3.2,6.6,75.5,10.26,3.04,71.725,355.3
LD01386,HM004,F029,D16,2026-08-16 13:00:00,Lunch,10,1.77,4.97,1.18,2.34,61.17,F029,17.7,49.7,11.8,23.4,1.77,4.970000000000001,2.34,61.169999999999995
LD01387,HM004,F028,D16,2026-08-16 16:00:00,Evening Snack,5,0.915,2.11,1.365,1.445,28.43,F028,18.3,42.2,27.3,28.9,0.915,2.1100000000000003,1.445,28.43
LD01388,HM004,F109,D16,2026-08-16 16:00:00,Evening Snack,95,2.755,0.285,2.28,3.515,27.645,F109,2.9,0.3,2.4,3.7,2.755,0.285,3.515,27.645
LD01389,HM004,F046,D16,2026-08-16 16:00:00,Evening Snack,375,3.375,0.75,10.5,36.0,164.25,F046,0.9,0.2,2.8,9.6,3.375,0.75,36.0,164.25
LD01390,HM004,F447,D16,2026-08-16 16:00:00,Evening Snack,40,0.72,0.16,0.92,2.04,12.48,F447,1.8,0.4,2.3,5.1,0.7200000000000001,0.16000000000000003,2.04,12.479999999999999
LD01391,HM004,F424,D16,2026-08-16 18:30:00,Dinner,500,16.5,17.0,0.0,24.5,317.0,F424,3.3,3.4,0.0,4.9,16.5,17.0,24.5,317.0
LD01392,HM004,F362,D16,2026-08-16 18:30:00,Dinner,35,5.95,11.06,12.04,15.19,184.1,F362,17.0,31.6,34.4,43.4,5.949999999999999,11.06,15.189999999999998,184.10000000000002
LD01393,HM004,F193,D17,2026-08-17 06:30:00,Breakfast,80,0.4,0.24,1.36,7.76,34.8,F193,0.5,0.3,1.7,9.7,0.4,0.24,7.76,34.8
LD01394,HM004,F101,D17,2026-08-17 06:30:00,Breakfast,30,7.65,3.21,0.0,0.0,59.49,F101,25.5,10.7,0.0,0.0,7.6499999999999995,3.2099999999999995,0.0,59.49
LD01395,HM004,F034,D17,2026-08-17 06:30:00,Breakfast,95,24.7,10.355,0.0,0.0,191.995,F034,26.0,10.9,0.0,0.0,24.7,10.355,0.0,191.995
LD01396,HM004,F386,D17,2026-08-17 06:30:00,Breakfast,60,0.6,0.12,1.68,2.46,13.32,F386,1.0,0.2,2.8,4.1,0.6,0.12,2.4599999999999995,13.32
LD01397,HM004,F142,D17,2026-08-17 06:30:00,Breakfast,40,2.76,0.4,0.4,30.48,136.56,F142,6.9,1.0,1.0,76.2,2.7600000000000002,0.4,30.480000000000004,136.56
LD01398,HM004,F441,D17,2026-08-17 06:30:00,Breakfast,255,75.48,2.55,0.0,0.0,324.87,F441,29.6,1.0,0.0,0.0,75.48,2.55,0.0,324.87
LD01399,HM004,F124,D17,2026-08-17 09:30:00,Mid snack,90,2.25,0.9,4.86,12.6,67.5,F124,2.5,1.0,5.4,14.0,2.25,0.9,12.6,67.5
LD01400,HM004,F240,D17,2026-08-17 09:30:00,Mid snack,5,1.51,0.05,0.0,0.0,6.49,F240,30.2,1.0,0.0,0.0,1.51,0.05,0.0,6.49
LD01401,HM004,F012,D17,2026-08-17 09:30:00,Mid snack,15,1.305,0.075,0.96,3.42,19.575,F012,8.7,0.5,6.4,22.8,1.305,0.075,3.42,19.575
LD01402,HM004,F034,D17,2026-08-17 09:30:00,Mid snack,40,10.4,4.36,0.0,0.0,80.84,F034,26.0,10.9,0.0,0.0,10.4,4.36,0.0,80.84
LD01403,HM004,F077,D17,2026-08-17 09:30:00,Mid snack,30,1.29,0.57,0.84,6.27,35.37,F077,4.3,1.9,2.8,20.9,1.2899999999999998,0.57,6.27,35.37
LD01404,HM004,F178,D17,2026-08-17 09:30:00,Mid snack,190,4.56,0.76,6.27,13.49,79.04,F178,2.4,0.4,3.3,7.1,4.56,0.76,13.489999999999998,79.04
LD01405,HM004,F168,D17,2026-08-17 13:00:00,Lunch,20,5.14,2.16,0.0,0.0,40.0,F168,25.7,10.8,0.0,0.0,5.140000000000001,2.16,0.0,40.0
LD01406,HM004,F485,D17,2026-08-17 13:00:00,Lunch,300,24.0,4.5,21.0,66.0,400.5,F485,8.0,1.5,7.0,22.0,24.0,4.5,66.0,400.5
LD01407,HM004,F494,D17,2026-08-17 13:00:00,Lunch,45,8.19,19.71,1.485,13.59,264.51,F494,18.2,43.8,3.3,30.2,8.19,19.71,13.59,264.51
LD01408,HM004,F351,D17,2026-08-17 13:00:00,Lunch,35,2.87,0.525,2.45,7.945,47.985,F351,8.2,1.5,7.0,22.7,2.8699999999999997,0.5249999999999999,7.944999999999999,47.98500000000001
LD01409,HM004,F312,D17,2026-08-17 13:00:00,Lunch,5,0.125,0.02,0.165,0.38,2.2,F312,2.5,0.4,3.3,7.6,0.125,0.020000000000000004,0.38,2.2
LD01410,HM004,F314,D17,2026-08-17 13:00:00,Lunch,195,1.755,0.39,5.46,19.695,89.31,F314,0.9,0.2,2.8,10.1,1.755,0.39,19.695,89.31
LD01411,HM004,F159,D17,2026-08-17 16:00:00,Evening Snack,5,0.9,2.17,0.165,1.495,29.11,F159,18.0,43.4,3.3,29.9,0.9,2.17,1.495,29.11
LD01412,HM004,F138,D17,2026-08-17 16:00:00,Evening Snack,20,2.18,1.0,2.2,13.26,70.76,F138,10.9,5.0,11.0,66.3,2.18,1.0,13.26,70.75999999999999
LD01413,HM004,F044,D17,2026-08-17 16:00:00,Evening Snack,275,6.6,1.1,9.075,19.8,115.5,F044,2.4,0.4,3.3,7.2,6.6,1.1,19.8,115.5
LD01414,HM004,F131,D17,2026-08-17 16:00:00,Evening Snack,120,0.84,0.24,1.08,21.24,90.48,F131,0.7,0.2,0.9,17.7,0.84,0.24,21.24,90.47999999999999
LD01415,HM004,F458,D17,2026-08-17 18:30:00,Dinner,55,0.605,0.165,1.43,12.815,55.165,F458,1.1,0.3,2.6,23.3,0.6050000000000001,0.165,12.815000000000001,55.165
LD01416,HM004,F412,D17,2026-08-17 18:30:00,Dinner,260,11.7,4.94,7.28,56.42,316.94,F412,4.5,1.9,2.8,21.7,11.700000000000001,4.9399999999999995,56.42,316.94
LD01417,HM004,F010,D17,2026-08-17 18:30:00,Dinner,295,12.98,5.605,8.26,62.835,353.705,F010,4.4,1.9,2.8,21.3,12.980000000000002,5.605,62.83500000000001,353.705
LD01418,HM004,F476,D18,2026-08-18 06:30:00,Breakfast,50,6.6,3.25,5.05,33.85,191.05,F476,13.2,6.5,10.1,67.7,6.6,3.25,33.85,191.05
LD01419,HM004,F430,D18,2026-08-18 06:30:00,Breakfast,50,9.35,21.5,13.65,14.75,289.9,F430,18.7,43.0,27.3,29.5,9.35,21.5,14.75,289.9
LD01420,HM004,F235,D18,2026-08-18 09:30:00,Mid snack,5,1.35,0.565,0.0,0.0,10.485,F235,27.0,11.3,0.0,0.0,1.35,0.5650000000000001,0.0,10.485
LD01421,HM004,F177,D18,2026-08-18 09:30:00,Mid snack,20,1.18,0.2,1.6,1.58,12.84,F177,5.9,1.0,8.0,7.9,1.1800000000000002,0.2,1.58,12.84
LD01422,HM004,F417,D18,2026-08-18 09:30:00,Mid snack,130,11.96,0.52,10.27,26.52,158.6,F417,9.2,0.4,7.9,20.4,11.959999999999999,0.52,26.52,158.60000000000002
LD01423,HM004,F486,D18,2026-08-18 13:00:00,Lunch,25,2.0,0.15,1.25,5.0,29.35,F486,8.0,0.6,5.0,20.0,2.0,0.15,5.0,29.35
LD01424,HM004,F438,D18,2026-08-18 13:00:00,Lunch,410,91.84,25.01,0.0,0.0,592.45,F438,22.4,6.1,0.0,0.0,91.83999999999999,25.009999999999998,0.0,592.45
LD01425,HM004,F430,D18,2026-08-18 16:00:00,Evening Snack,15,2.805,6.45,4.095,4.425,86.97,F430,18.7,43.0,27.3,29.5,2.8049999999999997,6.45,4.425,86.97
LD01426,HM004,F008,D18,2026-08-18 16:00:00,Evening Snack,35,2.45,0.35,0.35,26.95,120.75,F008,7.0,1.0,1.0,77.0,2.4499999999999997,0.35,26.95,120.75
LD01427,HM004,F181,D18,2026-08-18 18:30:00,Dinner,315,5.04,0.63,8.82,29.925,145.53,F181,1.6,0.2,2.8,9.5,5.04,0.63,29.925,145.53
LD01428,HM004,F389,D18,2026-08-18 18:30:00,Dinner,500,5.5,0.5,8.5,48.0,218.5,F389,1.1,0.1,1.7,9.6,5.5,0.5,48.0,218.5
LD01429,HM004,F246,D18,2026-08-18 18:30:00,Dinner,300,5.7,1.2,6.9,15.6,96.0,F246,1.9,0.4,2.3,5.2,5.699999999999999,1.2000000000000002,15.600000000000001,96.0
LD01430,HM004,F340,D19,2026-08-19 06:30:00,Breakfast,45,4.815,1.44,2.97,33.66,166.86,F340,10.7,3.2,6.6,74.8,4.8149999999999995,1.4400000000000002,33.66,166.85999999999999
LD01431,HM004,F287,D19,2026-08-19 06:30:00,Breakfast,170,14.28,8.5,0.51,3.4,147.22,F287,8.4,5.0,0.3,2.0,14.28,8.5,3.4,147.22
LD01432,HM004,F100,D19,2026-08-19 09:30:00,Mid snack,10,3.04,0.35,0.0,0.0,15.31,F100,30.4,3.5,0.0,0.0,3.04,0.35000000000000003,0.0,15.31
LD01433,HM004,F381,D19,2026-08-19 09:30:00,Mid snack,115,1.035,0.23,3.22,11.385,51.75,F381,0.9,0.2,2.8,9.9,1.035,0.22999999999999998,11.385,51.75
LD01434,HM004,F232,D19,2026-08-19 09:30:00,Mid snack,5,0.655,0.55,0.0,0.055,7.79,F232,13.1,11.0,0.0,1.1,0.655,0.55,0.05500000000000001,7.790000000000001
LD01435,HM004,F032,D19,2026-08-19 09:30:00,Mid snack,105,11.445,0.21,0.0,0.735,50.61,F032,10.9,0.2,0.0,0.7,11.445,0.21000000000000002,0.735,50.61
LD01436,HM004,F387,D19,2026-08-19 13:00:00,Lunch,485,4.365,0.97,5.82,19.4,103.79,F387,0.9,0.2,1.2,4.0,4.365,0.97,19.4,103.79
LD01437,HM004,F183,D19,2026-08-19 13:00:00,Lunch,85,0.85,0.17,2.55,5.015,24.99,F183,1.0,0.2,3.0,5.9,0.85,0.17,5.015000000000001,24.99
LD01438,HM004,F179,D19,2026-08-19 13:00:00,Lunch,500,9.0,2.0,11.5,25.0,154.0,F179,1.8,0.4,2.3,5.0,9.0,2.0,25.0,154.0
LD01439,HM004,F199,D19,2026-08-19 18:30:00,Dinner,40,0.72,0.08,2.68,29.68,122.32,F199,1.8,0.2,6.7,74.2,0.7200000000000001,0.08000000000000002,29.680000000000003,122.32
LD01440,HM004,F187,D19,2026-08-19 18:30:00,Dinner,500,3.5,0.5,2.5,18.0,90.5,F187,0.7,0.1,0.5,3.6,3.5,0.5,18.0,90.5
LD01441,HM004,F383,D20,2026-08-20 06:30:00,Breakfast,230,4.6,0.46,7.36,17.71,93.38,F383,2.0,0.2,3.2,7.7,4.6,0.45999999999999996,17.709999999999997,93.38000000000001
LD01442,HM004,F391,D20,2026-08-20 06:30:00,Breakfast,235,2.585,0.705,6.11,55.225,237.585,F391,1.1,0.3,2.6,23.5,2.5850000000000004,0.705,55.225,237.585
LD01443,HM004,F066,D20,2026-08-20 06:30:00,Breakfast,15,0.465,0.075,0.555,11.88,50.055,F066,3.1,0.5,3.7,79.2,0.46499999999999997,0.075,11.88,50.055
LD01444,HM004,F222,D20,2026-08-20 06:30:00,Breakfast,175,6.3,5.95,0.0,8.575,113.05,F222,3.6,3.4,0.0,4.9,6.3,5.95,8.575000000000001,113.05000000000001
LD01445,HM004,F448,D20,2026-08-20 06:30:00,Breakfast,500,4.5,1.0,14.0,49.0,223.0,F448,0.9,0.2,2.8,9.8,4.5,1.0,49.0,223.0
LD01446,HM004,F243,D20,2026-08-20 09:30:00,Mid snack,40,1.24,0.12,0.96,1.6,12.44,F243,3.1,0.3,2.4,4.0,1.2400000000000002,0.12,1.6,12.44
LD01447,HM004,F046,D20,2026-08-20 09:30:00,Mid snack,345,3.105,0.69,9.66,33.12,151.11,F046,0.9,0.2,2.8,9.6,3.1050000000000004,0.6900000000000001,33.12,151.10999999999999
LD01448,HM004,F118,D20,2026-08-20 09:30:00,Mid snack,170,1.7,0.34,4.76,6.63,36.38,F118,1.0,0.2,2.8,3.9,1.7,0.34,6.63,36.38
LD01449,HM004,F388,D20,2026-08-20 09:30:00,Mid snack,500,3.5,0.5,2.5,18.5,92.5,F388,0.7,0.1,0.5,3.7,3.5,0.5,18.5,92.5
LD01450,HM004,F481,D20,2026-08-20 13:00:00,Lunch,200,17.4,1.0,12.8,45.6,261.0,F481,8.7,0.5,6.4,22.8,17.4,1.0,45.6,261.0
LD01451,HM004,F483,D20,2026-08-20 13:00:00,Lunch,5,0.36,0.05,0.255,1.0,5.89,F483,7.2,1.0,5.1,20.0,0.36000000000000004,0.05,1.0,5.89
LD01452,HM004,F021,D20,2026-08-20 13:00:00,Lunch,500,17.5,16.5,0.0,23.5,312.5,F021,3.5,3.3,0.0,4.7,17.5,16.5,23.5,312.5
LD01453,HM004,F341,D20,2026-08-20 16:00:00,Evening Snack,5,0.705,0.1,0.61,3.74,18.68,F341,14.1,2.0,12.2,74.8,0.7050000000000001,0.1,3.74,18.68
LD01454,HM004,F246,D20,2026-08-20 16:00:00,Evening Snack,455,8.645,1.82,10.465,23.66,145.6,F246,1.9,0.4,2.3,5.2,8.645,1.82,23.66,145.6
LD01455,HM004,F181,D20,2026-08-20 16:00:00,Evening Snack,5,0.08,0.01,0.14,0.475,2.31,F181,1.6,0.2,2.8,9.5,0.08000000000000002,0.010000000000000002,0.47500000000000003,2.3099999999999996
LD01456,HM004,F129,D20,2026-08-20 16:00:00,Evening Snack,220,1.76,0.88,3.52,32.34,144.32,F129,0.8,0.4,1.6,14.7,1.7600000000000002,0.8800000000000001,32.34,144.32
LD01457,HM004,F384,D20,2026-08-20 18:30:00,Dinner,500,5.0,1.0,15.0,31.0,153.0,F384,1.0,0.2,3.0,6.2,5.0,1.0,31.0,153.0
LD01458,HM004,F201,D20,2026-08-20 18:30:00,Dinner,65,0.585,0.39,2.795,6.565,32.11,F201,0.9,0.6,4.3,10.1,0.5850000000000001,0.39,6.565,32.11
LD01459,HM004,F217,D20,2026-08-20 18:30:00,Dinner,30,2.49,0.48,2.1,6.87,41.76,F217,8.3,1.6,7.0,22.9,2.49,0.48,6.869999999999999,41.76
LD01460,HM004,F353,D20,2026-08-20 18:30:00,Dinner,20,3.42,1.86,1.2,2.04,38.58,F353,17.1,9.3,6.0,10.2,3.4200000000000004,1.8600000000000003,2.04,38.58
LD01461,HM004,F066,D20,2026-08-20 18:30:00,Dinner,20,0.62,0.1,0.74,15.84,66.74,F066,3.1,0.5,3.7,79.2,0.6200000000000001,0.1,15.840000000000002,66.74000000000001
LD01462,HM004,F189,D20,2026-08-20 18:30:00,Dinner,500,15.5,1.5,5.0,16.5,141.5,F189,3.1,0.3,1.0,3.3,15.5,1.5,16.5,141.5
LD01463,HM004,F094,D21,2026-08-21 06:30:00,Breakfast,25,4.05,7.525,8.6,10.325,125.225,F094,16.2,30.1,34.4,41.3,4.05,7.525,10.325,125.22500000000001
LD01464,HM004,F082,D21,2026-08-21 06:30:00,Breakfast,315,27.72,1.26,24.885,61.74,369.18,F082,8.8,0.4,7.9,19.6,27.720000000000002,1.26,61.74,369.18
LD01465,HM004,F118,D21,2026-08-21 09:30:00,Mid snack,195,1.95,0.39,5.46,7.605,41.73,F118,1.0,0.2,2.8,3.9,1.95,0.39,7.6049999999999995,41.73
LD01466,HM004,F178,D21,2026-08-21 09:30:00,Mid snack,120,2.88,0.48,3.96,8.52,49.92,F178,2.4,0.4,3.3,7.1,2.88,0.48,8.52,49.919999999999995
LD01467,HM004,F011,D21,2026-08-21 09:30:00,Mid snack,60,5.34,1.56,4.56,16.44,101.16,F011,8.9,2.6,7.6,27.4,5.34,1.56,16.439999999999998,101.16000000000001
LD01468,HM004,F016,D21,2026-08-21 13:00:00,Lunch,90,7.2,1.35,6.3,19.8,120.15,F016,8.0,1.5,7.0,22.0,7.2,1.35,19.8,120.15
LD01469,HM004,F051,D21,2026-08-21 13:00:00,Lunch,500,5.0,1.0,14.0,20.0,109.0,F051,1.0,0.2,2.8,4.0,5.0,1.0,20.0,109.0
LD01470,HM004,F335,D21,2026-08-21 13:00:00,Lunch,210,1.89,1.26,9.03,22.47,108.78,F335,0.9,0.6,4.3,10.7,1.8900000000000001,1.26,22.47,108.78
LD01471,HM004,F419,D21,2026-08-21 13:00:00,Lunch,30,2.46,0.18,1.5,6.12,35.94,F419,8.2,0.6,5.0,20.4,2.4599999999999995,0.18,6.119999999999999,35.94
LD01472,HM004,F463,D21,2026-08-21 16:00:00,Evening Snack,145,0.87,0.29,0.58,11.31,51.33,F463,0.6,0.2,0.4,7.8,0.87,0.29,11.309999999999999,51.33
LD01473,HM004,F137,D21,2026-08-21 16:00:00,Evening Snack,10,0.72,0.13,1.15,7.13,32.57,F137,7.2,1.3,11.5,71.3,0.7200000000000001,0.13,7.13,32.57
LD01474,HM004,F293,D21,2026-08-21 16:00:00,Evening Snack,5,0.955,2.3,0.165,1.585,30.86,F293,19.1,46.0,3.3,31.7,0.9550000000000001,2.3000000000000003,1.585,30.86
LD01475,HM004,F473,D21,2026-08-21 16:00:00,Evening Snack,35,3.85,1.75,3.85,23.45,124.95,F473,11.0,5.0,11.0,67.0,3.8499999999999996,1.75,23.45,124.95
LD01476,HM004,F038,D21,2026-08-21 18:30:00,Dinner,270,67.5,29.7,0.0,0.0,537.3,F038,25.0,11.0,0.0,0.0,67.5,29.700000000000003,0.0,537.3
LD01477,HM004,F379,D21,2026-08-21 18:30:00,Dinner,45,1.125,0.18,1.485,3.33,19.44,F379,2.5,0.4,3.3,7.4,1.125,0.18000000000000002,3.33,19.44
LD01478,HM004,F205,D22,2026-08-22 06:30:00,Breakfast,70,7.98,3.64,7.7,48.79,259.84,F205,11.4,5.2,11.0,69.7,7.9799999999999995,3.6399999999999997,48.79,259.84
LD01479,HM004,F015,D22,2026-08-22 06:30:00,Breakfast,55,4.95,0.22,4.345,11.0,65.78,F015,9.0,0.4,7.9,20.0,4.95,0.22000000000000003,11.0,65.78
LD01480,HM004,F115,D22,2026-08-22 09:30:00,Mid snack,30,0.57,0.06,0.96,2.19,11.58,F115,1.9,0.2,3.2,7.3,0.57,0.06,2.19,11.579999999999998
LD01481,HM004,F387,D22,2026-08-22 09:30:00,Mid snack,245,2.205,0.49,2.94,9.8,52.43,F387,0.9,0.2,1.2,4.0,2.205,0.49000000000000005,9.8,52.43000000000001
LD01482,HM004,F414,D22,2026-08-22 09:30:00,Mid snack,40,3.56,0.2,2.56,9.32,53.32,F414,8.9,0.5,6.4,23.3,3.5600000000000005,0.2,9.32,53.32
LD01483,HM004,F150,D22,2026-08-22 09:30:00,Mid snack,5,0.395,0.075,0.35,1.09,6.615,F150,7.9,1.5,7.0,21.8,0.395,0.07500000000000001,1.09,6.615
LD01484,HM004,F100,D22,2026-08-22 13:00:00,Lunch,40,12.16,1.4,0.0,0.0,61.24,F100,30.4,3.5,0.0,0.0,12.16,1.4000000000000001,0.0,61.24
LD01485,HM004,F363,D22,2026-08-22 13:00:00,Lunch,20,3.76,8.7,5.46,5.96,117.18,F363,18.8,43.5,27.3,29.8,3.7600000000000002,8.700000000000001,5.960000000000001,117.17999999999999
LD01486,HM004,F247,D22,2026-08-22 13:00:00,Lunch,330,2.97,0.66,9.24,33.0,149.82,F247,0.9,0.2,2.8,10.0,2.9699999999999998,0.66,33.0,149.82
LD01487,HM004,F180,D22,2026-08-22 13:00:00,Lunch,120,1.08,0.24,3.36,11.4,52.08,F180,0.9,0.2,2.8,9.5,1.08,0.24,11.4,52.08
LD01488,HM004,F292,D22,2026-08-22 16:00:00,Evening Snack,15,3.345,7.86,1.875,3.42,97.8,F292,22.3,52.4,12.5,22.8,3.345,7.859999999999999,3.42,97.80000000000001
LD01489,HM004,F253,D22,2026-08-22 16:00:00,Evening Snack,100,0.9,0.2,1.2,4.1,21.8,F253,0.9,0.2,1.2,4.1,0.9,0.2,4.1,21.8
LD01490,HM004,F326,D22,2026-08-22 16:00:00,Evening Snack,10,0.09,0.01,0.24,1.24,5.41,F326,0.9,0.1,2.4,12.4,0.09000000000000001,0.010000000000000002,1.2400000000000002,5.41
LD01491,HM004,F467,D22,2026-08-22 16:00:00,Evening Snack,5,0.09,0.01,0.335,3.825,15.75,F467,1.8,0.2,6.7,76.5,0.09000000000000001,0.010000000000000002,3.825,15.75
LD01492,HM004,F470,D22,2026-08-22 18:30:00,Dinner,5,0.135,0.015,0.02,1.41,6.315,F470,2.7,0.3,0.4,28.2,0.135,0.015,1.4100000000000001,6.3149999999999995
LD01493,HM004,F061,D22,2026-08-22 18:30:00,Dinner,500,3.0,1.0,2.0,38.0,173.0,F061,0.6,0.2,0.4,7.6,3.0,1.0,38.0,173.0
LD01494,HM004,F376,D22,2026-08-22 18:30:00,Dinner,30,5.88,0.45,0.0,0.0,27.57,F376,19.6,1.5,0.0,0.0,5.88,0.44999999999999996,0.0,27.57
LD01495,HM004,F309,D22,2026-08-22 18:30:00,Dinner,20,3.98,0.32,0.0,0.0,18.8,F309,19.9,1.6,0.0,0.0,3.98,0.32000000000000006,0.0,18.8
LD01496,HM005,F330,D01,2026-08-01 06:30:00,Breakfast,400,3.2,1.6,6.4,63.2,280.0,F330,0.8,0.4,1.6,15.8,3.2,1.6,63.2,280.0
LD01497,HM005,F483,D01,2026-08-01 06:30:00,Breakfast,30,2.16,0.3,1.53,6.0,35.34,F483,7.2,1.0,5.1,20.0,2.16,0.3,6.0,35.34
LD01498,HM005,F347,D01,2026-08-01 09:30:00,Mid snack,80,7.2,0.4,5.12,18.8,107.6,F347,9.0,0.5,6.4,23.5,7.2,0.4,18.8,107.6
LD01499,HM005,F103,D01,2026-08-01 09:30:00,Mid snack,10,2.16,0.59,0.0,0.0,13.95,F103,21.6,5.9,0.0,0.0,2.16,0.5900000000000001,0.0,13.95
LD01500,HM005,F217,D01,2026-08-01 13:00:00,Lunch,25,2.075,0.4,1.75,5.725,34.8,F217,8.3,1.6,7.0,22.9,2.075,0.4,5.725,34.8
LD01501,HM005,F483,D01,2026-08-01 13:00:00,Lunch,10,0.72,0.1,0.51,2.0,11.78,F483,7.2,1.0,5.1,20.0,0.7200000000000001,0.1,2.0,11.78
LD01502,HM005,F205,D01,2026-08-01 13:00:00,Lunch,5,0.57,0.26,0.55,3.485,18.56,F205,11.4,5.2,11.0,69.7,0.5700000000000001,0.26,3.4850000000000003,18.56
LD01503,HM005,F145,D01,2026-08-01 13:00:00,Lunch,175,15.4,4.55,13.3,47.425,292.25,F145,8.8,2.6,7.6,27.1,15.400000000000002,4.55,47.425000000000004,292.25
LD01504,HM005,F427,D01,2026-08-01 18:30:00,Dinner,5,0.93,2.235,0.165,1.54,29.995,F427,18.6,44.7,3.3,30.8,0.9300000000000002,2.2350000000000003,1.54,29.994999999999997
LD01505,HM005,F348,D01,2026-08-01 18:30:00,Dinner,120,8.64,0.48,9.12,23.76,133.92,F348,7.2,0.4,7.6,19.8,8.64,0.48,23.76,133.92000000000002
LD01506,HM005,F095,D01,2026-08-01 18:30:00,Dinner,10,1.79,4.14,2.73,2.83,55.74,F095,17.9,41.4,27.3,28.3,1.79,4.14,2.83,55.739999999999995
LD01507,HM005,F100,D01,2026-08-01 18:30:00,Dinner,75,22.8,2.625,0.0,0.0,114.825,F100,30.4,3.5,0.0,0.0,22.799999999999997,2.625,0.0,114.825
LD01508,HM005,F245,D02,2026-08-02 06:30:00,Breakfast,15,0.375,0.06,0.495,1.125,6.54,F245,2.5,0.4,3.3,7.5,0.375,0.06,1.125,6.54
LD01509,HM005,F162,D02,2026-08-02 06:30:00,Breakfast,10,1.81,4.18,2.73,2.86,56.3,F162,18.1,41.8,27.3,28.6,1.8100000000000003,4.18,2.8600000000000003,56.3
LD01510,HM005,F081,D02,2026-08-02 06:30:00,Breakfast,135,9.585,1.35,6.885,26.46,156.33,F081,7.1,1.0,5.1,19.6,9.585,1.35,26.460000000000004,156.33
LD01511,HM005,F152,D02,2026-08-02 09:30:00,Mid snack,5,0.82,0.445,0.3,0.49,9.245,F152,16.4,8.9,6.0,9.8,0.82,0.44500000000000006,0.49000000000000005,9.245000000000001
LD01512,HM005,F376,D02,2026-08-02 09:30:00,Mid snack,40,7.84,0.6,0.0,0.0,36.76,F376,19.6,1.5,0.0,0.0,7.840000000000001,0.6000000000000001,0.0,36.76
LD01513,HM005,F058,D02,2026-08-02 09:30:00,Mid snack,85,0.765,0.085,2.04,10.03,43.945,F058,0.9,0.1,2.4,11.8,0.765,0.085,10.030000000000001,43.945
LD01514,HM005,F321,D02,2026-08-02 09:30:00,Mid snack,20,0.14,0.02,0.1,0.76,3.78,F321,0.7,0.1,0.5,3.8,0.13999999999999999,0.020000000000000004,0.76,3.7800000000000002
LD01515,HM005,F207,D02,2026-08-02 13:00:00,Lunch,25,3.55,0.5,3.05,18.875,94.2,F207,14.2,2.0,12.2,75.5,3.55,0.5,18.875,94.2
LD01516,HM005,F293,D02,2026-08-02 13:00:00,Lunch,5,0.955,2.3,0.165,1.585,30.86,F293,19.1,46.0,3.3,31.7,0.9550000000000001,2.3000000000000003,1.585,30.86
LD01517,HM005,F353,D02,2026-08-02 13:00:00,Lunch,50,8.55,4.65,3.0,5.1,96.45,F353,17.1,9.3,6.0,10.2,8.55,4.65,5.1,96.45
LD01518,HM005,F277,D02,2026-08-02 13:00:00,Lunch,25,3.325,0.3,0.975,19.1,92.4,F277,13.3,1.2,3.9,76.4,3.325,0.3,19.1,92.4
LD01519,HM005,F023,D02,2026-08-02 18:30:00,Dinner,10,2.58,4.92,0.85,1.61,61.04,F023,25.8,49.2,8.5,16.1,2.58,4.920000000000001,1.6100000000000003,61.040000000000006
LD01520,HM005,F431,D02,2026-08-02 18:30:00,Dinner,10,1.81,5.07,1.18,2.39,62.43,F431,18.1,50.7,11.8,23.9,1.8100000000000003,5.07,2.39,62.43000000000001
LD01521,HM005,F198,D02,2026-08-02 18:30:00,Dinner,140,0.98,0.28,1.26,25.06,106.68,F198,0.7,0.2,0.9,17.9,0.9799999999999999,0.27999999999999997,25.059999999999995,106.67999999999999
LD01522,HM005,F384,D02,2026-08-02 18:30:00,Dinner,80,0.8,0.16,2.4,4.96,24.48,F384,1.0,0.2,3.0,6.2,0.8,0.16000000000000003,4.960000000000001,24.48
LD01523,HM005,F152,D03,2026-08-03 06:30:00,Breakfast,110,18.04,9.79,6.6,10.78,203.39,F152,16.4,8.9,6.0,9.8,18.04,9.790000000000001,10.780000000000001,203.39
LD01524,HM005,F020,D03,2026-08-03 06:30:00,Breakfast,65,11.895,13.52,0.0,1.625,175.76,F020,18.3,20.8,0.0,2.5,11.895000000000001,13.520000000000001,1.625,175.76
LD01525,HM005,F149,D03,2026-08-03 09:30:00,Mid snack,30,2.67,0.12,2.37,5.94,35.52,F149,8.9,0.4,7.9,19.8,2.67,0.12,5.94,35.519999999999996
LD01526,HM005,F218,D03,2026-08-03 09:30:00,Mid snack,85,7.055,0.51,4.25,17.68,103.53,F218,8.3,0.6,5.0,20.8,7.055000000000001,0.51,17.68,103.53
LD01527,HM005,F351,D03,2026-08-03 13:00:00,Lunch,50,4.1,0.75,3.5,11.35,68.55,F351,8.2,1.5,7.0,22.7,4.1,0.75,11.35,68.55
LD01528,HM005,F496,D03,2026-08-03 13:00:00,Lunch,15,2.475,4.605,5.16,6.315,76.605,F496,16.5,30.7,34.4,42.1,2.475,4.6049999999999995,6.315,76.60500000000002
LD01529,HM005,F174,D03,2026-08-03 13:00:00,Lunch,295,70.21,2.95,0.0,0.0,307.39,F174,23.8,1.0,0.0,0.0,70.21000000000001,2.95,0.0,307.39
LD01530,HM005,F392,D03,2026-08-03 16:00:00,Evening Snack,140,3.78,1.4,7.56,20.58,110.04,F392,2.7,1.0,5.4,14.7,3.78,1.4,20.58,110.03999999999999
LD01531,HM005,F311,D03,2026-08-03 16:00:00,Evening Snack,5,0.315,0.055,0.4,0.42,3.435,F311,6.3,1.1,8.0,8.4,0.315,0.05500000000000001,0.42000000000000004,3.435
LD01532,HM005,F391,D03,2026-08-03 16:00:00,Evening Snack,5,0.055,0.015,0.13,1.175,5.055,F391,1.1,0.3,2.6,23.5,0.05500000000000001,0.015,1.175,5.055
LD01533,HM005,F126,D03,2026-08-03 16:00:00,Evening Snack,50,0.25,0.15,0.85,4.8,21.55,F126,0.5,0.3,1.7,9.6,0.25,0.15,4.8,21.55
LD01534,HM005,F140,D03,2026-08-03 18:30:00,Dinner,30,4.08,0.57,3.66,21.57,107.73,F140,13.6,1.9,12.2,71.9,4.08,0.57,21.57,107.72999999999999
LD01535,HM005,F148,D03,2026-08-03 18:30:00,Dinner,220,15.62,2.2,11.22,43.56,256.52,F148,7.1,1.0,5.1,19.8,15.620000000000001,2.2,43.56,256.52
LD01536,HM005,F043,D04,2026-08-04 06:30:00,Breakfast,65,3.9,0.65,5.2,5.2,42.25,F043,6.0,1.0,8.0,8.0,3.9000000000000004,0.65,5.2,42.25
LD01537,HM005,F346,D04,2026-08-04 06:30:00,Breakfast,50,4.6,1.35,3.8,14.1,86.95,F346,9.2,2.7,7.6,28.2,4.6,1.35,14.1,86.95
LD01538,HM005,F183,D04,2026-08-04 06:30:00,Breakfast,245,2.45,0.49,7.35,14.455,72.03,F183,1.0,0.2,3.0,5.9,2.45,0.49000000000000005,14.455000000000002,72.03
LD01539,HM005,F066,D04,2026-08-04 06:30:00,Breakfast,15,0.465,0.075,0.555,11.88,50.055,F066,3.1,0.5,3.7,79.2,0.46499999999999997,0.075,11.88,50.055
LD01540,HM005,F185,D04,2026-08-04 09:30:00,Mid snack,220,2.2,0.44,6.16,8.8,47.96,F185,1.0,0.2,2.8,4.0,2.2,0.44000000000000006,8.8,47.96
LD01541,HM005,F079,D04,2026-08-04 09:30:00,Mid snack,40,3.4,0.2,2.56,8.92,51.08,F079,8.5,0.5,6.4,22.3,3.4000000000000004,0.2,8.92,51.08
LD01542,HM005,F424,D04,2026-08-04 13:00:00,Lunch,185,6.105,6.29,0.0,9.065,117.29,F424,3.3,3.4,0.0,4.9,6.1049999999999995,6.29,9.065000000000001,117.28999999999999
LD01543,HM005,F194,D04,2026-08-04 13:00:00,Lunch,160,2.72,1.92,6.4,29.6,146.56,F194,1.7,1.2,4.0,18.5,2.72,1.92,29.6,146.56
LD01544,HM005,F226,D04,2026-08-04 13:00:00,Lunch,10,1.89,4.56,0.33,3.14,61.16,F226,18.9,45.6,3.3,31.4,1.89,4.5600000000000005,3.14,61.16
LD01545,HM005,F243,D04,2026-08-04 13:00:00,Lunch,40,1.24,0.12,0.96,1.6,12.44,F243,3.1,0.3,2.4,4.0,1.2400000000000002,0.12,1.6,12.44
LD01546,HM005,F441,D04,2026-08-04 18:30:00,Dinner,210,62.16,2.1,0.0,0.0,267.54,F441,29.6,1.0,0.0,0.0,62.160000000000004,2.1,0.0,267.53999999999996
LD01547,HM005,F422,D04,2026-08-04 18:30:00,Dinner,10,1.87,2.12,0.0,0.25,27.56,F422,18.7,21.2,0.0,2.5,1.87,2.12,0.25,27.560000000000002
LD01548,HM005,F402,D04,2026-08-04 18:30:00,Dinner,5,0.045,0.03,0.215,0.525,2.55,F402,0.9,0.6,4.3,10.5,0.045000000000000005,0.03,0.525,2.5500000000000003
LD01549,HM005,F490,D05,2026-08-05 06:30:00,Breakfast,30,1.05,0.99,0.0,1.41,18.75,F490,3.5,3.3,0.0,4.7,1.05,0.9899999999999999,1.41,18.75
LD01550,HM005,F323,D05,2026-08-05 06:30:00,Breakfast,395,13.035,1.185,3.95,13.825,118.105,F323,3.3,0.3,1.0,3.5,13.035,1.185,13.825000000000001,118.105
LD01551,HM005,F409,D05,2026-08-05 06:30:00,Breakfast,55,7.425,3.63,5.555,38.005,214.39,F409,13.5,6.6,10.1,69.1,7.425000000000001,3.63,38.005,214.39
LD01552,HM005,F203,D05,2026-08-05 06:30:00,Breakfast,50,1.35,0.45,0.9,11.95,57.25,F203,2.7,0.9,1.8,23.9,1.35,0.45,11.95,57.24999999999999
LD01553,HM005,F032,D05,2026-08-05 09:30:00,Mid snack,80,8.72,0.16,0.0,0.56,38.56,F032,10.9,0.2,0.0,0.7,8.72,0.16000000000000003,0.5599999999999999,38.56
LD01554,HM005,F155,D05,2026-08-05 09:30:00,Mid snack,215,7.525,7.095,0.0,10.105,134.375,F155,3.5,3.3,0.0,4.7,7.5249999999999995,7.095,10.105,134.375
LD01555,HM005,F199,D05,2026-08-05 13:00:00,Lunch,55,0.99,0.11,3.685,40.81,168.19,F199,1.8,0.2,6.7,74.2,0.9900000000000001,0.11000000000000001,40.81,168.19000000000003
LD01556,HM005,F059,D05,2026-08-05 13:00:00,Lunch,355,1.775,1.065,6.035,34.79,155.845,F059,0.5,0.3,1.7,9.8,1.775,1.065,34.79,155.845
LD01557,HM005,F419,D05,2026-08-05 13:00:00,Lunch,135,11.07,0.81,6.75,27.54,161.73,F419,8.2,0.6,5.0,20.4,11.07,0.81,27.54,161.73
LD01558,HM005,F342,D05,2026-08-05 16:00:00,Evening Snack,15,2.04,1.005,1.515,10.455,59.025,F342,13.6,6.7,10.1,69.7,2.04,1.005,10.455,59.025000000000006
LD01559,HM005,F109,D05,2026-08-05 16:00:00,Evening Snack,345,10.005,1.035,8.28,12.765,100.395,F109,2.9,0.3,2.4,3.7,10.005,1.035,12.765,100.39500000000001
LD01560,HM005,F394,D05,2026-08-05 18:30:00,Dinner,500,2.5,1.5,8.5,50.5,225.5,F394,0.5,0.3,1.7,10.1,2.5,1.5,50.5,225.5
LD01561,HM005,F033,D05,2026-08-05 18:30:00,Dinner,45,13.95,1.62,0.0,0.0,70.38,F033,31.0,3.6,0.0,0.0,13.950000000000001,1.62,0.0,70.38
LD01562,HM005,F377,D06,2026-08-06 06:30:00,Breakfast,80,2.48,0.24,1.92,3.12,24.56,F377,3.1,0.3,2.4,3.9,2.4800000000000004,0.24,3.12,24.56
LD01563,HM005,F418,D06,2026-08-06 06:30:00,Breakfast,5,0.41,0.075,0.35,1.12,6.795,F418,8.2,1.5,7.0,22.4,0.41,0.07500000000000001,1.1199999999999999,6.795
LD01564,HM005,F233,D06,2026-08-06 06:30:00,Breakfast,110,12.43,0.22,0.0,0.77,54.78,F233,11.3,0.2,0.0,0.7,12.430000000000001,0.22000000000000003,0.77,54.779999999999994
LD01565,HM005,F259,D06,2026-08-06 06:30:00,Breakfast,140,1.26,0.14,3.36,17.22,75.18,F259,0.9,0.1,2.4,12.3,1.26,0.13999999999999999,17.22,75.18
LD01566,HM005,F484,D06,2026-08-06 06:30:00,Breakfast,275,24.75,1.1,21.725,55.0,328.9,F484,9.0,0.4,7.9,20.0,24.75,1.1,55.0,328.9
LD01567,HM005,F413,D06,2026-08-06 09:30:00,Mid snack,30,2.73,0.81,2.28,8.37,51.69,F413,9.1,2.7,7.6,27.9,2.73,0.81,8.37,51.69
LD01568,HM005,F429,D06,2026-08-06 09:30:00,Mid snack,5,0.84,1.565,1.72,2.145,26.025,F429,16.8,31.3,34.4,42.9,0.8400000000000001,1.5650000000000002,2.145,26.025
LD01569,HM005,F279,D06,2026-08-06 09:30:00,Mid snack,10,0.93,0.27,0.76,2.88,17.67,F279,9.3,2.7,7.6,28.8,0.9300000000000002,0.27,2.8800000000000003,17.67
LD01570,HM005,F021,D06,2026-08-06 09:30:00,Mid snack,85,2.975,2.805,0.0,3.995,53.125,F021,3.5,3.3,0.0,4.7,2.975,2.8049999999999997,3.995,53.125
LD01571,HM005,F161,D06,2026-08-06 09:30:00,Mid snack,5,0.815,1.52,1.72,2.085,25.28,F161,16.3,30.4,34.4,41.7,0.8150000000000001,1.52,2.0850000000000004,25.28
LD01572,HM005,F154,D06,2026-08-06 09:30:00,Mid snack,10,1.81,2.06,0.0,0.25,26.78,F154,18.1,20.6,0.0,2.5,1.8100000000000003,2.06,0.25,26.78
LD01573,HM005,F265,D06,2026-08-06 13:00:00,Lunch,15,0.105,0.03,0.135,2.82,11.97,F265,0.7,0.2,0.9,18.8,0.105,0.03,2.82,11.969999999999999
LD01574,HM005,F361,D06,2026-08-06 13:00:00,Lunch,40,6.28,26.88,2.68,5.64,289.6,F361,15.7,67.2,6.7,14.1,6.28,26.880000000000003,5.640000000000001,289.59999999999997
LD01575,HM005,F259,D06,2026-08-06 13:00:00,Lunch,415,3.735,0.415,9.96,51.045,222.855,F259,0.9,0.1,2.4,12.3,3.7350000000000003,0.41500000000000004,51.04500000000001,222.85500000000002
LD01576,HM005,F286,D06,2026-08-06 13:00:00,Lunch,55,9.57,5.225,3.3,5.72,108.185,F286,17.4,9.5,6.0,10.4,9.57,5.2250000000000005,5.720000000000001,108.185
LD01577,HM005,F095,D06,2026-08-06 16:00:00,Evening Snack,5,0.895,2.07,1.365,1.415,27.87,F095,17.9,41.4,27.3,28.3,0.895,2.07,1.415,27.869999999999997
LD01578,HM005,F329,D06,2026-08-06 16:00:00,Evening Snack,335,2.01,0.67,1.34,26.8,121.27,F329,0.6,0.2,0.4,8.0,2.01,0.67,26.8,121.27000000000001
LD01579,HM005,F161,D06,2026-08-06 16:00:00,Evening Snack,5,0.815,1.52,1.72,2.085,25.28,F161,16.3,30.4,34.4,41.7,0.8150000000000001,1.52,2.0850000000000004,25.28
LD01580,HM005,F336,D06,2026-08-06 16:00:00,Evening Snack,50,1.4,0.15,0.2,14.5,64.95,F336,2.8,0.3,0.4,29.0,1.4,0.15,14.5,64.95
LD01581,HM005,F158,D06,2026-08-06 18:30:00,Dinner,5,1.05,2.47,0.625,1.075,30.73,F158,21.0,49.4,12.5,21.5,1.05,2.47,1.075,30.73
LD01582,HM005,F229,D06,2026-08-06 18:30:00,Dinner,15,2.85,6.585,4.095,4.515,88.725,F229,19.0,43.9,27.3,30.1,2.85,6.585,4.515,88.725
LD01583,HM005,F160,D06,2026-08-06 18:30:00,Dinner,15,2.25,9.675,1.005,2.04,104.235,F160,15.0,64.5,6.7,13.6,2.25,9.674999999999999,2.04,104.235
LD01584,HM005,F377,D06,2026-08-06 18:30:00,Dinner,500,15.5,1.5,12.0,19.5,153.5,F377,3.1,0.3,2.4,3.9,15.5,1.5,19.5,153.5
LD01585,HM005,F137,D06,2026-08-06 18:30:00,Dinner,25,1.8,0.325,2.875,17.825,81.425,F137,7.2,1.3,11.5,71.3,1.8,0.325,17.825,81.425
LD01586,HM005,F257,D07,2026-08-07 06:30:00,Breakfast,10,0.11,0.03,0.26,2.37,10.19,F257,1.1,0.3,2.6,23.7,0.11000000000000001,0.03,2.37,10.19
LD01587,HM005,F234,D07,2026-08-07 06:30:00,Breakfast,45,14.49,1.665,0.0,0.0,72.945,F234,32.2,3.7,0.0,0.0,14.490000000000002,1.665,0.0,72.945
LD01588,HM005,F331,D07,2026-08-07 06:30:00,Breakfast,195,0.975,0.195,2.73,26.91,113.295,F331,0.5,0.1,1.4,13.8,0.975,0.195,26.91,113.295
LD01589,HM005,F188,D07,2026-08-07 09:30:00,Mid snack,90,0.99,0.09,1.53,8.28,37.89,F188,1.1,0.1,1.7,9.2,0.9900000000000001,0.09000000000000001,8.28,37.89
LD01590,HM005,F374,D07,2026-08-07 09:30:00,Mid snack,30,8.97,0.3,0.0,0.0,38.58,F374,29.9,1.0,0.0,0.0,8.969999999999999,0.3,0.0,38.580000000000005
LD01591,HM005,F469,D07,2026-08-07 13:00:00,Lunch,45,0.405,0.27,1.935,4.68,22.77,F469,0.9,0.6,4.3,10.4,0.405,0.27,4.680000000000001,22.77
LD01592,HM005,F149,D07,2026-08-07 13:00:00,Lunch,70,6.23,0.28,5.53,13.86,82.88,F149,8.9,0.4,7.9,19.8,6.2299999999999995,0.27999999999999997,13.86,82.88
LD01593,HM005,F462,D07,2026-08-07 13:00:00,Lunch,70,1.19,0.84,2.8,13.37,65.8,F462,1.7,1.2,4.0,19.1,1.19,0.84,13.370000000000001,65.8
LD01594,HM005,F232,D07,2026-08-07 13:00:00,Lunch,35,4.585,3.85,0.0,0.385,54.53,F232,13.1,11.0,0.0,1.1,4.585,3.8499999999999996,0.385,54.53
LD01595,HM005,F497,D07,2026-08-07 16:00:00,Evening Snack,5,0.915,2.11,1.365,1.445,28.43,F497,18.3,42.2,27.3,28.9,0.915,2.1100000000000003,1.445,28.43
LD01596,HM005,F269,D07,2026-08-07 16:00:00,Evening Snack,55,1.54,0.165,0.22,16.28,72.765,F269,2.8,0.3,0.4,29.6,1.54,0.165,16.28,72.765
LD01597,HM005,F220,D07,2026-08-07 18:30:00,Dinner,125,10.375,6.25,0.375,2.5,107.75,F220,8.3,5.0,0.3,2.0,10.375,6.25,2.5,107.75
LD01598,HM005,F071,D07,2026-08-07 18:30:00,Dinner,15,1.62,0.735,1.65,9.855,52.515,F071,10.8,4.9,11.0,65.7,1.62,0.735,9.855,52.51500000000001
LD01599,HM005,F217,D07,2026-08-07 18:30:00,Dinner,5,0.415,0.08,0.35,1.145,6.96,F217,8.3,1.6,7.0,22.9,0.41500000000000004,0.08000000000000002,1.145,6.96
LD01600,HM005,F025,D07,2026-08-07 18:30:00,Dinner,5,0.91,2.19,0.165,1.51,29.39,F025,18.2,43.8,3.3,30.2,0.91,2.19,1.51,29.39
LD01601,HM005,F382,D08,2026-08-08 06:30:00,Breakfast,65,1.04,0.13,1.82,6.435,31.07,F382,1.6,0.2,2.8,9.9,1.04,0.13,6.4350000000000005,31.07
LD01602,HM005,F325,D08,2026-08-08 06:30:00,Breakfast,190,5.13,2.09,10.26,28.5,153.33,F325,2.7,1.1,5.4,15.0,5.13,2.09,28.5,153.33
LD01603,HM005,F086,D08,2026-08-08 06:30:00,Breakfast,225,17.55,10.575,0.675,4.275,182.475,F086,7.8,4.7,0.3,1.9,17.55,10.575000000000001,4.2749999999999995,182.47500000000002
LD01604,HM005,F184,D08,2026-08-08 09:30:00,Mid snack,475,2.85,0.475,5.7,16.15,80.275,F184,0.6,0.1,1.2,3.4,2.85,0.47500000000000003,16.15,80.275
LD01605,HM005,F393,D08,2026-08-08 09:30:00,Mid snack,25,0.225,0.025,0.6,3.05,13.325,F393,0.9,0.1,2.4,12.2,0.225,0.025,3.05,13.325
LD01606,HM005,F249,D08,2026-08-08 09:30:00,Mid snack,95,1.9,0.19,3.04,7.41,38.95,F249,2.0,0.2,3.2,7.8,1.9,0.19,7.409999999999999,38.95
LD01607,HM005,F021,D08,2026-08-08 09:30:00,Mid snack,15,0.525,0.495,0.0,0.705,9.375,F021,3.5,3.3,0.0,4.7,0.525,0.49499999999999994,0.705,9.375
LD01608,HM005,F499,D08,2026-08-08 13:00:00,Lunch,5,1.51,2.455,0.3,0.535,30.275,F499,30.2,49.1,6.0,10.7,1.51,2.455,0.535,30.275
LD01609,HM005,F067,D08,2026-08-08 13:00:00,Lunch,90,0.81,0.54,3.87,9.18,44.82,F067,0.9,0.6,4.3,10.2,0.81,0.54,9.18,44.82
LD01610,HM005,F198,D08,2026-08-08 13:00:00,Lunch,485,3.395,0.97,4.365,86.815,369.57,F198,0.7,0.2,0.9,17.9,3.3949999999999996,0.97,86.81499999999998,369.57
LD01611,HM005,F463,D08,2026-08-08 16:00:00,Evening Snack,160,0.96,0.32,0.64,12.48,56.64,F463,0.6,0.2,0.4,7.8,0.96,0.32000000000000006,12.48,56.64000000000001
LD01612,HM005,F024,D08,2026-08-08 16:00:00,Evening Snack,5,1.06,2.495,0.625,1.085,31.035,F024,21.2,49.9,12.5,21.7,1.06,2.495,1.085,31.035000000000004
LD01613,HM005,F203,D08,2026-08-08 16:00:00,Evening Snack,25,0.675,0.225,0.45,5.975,28.625,F203,2.7,0.9,1.8,23.9,0.675,0.225,5.975,28.624999999999996
LD01614,HM005,F115,D08,2026-08-08 16:00:00,Evening Snack,125,2.375,0.25,4.0,9.125,48.25,F115,1.9,0.2,3.2,7.3,2.375,0.25,9.125,48.25
LD01615,HM005,F316,D08,2026-08-08 18:30:00,Dinner,390,7.8,0.78,12.48,30.81,161.46,F316,2.0,0.2,3.2,7.9,7.8,0.78,30.810000000000002,161.46
LD01616,HM005,F446,D08,2026-08-08 18:30:00,Dinner,430,10.32,1.72,14.19,31.39,182.32,F446,2.4,0.4,3.3,7.3,10.319999999999999,1.72,31.389999999999997,182.32
LD01617,HM005,F394,D09,2026-08-09 06:30:00,Breakfast,290,1.45,0.87,4.93,29.29,130.79,F394,0.5,0.3,1.7,10.1,1.45,0.87,29.29,130.79
LD01618,HM005,F131,D09,2026-08-09 06:30:00,Breakfast,385,2.695,0.77,3.465,68.145,290.29,F131,0.7,0.2,0.9,17.7,2.695,0.77,68.145,290.28999999999996
LD01619,HM005,F297,D09,2026-08-09 09:30:00,Mid snack,10,1.86,5.22,1.18,2.46,64.26,F297,18.6,52.2,11.8,24.6,1.8600000000000003,5.220000000000001,2.4600000000000004,64.25999999999999
LD01620,HM005,F363,D09,2026-08-09 09:30:00,Mid snack,10,1.88,4.35,2.73,2.98,58.59,F363,18.8,43.5,27.3,29.8,1.8800000000000001,4.3500000000000005,2.9800000000000004,58.589999999999996
LD01621,HM005,F496,D09,2026-08-09 09:30:00,Mid snack,10,1.65,3.07,3.44,4.21,51.07,F496,16.5,30.7,34.4,42.1,1.6500000000000001,3.0700000000000003,4.21,51.06999999999999
LD01622,HM005,F126,D09,2026-08-09 13:00:00,Lunch,330,1.65,0.99,5.61,31.68,142.23,F126,0.5,0.3,1.7,9.6,1.65,0.9899999999999999,31.679999999999996,142.23
LD01623,HM005,F066,D09,2026-08-09 13:00:00,Lunch,110,3.41,0.55,4.07,87.12,367.07,F066,3.1,0.5,3.7,79.2,3.4100000000000006,0.55,87.12,367.07
LD01624,HM005,F318,D09,2026-08-09 16:00:00,Evening Snack,230,1.38,0.23,2.76,8.28,40.71,F318,0.6,0.1,1.2,3.6,1.38,0.22999999999999998,8.28,40.71
LD01625,HM005,F407,D09,2026-08-09 16:00:00,Evening Snack,5,0.53,0.16,0.33,3.705,18.38,F407,10.6,3.2,6.6,74.1,0.53,0.16000000000000003,3.705,18.380000000000003
LD01626,HM005,F426,D09,2026-08-09 16:00:00,Evening Snack,15,3.24,7.635,1.875,3.315,94.935,F426,21.6,50.9,12.5,22.1,3.24,7.635,3.315,94.935
LD01627,HM005,F253,D09,2026-08-09 18:30:00,Dinner,500,4.5,1.0,6.0,20.5,109.0,F253,0.9,0.2,1.2,4.1,4.5,1.0,20.5,109.0
LD01628,HM005,F389,D09,2026-08-09 18:30:00,Dinner,150,1.65,0.15,2.55,14.4,65.55,F389,1.1,0.1,1.7,9.6,1.6500000000000001,0.15000000000000002,14.399999999999999,65.55
LD01629,HM005,F162,D09,2026-08-09 18:30:00,Dinner,20,3.62,8.36,5.46,5.72,112.6,F162,18.1,41.8,27.3,28.6,3.6200000000000006,8.36,5.720000000000001,112.6
LD01630,HM005,F124,D10,2026-08-10 06:30:00,Breakfast,155,3.875,1.55,8.37,21.7,116.25,F124,2.5,1.0,5.4,14.0,3.875,1.55,21.7,116.25
LD01631,HM005,F458,D10,2026-08-10 06:30:00,Breakfast,210,2.31,0.63,5.46,48.93,210.63,F458,1.1,0.3,2.6,23.3,2.3100000000000005,0.63,48.93000000000001,210.63
LD01632,HM005,F453,D10,2026-08-10 13:00:00,Lunch,500,5.0,1.0,14.0,20.5,111.0,F453,1.0,0.2,2.8,4.1,5.0,1.0,20.5,111.0
LD01633,HM005,F316,D10,2026-08-10 13:00:00,Lunch,225,4.5,0.45,7.2,17.775,93.15,F316,2.0,0.2,3.2,7.9,4.5,0.45,17.775000000000002,93.14999999999999
LD01634,HM005,F158,D10,2026-08-10 18:30:00,Dinner,5,1.05,2.47,0.625,1.075,30.73,F158,21.0,49.4,12.5,21.5,1.05,2.47,1.075,30.73
LD01635,HM005,F272,D10,2026-08-10 18:30:00,Dinner,70,8.12,3.64,7.7,49.28,262.36,F272,11.6,5.2,11.0,70.4,8.12,3.6399999999999997,49.28,262.36
LD01636,HM005,F094,D10,2026-08-10 18:30:00,Dinner,10,1.62,3.01,3.44,4.13,50.09,F094,16.2,30.1,34.4,41.3,1.62,3.0100000000000002,4.13,50.089999999999996
LD01637,HM005,F238,D11,2026-08-11 06:30:00,Breakfast,35,7.28,1.82,0.0,0.0,45.5,F238,20.8,5.2,0.0,0.0,7.279999999999999,1.8199999999999998,0.0,45.5
LD01638,HM005,F173,D11,2026-08-11 06:30:00,Breakfast,75,21.525,0.75,0.0,0.0,92.85,F173,28.7,1.0,0.0,0.0,21.525,0.75,0.0,92.85
LD01639,HM005,F447,D11,2026-08-11 06:30:00,Breakfast,475,8.55,1.9,10.925,24.225,148.2,F447,1.8,0.4,2.3,5.1,8.55,1.9000000000000001,24.224999999999998,148.20000000000002
LD01640,HM005,F151,D11,2026-08-11 06:30:00,Breakfast,205,16.195,1.23,10.25,40.59,238.21,F151,7.9,0.6,5.0,19.8,16.195,1.2299999999999998,40.589999999999996,238.21
LD01641,HM005,F299,D11,2026-08-11 06:30:00,Breakfast,50,6.6,5.55,0.0,0.6,78.75,F299,13.2,11.1,0.0,1.2,6.6,5.55,0.6,78.75
LD01642,HM005,F043,D11,2026-08-11 09:30:00,Mid snack,180,10.8,1.8,14.4,14.4,117.0,F043,6.0,1.0,8.0,8.0,10.8,1.8,14.4,117.00000000000001
LD01643,HM005,F304,D11,2026-08-11 09:30:00,Mid snack,50,11.55,3.15,0.0,0.0,74.55,F304,23.1,6.3,0.0,0.0,11.55,3.15,0.0,74.55
LD01644,HM005,F091,D11,2026-08-11 09:30:00,Mid snack,5,1.04,2.445,0.625,1.065,30.425,F091,20.8,48.9,12.5,21.3,1.04,2.4450000000000003,1.0650000000000002,30.424999999999997
LD01645,HM005,F083,D11,2026-08-11 13:00:00,Lunch,85,6.63,1.275,5.95,18.36,111.435,F083,7.8,1.5,7.0,21.6,6.63,1.275,18.36,111.43499999999999
LD01646,HM005,F134,D11,2026-08-11 13:00:00,Lunch,175,1.575,1.05,7.525,17.5,85.75,F134,0.9,0.6,4.3,10.0,1.575,1.05,17.5,85.75
LD01647,HM005,F209,D11,2026-08-11 13:00:00,Lunch,35,2.555,0.35,0.35,28.035,125.51,F209,7.3,1.0,1.0,80.1,2.5549999999999997,0.35,28.034999999999997,125.51
LD01648,HM005,F345,D11,2026-08-11 13:00:00,Lunch,75,3.375,1.5,2.1,16.425,92.7,F345,4.5,2.0,2.8,21.9,3.375,1.5,16.424999999999997,92.7
LD01649,HM005,F135,D11,2026-08-11 13:00:00,Lunch,260,7.02,0.78,1.04,72.54,325.26,F135,2.7,0.3,0.4,27.9,7.0200000000000005,0.78,72.53999999999999,325.26
LD01650,HM005,F326,D11,2026-08-11 16:00:00,Evening Snack,110,0.99,0.11,2.64,13.64,59.51,F326,0.9,0.1,2.4,12.4,0.9900000000000001,0.11000000000000001,13.640000000000002,59.510000000000005
LD01651,HM005,F259,D11,2026-08-11 16:00:00,Evening Snack,110,0.99,0.11,2.64,13.53,59.07,F259,0.9,0.1,2.4,12.3,0.9900000000000001,0.11000000000000001,13.530000000000001,59.07
LD01652,HM005,F024,D11,2026-08-11 16:00:00,Evening Snack,5,1.06,2.495,0.625,1.085,31.035,F024,21.2,49.9,12.5,21.7,1.06,2.495,1.085,31.035000000000004
LD01653,HM005,F445,D11,2026-08-11 16:00:00,Evening Snack,55,3.355,0.55,4.4,4.51,36.41,F445,6.1,1.0,8.0,8.2,3.355,0.55,4.51,36.410000000000004
LD01654,HM005,F116,D11,2026-08-11 16:00:00,Evening Snack,130,1.3,0.26,3.9,7.67,38.22,F116,1.0,0.2,3.0,5.9,1.3,0.26,7.670000000000001,38.22
LD01655,HM005,F111,D11,2026-08-11 18:30:00,Dinner,300,7.2,1.2,9.9,21.3,124.8,F111,2.4,0.4,3.3,7.1,7.199999999999999,1.2000000000000002,21.299999999999997,124.8
LD01656,HM005,F353,D11,2026-08-11 18:30:00,Dinner,130,22.23,12.09,7.8,13.26,250.77,F353,17.1,9.3,6.0,10.2,22.230000000000004,12.090000000000002,13.26,250.77
LD01657,HM005,F082,D11,2026-08-11 18:30:00,Dinner,180,15.84,0.72,14.22,35.28,210.96,F082,8.8,0.4,7.9,19.6,15.840000000000002,0.7200000000000001,35.28,210.96
LD01658,HM005,F381,D12,2026-08-12 06:30:00,Breakfast,255,2.295,0.51,7.14,25.245,114.75,F381,0.9,0.2,2.8,9.9,2.295,0.51,25.244999999999997,114.75
LD01659,HM005,F404,D12,2026-08-12 06:30:00,Breakfast,105,2.835,0.945,1.89,24.675,118.545,F404,2.7,0.9,1.8,23.5,2.8350000000000004,0.9450000000000001,24.675,118.545
LD01660,HM005,F148,D12,2026-08-12 06:30:00,Breakfast,85,6.035,0.85,4.335,16.83,99.11,F148,7.1,1.0,5.1,19.8,6.034999999999999,0.85,16.830000000000002,99.11
LD01661,HM005,F228,D12,2026-08-12 06:30:00,Breakfast,10,1.72,3.19,3.44,4.38,53.11,F228,17.2,31.9,34.4,43.8,1.72,3.19,4.38,53.11
LD01662,HM005,F100,D12,2026-08-12 09:30:00,Mid snack,50,15.2,1.75,0.0,0.0,76.55,F100,30.4,3.5,0.0,0.0,15.2,1.75,0.0,76.55
LD01663,HM005,F302,D12,2026-08-12 09:30:00,Mid snack,40,10.92,4.56,0.0,0.0,84.72,F302,27.3,11.4,0.0,0.0,10.920000000000002,4.5600000000000005,0.0,84.72
LD01664,HM005,F021,D12,2026-08-12 09:30:00,Mid snack,15,0.525,0.495,0.0,0.705,9.375,F021,3.5,3.3,0.0,4.7,0.525,0.49499999999999994,0.705,9.375
LD01665,HM005,F315,D12,2026-08-12 09:30:00,Mid snack,10,0.17,0.02,0.28,1.01,4.9,F315,1.7,0.2,2.8,10.1,0.17,0.020000000000000004,1.01,4.8999999999999995
LD01666,HM005,F249,D12,2026-08-12 13:00:00,Lunch,500,10.0,1.0,16.0,39.0,205.0,F249,2.0,0.2,3.2,7.8,10.0,1.0,39.0,205.0
LD01667,HM005,F021,D12,2026-08-12 13:00:00,Lunch,315,11.025,10.395,0.0,14.805,196.875,F021,3.5,3.3,0.0,4.7,11.025,10.395,14.805,196.875
LD01668,HM005,F131,D12,2026-08-12 16:00:00,Evening Snack,110,0.77,0.22,0.99,19.47,82.94,F131,0.7,0.2,0.9,17.7,0.77,0.22000000000000003,19.470000000000002,82.94
LD01669,HM005,F179,D12,2026-08-12 16:00:00,Evening Snack,240,4.32,0.96,5.52,12.0,73.92,F179,1.8,0.4,2.3,5.0,4.32,0.96,12.0,73.92
LD01670,HM005,F237,D12,2026-08-12 18:30:00,Dinner,110,25.19,6.82,0.0,0.0,162.14,F237,22.9,6.2,0.0,0.0,25.19,6.820000000000001,0.0,162.14000000000001
LD01671,HM005,F320,D12,2026-08-12 18:30:00,Dinner,500,4.5,1.0,6.0,20.5,109.0,F320,0.9,0.2,1.2,4.1,4.5,1.0,20.5,109.0
LD01672,HM005,F024,D12,2026-08-12 18:30:00,Dinner,20,4.24,9.98,2.5,4.34,124.14,F024,21.2,49.9,12.5,21.7,4.24,9.98,4.34,124.14000000000001
LD01673,HM005,F139,D13,2026-08-13 06:30:00,Breakfast,5,0.515,0.155,0.33,3.595,17.835,F139,10.3,3.1,6.6,71.9,0.515,0.15500000000000003,3.5950000000000006,17.835
LD01674,HM005,F305,D13,2026-08-13 06:30:00,Breakfast,85,17.85,4.42,0.0,0.0,111.18,F305,21.0,5.2,0.0,0.0,17.849999999999998,4.42,0.0,111.18
LD01675,HM005,F406,D13,2026-08-13 06:30:00,Breakfast,20,2.24,1.02,2.2,13.66,72.78,F406,11.2,5.1,11.0,68.3,2.2399999999999998,1.02,13.66,72.78
LD01676,HM005,F355,D13,2026-08-13 06:30:00,Breakfast,20,3.76,4.28,0.0,0.52,55.64,F355,18.8,21.4,0.0,2.6,3.7600000000000002,4.28,0.52,55.64
LD01677,HM005,F251,D13,2026-08-13 09:30:00,Mid snack,45,0.27,0.045,0.54,1.575,7.785,F251,0.6,0.1,1.2,3.5,0.27,0.045000000000000005,1.575,7.785
LD01678,HM005,F377,D13,2026-08-13 09:30:00,Mid snack,260,8.06,0.78,6.24,10.14,79.82,F377,3.1,0.3,2.4,3.9,8.06,0.78,10.14,79.82000000000001
LD01679,HM005,F324,D13,2026-08-13 13:00:00,Lunch,100,1.2,0.3,2.6,23.9,103.1,F324,1.2,0.3,2.6,23.9,1.2,0.3,23.9,103.1
LD01680,HM005,F099,D13,2026-08-13 13:00:00,Lunch,280,29.96,0.56,0.0,1.96,132.72,F099,10.7,0.2,0.0,0.7,29.959999999999997,0.5599999999999999,1.9599999999999997,132.72
LD01681,HM005,F452,D13,2026-08-13 13:00:00,Lunch,300,1.8,0.3,3.6,10.5,51.9,F452,0.6,0.1,1.2,3.5,1.7999999999999998,0.30000000000000004,10.5,51.900000000000006
LD01682,HM005,F318,D13,2026-08-13 16:00:00,Evening Snack,95,0.57,0.095,1.14,3.42,16.815,F318,0.6,0.1,1.2,3.6,0.57,0.095,3.42,16.814999999999998
LD01683,HM005,F070,D13,2026-08-13 16:00:00,Evening Snack,5,0.36,0.065,0.575,3.53,16.145,F070,7.2,1.3,11.5,70.6,0.36000000000000004,0.065,3.53,16.145
LD01684,HM005,F116,D13,2026-08-13 16:00:00,Evening Snack,135,1.35,0.27,4.05,7.965,39.69,F116,1.0,0.2,3.0,5.9,1.35,0.27,7.965000000000001,39.69
LD01685,HM005,F042,D13,2026-08-13 16:00:00,Evening Snack,80,2.4,0.24,1.92,3.04,23.92,F042,3.0,0.3,2.4,3.8,2.4000000000000004,0.24,3.04,23.919999999999998
LD01686,HM005,F349,D13,2026-08-13 18:30:00,Dinner,180,13.32,1.8,9.18,37.08,217.8,F349,7.4,1.0,5.1,20.6,13.32,1.8,37.080000000000005,217.79999999999998
LD01687,HM005,F319,D13,2026-08-13 18:30:00,Dinner,55,0.605,0.11,1.54,2.31,12.65,F319,1.1,0.2,2.8,4.2,0.6050000000000001,0.11000000000000001,2.3100000000000005,12.65
LD01688,HM005,F242,D14,2026-08-14 06:30:00,Breakfast,45,8.91,0.72,0.0,0.0,42.12,F242,19.8,1.6,0.0,0.0,8.91,0.7200000000000001,0.0,42.12
LD01689,HM005,F309,D14,2026-08-14 06:30:00,Breakfast,95,18.905,1.52,0.0,0.0,89.3,F309,19.9,1.6,0.0,0.0,18.904999999999998,1.52,0.0,89.30000000000001
LD01690,HM005,F211,D14,2026-08-14 06:30:00,Breakfast,5,0.23,0.1,0.14,1.11,6.26,F211,4.6,2.0,2.8,22.2,0.22999999999999998,0.1,1.11,6.260000000000001
LD01691,HM005,F003,D14,2026-08-14 06:30:00,Breakfast,20,1.46,0.26,2.3,14.4,65.78,F003,7.3,1.3,11.5,72.0,1.46,0.26,14.4,65.78
LD01692,HM005,F071,D14,2026-08-14 06:30:00,Breakfast,95,10.26,4.655,10.45,62.415,332.595,F071,10.8,4.9,11.0,65.7,10.26,4.655,62.415,332.59499999999997
LD01693,HM005,F414,D14,2026-08-14 06:30:00,Breakfast,30,2.67,0.15,1.92,6.99,39.99,F414,8.9,0.5,6.4,23.3,2.67,0.15,6.99,39.99
LD01694,HM005,F482,D14,2026-08-14 09:30:00,Mid snack,20,1.4,0.08,1.52,3.84,21.68,F482,7.0,0.4,7.6,19.2,1.4000000000000001,0.08000000000000002,3.84,21.68
LD01695,HM005,F493,D14,2026-08-14 09:30:00,Mid snack,30,6.36,14.97,3.75,6.51,186.21,F493,21.2,49.9,12.5,21.7,6.359999999999999,14.969999999999999,6.51,186.21000000000004
LD01696,HM005,F449,D14,2026-08-14 09:30:00,Mid snack,65,1.04,0.13,1.82,6.37,30.81,F449,1.6,0.2,2.8,9.8,1.04,0.13,6.370000000000001,30.810000000000002
LD01697,HM005,F211,D14,2026-08-14 13:00:00,Lunch,425,19.55,8.5,11.9,94.35,532.1,F211,4.6,2.0,2.8,22.2,19.549999999999997,8.5,94.35,532.0999999999999
LD01698,HM005,F356,D14,2026-08-14 13:00:00,Lunch,160,5.76,5.44,0.0,7.68,102.72,F356,3.6,3.4,0.0,4.8,5.760000000000001,5.44,7.68,102.72
LD01699,HM005,F484,D14,2026-08-14 13:00:00,Lunch,50,4.5,0.2,3.95,10.0,59.8,F484,9.0,0.4,7.9,20.0,4.5,0.2,10.0,59.8
LD01700,HM005,F397,D14,2026-08-14 16:00:00,Evening Snack,25,0.2,0.1,0.4,3.875,17.2,F397,0.8,0.4,1.6,15.5,0.2,0.1,3.875,17.2
LD01701,HM005,F026,D14,2026-08-14 16:00:00,Evening Snack,5,0.76,3.26,0.335,0.685,35.12,F026,15.2,65.2,6.7,13.7,0.76,3.2600000000000002,0.685,35.12
LD01702,HM005,F492,D14,2026-08-14 16:00:00,Evening Snack,5,1.29,2.46,0.425,0.805,30.52,F492,25.8,49.2,8.5,16.1,1.29,2.4600000000000004,0.8050000000000002,30.520000000000003
LD01703,HM005,F038,D14,2026-08-14 16:00:00,Evening Snack,85,21.25,9.35,0.0,0.0,169.15,F038,25.0,11.0,0.0,0.0,21.25,9.35,0.0,169.14999999999998
LD01704,HM005,F132,D14,2026-08-14 16:00:00,Evening Snack,5,0.09,0.01,0.335,3.675,15.15,F132,1.8,0.2,6.7,73.5,0.09000000000000001,0.010000000000000002,3.6750000000000003,15.149999999999999
LD01705,HM005,F340,D14,2026-08-14 18:30:00,Dinner,45,4.815,1.44,2.97,33.66,166.86,F340,10.7,3.2,6.6,74.8,4.8149999999999995,1.4400000000000002,33.66,166.85999999999999
LD01706,HM005,F360,D14,2026-08-14 18:30:00,Dinner,5,0.935,2.255,0.165,1.555,30.255,F360,18.7,45.1,3.3,31.1,0.935,2.2550000000000003,1.5550000000000002,30.255
LD01707,HM005,F105,D14,2026-08-14 18:30:00,Dinner,15,3.675,1.62,0.0,0.0,29.28,F105,24.5,10.8,0.0,0.0,3.675,1.62,0.0,29.28
LD01708,HM005,F172,D14,2026-08-14 18:30:00,Dinner,210,52.08,22.89,0.0,0.0,414.33,F172,24.8,10.9,0.0,0.0,52.080000000000005,22.89,0.0,414.33
LD01709,HM005,F342,D15,2026-08-15 06:30:00,Breakfast,25,3.4,1.675,2.525,17.425,98.375,F342,13.6,6.7,10.1,69.7,3.4,1.675,17.425,98.375
LD01710,HM005,F267,D15,2026-08-15 06:30:00,Breakfast,5,0.16,0.025,0.185,4.12,17.345,F267,3.2,0.5,3.7,82.4,0.16000000000000003,0.025,4.12,17.345000000000002
LD01711,HM005,F167,D15,2026-08-15 06:30:00,Breakfast,145,44.515,5.22,0.0,0.0,225.04,F167,30.7,3.6,0.0,0.0,44.515,5.22,0.0,225.04
LD01712,HM005,F187,D15,2026-08-15 06:30:00,Breakfast,165,1.155,0.165,0.825,5.94,29.865,F187,0.7,0.1,0.5,3.6,1.1549999999999998,0.165,5.9399999999999995,29.865000000000002
LD01713,HM005,F481,D15,2026-08-15 09:30:00,Mid snack,5,0.435,0.025,0.32,1.14,6.525,F481,8.7,0.5,6.4,22.8,0.435,0.025,1.1400000000000001,6.5249999999999995
LD01714,HM005,F111,D15,2026-08-15 09:30:00,Mid snack,265,6.36,1.06,8.745,18.815,110.24,F111,2.4,0.4,3.3,7.1,6.359999999999999,1.06,18.814999999999998,110.24000000000001
LD01715,HM005,F424,D15,2026-08-15 09:30:00,Mid snack,5,0.165,0.17,0.0,0.245,3.17,F424,3.3,3.4,0.0,4.9,0.165,0.17,0.24500000000000002,3.17
LD01716,HM005,F090,D15,2026-08-15 09:30:00,Mid snack,5,1.265,2.41,0.425,0.79,29.91,F090,25.3,48.2,8.5,15.8,1.2650000000000001,2.41,0.79,29.91
LD01717,HM005,F175,D15,2026-08-15 13:00:00,Lunch,85,15.98,1.275,0.0,0.0,75.395,F175,18.8,1.5,0.0,0.0,15.98,1.275,0.0,75.395
LD01718,HM005,F267,D15,2026-08-15 13:00:00,Lunch,85,2.72,0.425,3.145,70.04,294.865,F267,3.2,0.5,3.7,82.4,2.72,0.425,70.04,294.865
LD01719,HM005,F421,D15,2026-08-15 13:00:00,Lunch,70,5.74,3.43,0.21,1.33,59.15,F421,8.2,4.9,0.3,1.9,5.739999999999999,3.43,1.3299999999999998,59.150000000000006
LD01720,HM005,F044,D15,2026-08-15 16:00:00,Evening Snack,135,3.24,0.54,4.455,9.72,56.7,F044,2.4,0.4,3.3,7.2,3.24,0.54,9.72,56.7
LD01721,HM005,F063,D15,2026-08-15 16:00:00,Evening Snack,30,0.15,0.03,0.42,3.93,16.59,F063,0.5,0.1,1.4,13.1,0.15,0.03,3.9299999999999997,16.59
LD01722,HM005,F324,D15,2026-08-15 16:00:00,Evening Snack,50,0.6,0.15,1.3,11.95,51.55,F324,1.2,0.3,2.6,23.9,0.6,0.15,11.95,51.55
LD01723,HM005,F185,D15,2026-08-15 16:00:00,Evening Snack,30,0.3,0.06,0.84,1.2,6.54,F185,1.0,0.2,2.8,4.0,0.3,0.06,1.2,6.54
LD01724,HM005,F367,D15,2026-08-15 18:30:00,Dinner,500,56.0,1.0,0.0,3.5,247.0,F367,11.2,0.2,0.0,0.7,56.0,1.0,3.5,247.0
LD01725,HM005,F193,D15,2026-08-15 18:30:00,Dinner,200,1.0,0.6,3.4,19.4,87.0,F193,0.5,0.3,1.7,9.7,1.0,0.6,19.4,87.0
LD01726,HM005,F410,D16,2026-08-16 06:30:00,Breakfast,20,1.42,0.2,0.2,15.7,70.28,F410,7.1,1.0,1.0,78.5,1.42,0.2,15.700000000000001,70.27999999999999
LD01727,HM005,F156,D16,2026-08-16 06:30:00,Breakfast,15,0.48,0.495,0.0,0.72,9.255,F156,3.2,3.3,0.0,4.8,0.48,0.49499999999999994,0.72,9.254999999999999
LD01728,HM005,F183,D16,2026-08-16 06:30:00,Breakfast,375,3.75,0.75,11.25,22.125,110.25,F183,1.0,0.2,3.0,5.9,3.75,0.75,22.125,110.25
LD01729,HM005,F231,D16,2026-08-16 06:30:00,Breakfast,5,1.57,2.555,0.3,0.555,31.495,F231,31.4,51.1,6.0,11.1,1.57,2.555,0.555,31.495
LD01730,HM005,F079,D16,2026-08-16 09:30:00,Mid snack,5,0.425,0.025,0.32,1.115,6.385,F079,8.5,0.5,6.4,22.3,0.42500000000000004,0.025,1.115,6.385
LD01731,HM005,F429,D16,2026-08-16 09:30:00,Mid snack,5,0.84,1.565,1.72,2.145,26.025,F429,16.8,31.3,34.4,42.9,0.8400000000000001,1.5650000000000002,2.145,26.025
LD01732,HM005,F028,D16,2026-08-16 09:30:00,Mid snack,10,1.83,4.22,2.73,2.89,56.86,F028,18.3,42.2,27.3,28.9,1.83,4.220000000000001,2.89,56.86
LD01733,HM005,F118,D16,2026-08-16 13:00:00,Lunch,50,0.5,0.1,1.4,1.95,10.7,F118,1.0,0.2,2.8,3.9,0.5,0.1,1.95,10.700000000000001
LD01734,HM005,F351,D16,2026-08-16 13:00:00,Lunch,65,5.33,0.975,4.55,14.755,89.115,F351,8.2,1.5,7.0,22.7,5.33,0.9750000000000001,14.755,89.11500000000001
LD01735,HM005,F331,D16,2026-08-16 13:00:00,Lunch,290,1.45,0.29,4.06,40.02,168.49,F331,0.5,0.1,1.4,13.8,1.45,0.29,40.02,168.49000000000004
LD01736,HM005,F361,D16,2026-08-16 13:00:00,Lunch,5,0.785,3.36,0.335,0.705,36.2,F361,15.7,67.2,6.7,14.1,0.785,3.3600000000000003,0.7050000000000001,36.199999999999996
LD01737,HM005,F395,D16,2026-08-16 16:00:00,Evening Snack,15,0.27,0.18,0.6,2.895,14.28,F395,1.8,1.2,4.0,19.3,0.27,0.18,2.895,14.28
LD01738,HM005,F397,D16,2026-08-16 16:00:00,Evening Snack,5,0.04,0.02,0.08,0.775,3.44,F397,0.8,0.4,1.6,15.5,0.04000000000000001,0.020000000000000004,0.775,3.4400000000000004
LD01739,HM005,F056,D16,2026-08-16 16:00:00,Evening Snack,80,0.88,0.24,2.08,18.24,78.64,F056,1.1,0.3,2.6,22.8,0.8800000000000001,0.24,18.240000000000002,78.63999999999999
LD01740,HM005,F447,D16,2026-08-16 18:30:00,Dinner,200,3.6,0.8,4.6,10.2,62.4,F447,1.8,0.4,2.3,5.1,3.6,0.8,10.2,62.4
LD01741,HM005,F079,D16,2026-08-16 18:30:00,Dinner,130,11.05,0.65,8.32,28.99,166.01,F079,8.5,0.5,6.4,22.3,11.05,0.65,28.990000000000002,166.01
LD01742,HM005,F005,D17,2026-08-17 06:30:00,Breakfast,90,9.36,2.79,5.94,65.34,323.91,F005,10.4,3.1,6.6,72.6,9.360000000000001,2.79,65.34,323.91
LD01743,HM005,F447,D17,2026-08-17 06:30:00,Breakfast,165,2.97,0.66,3.795,8.415,51.48,F447,1.8,0.4,2.3,5.1,2.9699999999999998,0.66,8.415,51.48
LD01744,HM005,F275,D17,2026-08-17 06:30:00,Breakfast,35,4.865,2.38,3.535,24.885,140.42,F275,13.9,6.8,10.1,71.1,4.865,2.38,24.884999999999998,140.42
LD01745,HM005,F480,D17,2026-08-17 09:30:00,Mid snack,5,0.445,0.13,0.38,1.37,8.43,F480,8.9,2.6,7.6,27.4,0.44500000000000006,0.13,1.37,8.43
LD01746,HM005,F461,D17,2026-08-17 09:30:00,Mid snack,35,0.175,0.105,0.595,3.5,15.645,F461,0.5,0.3,1.7,10.0,0.175,0.105,3.5,15.645
LD01747,HM005,F493,D17,2026-08-17 09:30:00,Mid snack,15,3.18,7.485,1.875,3.255,93.105,F493,21.2,49.9,12.5,21.7,3.1799999999999997,7.484999999999999,3.255,93.10500000000002
LD01748,HM005,F181,D17,2026-08-17 09:30:00,Mid snack,20,0.32,0.04,0.56,1.9,9.24,F181,1.6,0.2,2.8,9.5,0.32000000000000006,0.04000000000000001,1.9000000000000001,9.239999999999998
LD01749,HM005,F108,D17,2026-08-17 09:30:00,Mid snack,20,3.72,0.3,0.0,0.0,17.58,F108,18.6,1.5,0.0,0.0,3.7200000000000006,0.30000000000000004,0.0,17.580000000000002
LD01750,HM005,F085,D17,2026-08-17 09:30:00,Mid snack,30,4.89,2.64,1.8,2.91,54.96,F085,16.3,8.8,6.0,9.7,4.89,2.64,2.9099999999999997,54.96
LD01751,HM005,F095,D17,2026-08-17 13:00:00,Lunch,20,3.58,8.28,5.46,5.66,111.48,F095,17.9,41.4,27.3,28.3,3.58,8.28,5.66,111.47999999999999
LD01752,HM005,F023,D17,2026-08-17 13:00:00,Lunch,5,1.29,2.46,0.425,0.805,30.52,F023,25.8,49.2,8.5,16.1,1.29,2.4600000000000004,0.8050000000000002,30.520000000000003
LD01753,HM005,F327,D17,2026-08-17 13:00:00,Lunch,500,2.5,1.5,8.5,51.5,229.5,F327,0.5,0.3,1.7,10.3,2.5,1.5,51.5,229.5
LD01754,HM005,F341,D17,2026-08-17 13:00:00,Lunch,5,0.705,0.1,0.61,3.74,18.68,F341,14.1,2.0,12.2,74.8,0.7050000000000001,0.1,3.74,18.68
LD01755,HM005,F257,D17,2026-08-17 13:00:00,Lunch,55,0.605,0.165,1.43,13.035,56.045,F257,1.1,0.3,2.6,23.7,0.6050000000000001,0.165,13.035,56.045
LD01756,HM005,F272,D17,2026-08-17 13:00:00,Lunch,25,2.9,1.3,2.75,17.6,93.7,F272,11.6,5.2,11.0,70.4,2.9,1.3,17.6,93.7
LD01757,HM005,F320,D17,2026-08-17 16:00:00,Evening Snack,500,4.5,1.0,6.0,20.5,109.0,F320,0.9,0.2,1.2,4.1,4.5,1.0,20.5,109.0
LD01758,HM005,F206,D17,2026-08-17 16:00:00,Evening Snack,5,0.54,0.16,0.33,3.775,18.7,F206,10.8,3.2,6.6,75.5,0.54,0.16000000000000003,3.7750000000000004,18.7
LD01759,HM005,F190,D17,2026-08-17 16:00:00,Evening Snack,30,0.33,0.09,0.78,6.78,29.25,F190,1.1,0.3,2.6,22.6,0.33,0.09,6.78,29.25
LD01760,HM005,F054,D17,2026-08-17 16:00:00,Evening Snack,5,0.055,0.005,0.085,0.465,2.125,F054,1.1,0.1,1.7,9.3,0.05500000000000001,0.005000000000000001,0.4650000000000001,2.125
LD01761,HM005,F247,D17,2026-08-17 16:00:00,Evening Snack,35,0.315,0.07,0.98,3.5,15.89,F247,0.9,0.2,2.8,10.0,0.315,0.06999999999999999,3.5,15.89
LD01762,HM005,F458,D17,2026-08-17 16:00:00,Evening Snack,20,0.22,0.06,0.52,4.66,20.06,F458,1.1,0.3,2.6,23.3,0.22000000000000003,0.06,4.66,20.06
LD01763,HM005,F425,D17,2026-08-17 18:30:00,Dinner,20,5.26,10.04,1.7,3.28,124.52,F425,26.3,50.2,8.5,16.4,5.260000000000001,10.040000000000001,3.28,124.51999999999998
LD01764,HM005,F118,D17,2026-08-17 18:30:00,Dinner,500,5.0,1.0,14.0,19.5,107.0,F118,1.0,0.2,2.8,3.9,5.0,1.0,19.5,107.0
LD01765,HM005,F460,D17,2026-08-17 18:30:00,Dinner,265,2.385,0.265,6.36,31.8,139.125,F460,0.9,0.1,2.4,12.0,2.385,0.265,31.799999999999997,139.125
LD01766,HM005,F146,D17,2026-08-17 18:30:00,Dinner,65,5.59,0.325,4.16,14.69,84.045,F146,8.6,0.5,6.4,22.6,5.59,0.325,14.690000000000001,84.045
LD01767,HM005,F395,D18,2026-08-18 06:30:00,Breakfast,40,0.72,0.48,1.6,7.72,38.08,F395,1.8,1.2,4.0,19.3,0.7200000000000001,0.48,7.720000000000001,38.08
LD01768,HM005,F387,D18,2026-08-18 06:30:00,Breakfast,500,4.5,1.0,6.0,20.0,107.0,F387,0.9,0.2,1.2,4.0,4.5,1.0,20.0,107.0
LD01769,HM005,F045,D18,2026-08-18 09:30:00,Mid snack,225,4.05,0.9,5.175,11.25,69.3,F045,1.8,0.4,2.3,5.0,4.05,0.9,11.25,69.3
LD01770,HM005,F491,D18,2026-08-18 09:30:00,Mid snack,35,1.12,1.155,0.0,1.68,21.595,F491,3.2,3.3,0.0,4.8,1.1199999999999999,1.1549999999999998,1.68,21.595
LD01771,HM005,F447,D18,2026-08-18 13:00:00,Lunch,80,1.44,0.32,1.84,4.08,24.96,F447,1.8,0.4,2.3,5.1,1.4400000000000002,0.32000000000000006,4.08,24.959999999999997
LD01772,HM005,F352,D18,2026-08-18 13:00:00,Lunch,165,13.53,0.99,8.25,33.99,198.99,F352,8.2,0.6,5.0,20.6,13.529999999999998,0.9899999999999999,33.99,198.99
LD01773,HM005,F456,D18,2026-08-18 13:00:00,Lunch,130,1.43,0.13,2.21,12.35,56.29,F456,1.1,0.1,1.7,9.5,1.4300000000000002,0.13,12.35,56.29
LD01774,HM005,F001,D18,2026-08-18 16:00:00,Evening Snack,10,0.27,0.03,0.04,2.82,12.63,F001,2.7,0.3,0.4,28.2,0.27,0.03,2.8200000000000003,12.629999999999999
LD01775,HM005,F112,D18,2026-08-18 16:00:00,Evening Snack,165,2.97,0.66,3.795,8.085,50.16,F112,1.8,0.4,2.3,4.9,2.9699999999999998,0.66,8.085,50.160000000000004
LD01776,HM005,F475,D18,2026-08-18 16:00:00,Evening Snack,10,1.37,0.19,1.22,7.26,36.23,F475,13.7,1.9,12.2,72.6,1.37,0.19,7.26,36.23
LD01777,HM005,F143,D18,2026-08-18 18:30:00,Dinner,30,3.78,0.33,1.17,21.63,104.61,F143,12.6,1.1,3.9,72.1,3.78,0.33,21.63,104.61
LD01778,HM005,F299,D18,2026-08-18 18:30:00,Dinner,95,12.54,10.545,0.0,1.14,149.625,F299,13.2,11.1,0.0,1.2,12.54,10.545,1.14,149.625
LD01779,HM005,F264,D19,2026-08-19 06:30:00,Breakfast,420,2.1,0.42,5.88,57.12,240.66,F264,0.5,0.1,1.4,13.6,2.1,0.42000000000000004,57.12,240.66
LD01780,HM005,F353,D19,2026-08-19 06:30:00,Breakfast,15,2.565,1.395,0.9,1.53,28.935,F353,17.1,9.3,6.0,10.2,2.565,1.395,1.5299999999999998,28.935
LD01781,HM005,F251,D19,2026-08-19 06:30:00,Breakfast,500,3.0,0.5,6.0,17.5,86.5,F251,0.6,0.1,1.2,3.5,3.0,0.5,17.5,86.5
LD01782,HM005,F366,D19,2026-08-19 09:30:00,Mid snack,45,5.85,4.905,0.0,0.495,69.525,F366,13.0,10.9,0.0,1.1,5.8500000000000005,4.905,0.49500000000000005,69.525
LD01783,HM005,F027,D19,2026-08-19 09:30:00,Mid snack,5,0.825,1.535,1.72,2.105,25.535,F027,16.5,30.7,34.4,42.1,0.8250000000000001,1.5350000000000001,2.105,25.534999999999997
LD01784,HM005,F180,D19,2026-08-19 09:30:00,Mid snack,100,0.9,0.2,2.8,9.5,43.4,F180,0.9,0.2,2.8,9.5,0.9,0.2,9.5,43.4
LD01785,HM005,F436,D19,2026-08-19 09:30:00,Mid snack,10,2.65,1.11,0.0,0.0,20.59,F436,26.5,11.1,0.0,0.0,2.6500000000000004,1.11,0.0,20.59
LD01786,HM005,F119,D19,2026-08-19 13:00:00,Lunch,500,4.5,1.0,6.0,19.0,103.0,F119,0.9,0.2,1.2,3.8,4.5,1.0,19.0,103.0
LD01787,HM005,F290,D19,2026-08-19 13:00:00,Lunch,30,1.02,1.05,0.0,1.5,19.53,F290,3.4,3.5,0.0,5.0,1.02,1.05,1.5,19.53
LD01788,HM005,F361,D19,2026-08-19 13:00:00,Lunch,10,1.57,6.72,0.67,1.41,72.4,F361,15.7,67.2,6.7,14.1,1.57,6.720000000000001,1.4100000000000001,72.39999999999999
LD01789,HM005,F147,D19,2026-08-19 13:00:00,Lunch,175,12.075,0.7,13.3,33.25,187.6,F147,6.9,0.4,7.6,19.0,12.075000000000001,0.7000000000000001,33.25,187.60000000000002
LD01790,HM005,F494,D19,2026-08-19 16:00:00,Evening Snack,5,0.91,2.19,0.165,1.51,29.39,F494,18.2,43.8,3.3,30.2,0.91,2.19,1.51,29.39
LD01791,HM005,F407,D19,2026-08-19 16:00:00,Evening Snack,30,3.18,0.96,1.98,22.23,110.28,F407,10.6,3.2,6.6,74.1,3.1799999999999997,0.96,22.229999999999997,110.28
LD01792,HM005,F197,D19,2026-08-19 16:00:00,Evening Snack,30,0.15,0.03,0.42,3.9,16.47,F197,0.5,0.1,1.4,13.0,0.15,0.03,3.9,16.47
LD01793,HM005,F391,D19,2026-08-19 16:00:00,Evening Snack,30,0.33,0.09,0.78,7.05,30.33,F391,1.1,0.3,2.6,23.5,0.33,0.09,7.05,30.33
LD01794,HM005,F431,D19,2026-08-19 18:30:00,Dinner,20,3.62,10.14,2.36,4.78,124.86,F431,18.1,50.7,11.8,23.9,3.6200000000000006,10.14,4.78,124.86000000000001
LD01795,HM005,F328,D19,2026-08-19 18:30:00,Dinner,215,3.87,2.795,8.6,42.14,209.195,F328,1.8,1.3,4.0,19.6,3.87,2.795,42.14,209.195
LD01796,HM005,F080,D19,2026-08-19 18:30:00,Dinner,5,0.345,0.02,0.38,0.94,5.32,F080,6.9,0.4,7.6,18.8,0.34500000000000003,0.020000000000000004,0.9400000000000001,5.319999999999999
LD01797,HM005,F421,D19,2026-08-19 18:30:00,Dinner,40,3.28,1.96,0.12,0.76,33.8,F421,8.2,4.9,0.3,1.9,3.28,1.9600000000000002,0.76,33.8
LD01798,HM005,F231,D20,2026-08-20 06:30:00,Breakfast,5,1.57,2.555,0.3,0.555,31.495,F231,31.4,51.1,6.0,11.1,1.57,2.555,0.555,31.495
LD01799,HM005,F208,D20,2026-08-20 06:30:00,Breakfast,5,0.685,0.34,0.505,3.52,19.88,F208,13.7,6.8,10.1,70.4,0.685,0.34,3.5200000000000005,19.88
LD01800,HM005,F019,D20,2026-08-20 06:30:00,Breakfast,390,31.2,18.72,1.17,7.41,322.92,F019,8.0,4.8,0.3,1.9,31.2,18.72,7.409999999999999,322.91999999999996
LD01801,HM005,F028,D20,2026-08-20 06:30:00,Breakfast,5,0.915,2.11,1.365,1.445,28.43,F028,18.3,42.2,27.3,28.9,0.915,2.1100000000000003,1.445,28.43
LD01802,HM005,F364,D20,2026-08-20 09:30:00,Mid snack,5,0.91,2.56,0.59,1.205,31.5,F364,18.2,51.2,11.8,24.1,0.91,2.5600000000000005,1.205,31.5
LD01803,HM005,F083,D20,2026-08-20 09:30:00,Mid snack,95,7.41,1.425,6.65,20.52,124.545,F083,7.8,1.5,7.0,21.6,7.409999999999999,1.4249999999999998,20.52,124.545
LD01804,HM005,F394,D20,2026-08-20 13:00:00,Lunch,250,1.25,0.75,4.25,25.25,112.75,F394,0.5,0.3,1.7,10.1,1.25,0.75,25.25,112.75
LD01805,HM005,F120,D20,2026-08-20 13:00:00,Lunch,260,1.82,0.26,1.3,9.1,46.02,F120,0.7,0.1,0.5,3.5,1.8199999999999998,0.26,9.1,46.019999999999996
LD01806,HM005,F484,D20,2026-08-20 13:00:00,Lunch,65,5.85,0.26,5.135,13.0,77.74,F484,9.0,0.4,7.9,20.0,5.8500000000000005,0.26,13.0,77.74000000000001
LD01807,HM005,F267,D20,2026-08-20 13:00:00,Lunch,70,2.24,0.35,2.59,57.68,242.83,F267,3.2,0.5,3.7,82.4,2.2399999999999998,0.35,57.68,242.83
LD01808,HM005,F471,D20,2026-08-20 16:00:00,Evening Snack,140,3.64,1.26,2.52,32.2,154.7,F471,2.6,0.9,1.8,23.0,3.6399999999999997,1.26,32.199999999999996,154.70000000000002
LD01809,HM005,F042,D20,2026-08-20 16:00:00,Evening Snack,30,0.9,0.09,0.72,1.14,8.97,F042,3.0,0.3,2.4,3.8,0.8999999999999999,0.09,1.14,8.97
LD01810,HM005,F395,D20,2026-08-20 18:30:00,Dinner,165,2.97,1.98,6.6,31.845,157.08,F395,1.8,1.2,4.0,19.3,2.9699999999999998,1.9799999999999998,31.845,157.07999999999998
LD01811,HM005,F482,D20,2026-08-20 18:30:00,Dinner,80,5.6,0.32,6.08,15.36,86.72,F482,7.0,0.4,7.6,19.2,5.6000000000000005,0.32000000000000006,15.36,86.72
LD01812,HM005,F346,D20,2026-08-20 18:30:00,Dinner,85,7.82,2.295,6.46,23.97,147.815,F346,9.2,2.7,7.6,28.2,7.819999999999999,2.295,23.97,147.815
LD01813,HM005,F207,D21,2026-08-21 06:30:00,Breakfast,30,4.26,0.6,3.66,22.65,113.04,F207,14.2,2.0,12.2,75.5,4.26,0.6,22.65,113.03999999999999
LD01814,HM005,F213,D21,2026-08-21 06:30:00,Breakfast,35,3.15,0.175,2.24,8.295,47.355,F213,9.0,0.5,6.4,23.7,3.15,0.175,8.295,47.355000000000004
LD01815,HM005,F112,D21,2026-08-21 06:30:00,Breakfast,500,9.0,2.0,11.5,24.5,152.0,F112,1.8,0.4,2.3,4.9,9.0,2.0,24.5,152.0
LD01816,HM005,F490,D21,2026-08-21 06:30:00,Breakfast,120,4.2,3.96,0.0,5.64,75.0,F490,3.5,3.3,0.0,4.7,4.2,3.9599999999999995,5.64,75.0
LD01817,HM005,F496,D21,2026-08-21 09:30:00,Mid snack,10,1.65,3.07,3.44,4.21,51.07,F496,16.5,30.7,34.4,42.1,1.6500000000000001,3.0700000000000003,4.21,51.06999999999999
LD01818,HM005,F155,D21,2026-08-21 09:30:00,Mid snack,20,0.7,0.66,0.0,0.94,12.5,F155,3.5,3.3,0.0,4.7,0.7000000000000001,0.66,0.9400000000000001,12.5
LD01819,HM005,F085,D21,2026-08-21 09:30:00,Mid snack,25,4.075,2.2,1.5,2.425,45.8,F085,16.3,8.8,6.0,9.7,4.075,2.2,2.425,45.8
LD01820,HM005,F018,D21,2026-08-21 09:30:00,Mid snack,55,9.13,4.95,3.3,5.445,102.85,F018,16.6,9.0,6.0,9.9,9.13,4.95,5.445,102.85000000000001
LD01821,HM005,F429,D21,2026-08-21 13:00:00,Lunch,25,4.2,7.825,8.6,10.725,130.125,F429,16.8,31.3,34.4,42.9,4.2,7.825,10.725,130.125
LD01822,HM005,F182,D21,2026-08-21 13:00:00,Lunch,500,9.5,1.0,16.0,37.0,195.0,F182,1.9,0.2,3.2,7.4,9.5,1.0,37.0,195.0
LD01823,HM005,F421,D21,2026-08-21 13:00:00,Lunch,125,10.25,6.125,0.375,2.375,105.625,F421,8.2,4.9,0.3,1.9,10.25,6.125,2.375,105.625
LD01824,HM005,F451,D21,2026-08-21 13:00:00,Lunch,65,0.65,0.13,1.95,3.965,19.63,F451,1.0,0.2,3.0,6.1,0.65,0.13,3.965,19.630000000000003
LD01825,HM005,F098,D21,2026-08-21 13:00:00,Lunch,70,8.61,7.28,0.0,0.77,103.04,F098,12.3,10.4,0.0,1.1,8.61,7.279999999999999,0.77,103.03999999999999
LD01826,HM005,F137,D21,2026-08-21 16:00:00,Evening Snack,25,1.8,0.325,2.875,17.825,81.425,F137,7.2,1.3,11.5,71.3,1.8,0.325,17.825,81.425
LD01827,HM005,F248,D21,2026-08-21 16:00:00,Evening Snack,55,0.935,0.11,1.54,5.5,26.73,F248,1.7,0.2,2.8,10.0,0.935,0.11000000000000001,5.5,26.73
LD01828,HM005,F319,D21,2026-08-21 16:00:00,Evening Snack,35,0.385,0.07,0.98,1.47,8.05,F319,1.1,0.2,2.8,4.2,0.385,0.06999999999999999,1.47,8.05
LD01829,HM005,F473,D21,2026-08-21 16:00:00,Evening Snack,10,1.1,0.5,1.1,6.7,35.7,F473,11.0,5.0,11.0,67.0,1.1,0.5,6.7,35.7
LD01830,HM005,F159,D21,2026-08-21 16:00:00,Evening Snack,10,1.8,4.34,0.33,2.99,58.22,F159,18.0,43.4,3.3,29.9,1.8,4.34,2.99,58.22
LD01831,HM005,F121,D21,2026-08-21 18:30:00,Dinner,500,5.5,0.5,8.5,45.5,208.5,F121,1.1,0.1,1.7,9.1,5.5,0.5,45.5,208.5
LD01832,HM005,F252,D21,2026-08-21 18:30:00,Dinner,325,3.25,0.65,9.1,13.65,73.45,F252,1.0,0.2,2.8,4.2,3.25,0.65,13.65,73.44999999999999
LD01833,HM005,F029,D21,2026-08-21 18:30:00,Dinner,5,0.885,2.485,0.59,1.17,30.585,F029,17.7,49.7,11.8,23.4,0.885,2.4850000000000003,1.17,30.584999999999997
LD01834,HM005,F402,D21,2026-08-21 18:30:00,Dinner,30,0.27,0.18,1.29,3.15,15.3,F402,0.9,0.6,4.3,10.5,0.27,0.18,3.15,15.299999999999999
LD01835,HM005,F414,D21,2026-08-21 18:30:00,Dinner,55,4.895,0.275,3.52,12.815,73.315,F414,8.9,0.5,6.4,23.3,4.8950000000000005,0.275,12.815000000000001,73.315
LD01836,HM005,F077,D21,2026-08-21 18:30:00,Dinner,5,0.215,0.095,0.14,1.045,5.895,F077,4.3,1.9,2.8,20.9,0.215,0.095,1.045,5.895
LD01837,HM005,F077,D22,2026-08-22 06:30:00,Breakfast,45,1.935,0.855,1.26,9.405,53.055,F077,4.3,1.9,2.8,20.9,1.935,0.855,9.405,53.055
LD01838,HM005,F127,D22,2026-08-22 06:30:00,Breakfast,340,5.78,4.08,13.6,62.22,308.72,F127,1.7,1.2,4.0,18.3,5.779999999999999,4.08,62.22,308.72
LD01839,HM005,F019,D22,2026-08-22 09:30:00,Mid snack,25,2.0,1.2,0.075,0.475,20.7,F019,8.0,4.8,0.3,1.9,2.0,1.2,0.475,20.7
LD01840,HM005,F379,D22,2026-08-22 09:30:00,Mid snack,60,1.5,0.24,1.98,4.44,25.92,F379,2.5,0.4,3.3,7.4,1.5,0.24,4.44,25.92
LD01841,HM005,F355,D22,2026-08-22 09:30:00,Mid snack,15,2.82,3.21,0.0,0.39,41.73,F355,18.8,21.4,0.0,2.6,2.82,3.2099999999999995,0.39,41.730000000000004
LD01842,HM005,F058,D22,2026-08-22 09:30:00,Mid snack,100,0.9,0.1,2.4,11.8,51.7,F058,0.9,0.1,2.4,11.8,0.9,0.1,11.8,51.7
LD01843,HM005,F453,D22,2026-08-22 13:00:00,Lunch,325,3.25,0.65,9.1,13.325,72.15,F453,1.0,0.2,2.8,4.1,3.25,0.65,13.325,72.14999999999999
LD01844,HM005,F472,D22,2026-08-22 13:00:00,Lunch,10,0.73,0.13,1.15,7.2,32.89,F472,7.3,1.3,11.5,72.0,0.73,0.13,7.2,32.89
LD01845,HM005,F250,D22,2026-08-22 13:00:00,Lunch,460,4.6,0.92,13.8,28.52,140.76,F250,1.0,0.2,3.0,6.2,4.6,0.9199999999999999,28.52,140.76
LD01846,HM005,F094,D22,2026-08-22 13:00:00,Lunch,30,4.86,9.03,10.32,12.39,150.27,F094,16.2,30.1,34.4,41.3,4.859999999999999,9.03,12.389999999999999,150.26999999999998
LD01847,HM005,F111,D22,2026-08-22 16:00:00,Evening Snack,55,1.32,0.22,1.815,3.905,22.88,F111,2.4,0.4,3.3,7.1,1.32,0.22000000000000003,3.9050000000000002,22.88
LD01848,HM005,F207,D22,2026-08-22 16:00:00,Evening Snack,20,2.84,0.4,2.44,15.1,75.36,F207,14.2,2.0,12.2,75.5,2.84,0.4,15.100000000000001,75.35999999999999
LD01849,HM005,F210,D22,2026-08-22 16:00:00,Evening Snack,15,1.98,0.165,0.585,11.355,54.825,F210,13.2,1.1,3.9,75.7,1.9799999999999998,0.165,11.355,54.825
LD01850,HM005,F129,D22,2026-08-22 18:30:00,Dinner,25,0.2,0.1,0.4,3.675,16.4,F129,0.8,0.4,1.6,14.7,0.2,0.1,3.675,16.4
LD01851,HM005,F007,D22,2026-08-22 18:30:00,Dinner,40,5.28,2.6,4.04,27.08,152.84,F007,13.2,6.5,10.1,67.7,5.28,2.6,27.080000000000002,152.84
LD01852,HM005,F250,D22,2026-08-22 18:30:00,Dinner,435,4.35,0.87,13.05,26.97,133.11,F250,1.0,0.2,3.0,6.2,4.35,0.87,26.97,133.11
LD01853,HM005,F017,D22,2026-08-22 18:30:00,Dinner,35,2.8,0.21,1.75,7.0,41.09,F017,8.0,0.6,5.0,20.0,2.8,0.21,7.0,41.09
LD01854,HM006,F094,D01,2026-08-01 06:30:00,Breakfast,5,0.81,1.505,1.72,2.065,25.045,F094,16.2,30.1,34.4,41.3,0.81,1.5050000000000001,2.065,25.044999999999998
LD01855,HM006,F168,D01,2026-08-01 06:30:00,Breakfast,20,5.14,2.16,0.0,0.0,40.0,F168,25.7,10.8,0.0,0.0,5.140000000000001,2.16,0.0,40.0
LD01856,HM006,F258,D01,2026-08-01 06:30:00,Breakfast,65,1.755,0.65,3.51,9.685,51.61,F258,2.7,1.0,5.4,14.9,1.7550000000000001,0.65,9.685,51.61000000000001
LD01857,HM006,F484,D01,2026-08-01 06:30:00,Breakfast,100,9.0,0.4,7.9,20.0,119.6,F484,9.0,0.4,7.9,20.0,9.0,0.4,20.0,119.6
LD01858,HM006,F223,D01,2026-08-01 09:30:00,Mid snack,5,0.165,0.17,0.0,0.25,3.19,F223,3.3,3.4,0.0,5.0,0.165,0.17,0.25,3.1900000000000004
LD01859,HM006,F318,D01,2026-08-01 09:30:00,Mid snack,370,2.22,0.37,4.44,13.32,65.49,F318,0.6,0.1,1.2,3.6,2.22,0.37000000000000005,13.32,65.49000000000001
LD01860,HM006,F172,D01,2026-08-01 09:30:00,Mid snack,15,3.72,1.635,0.0,0.0,29.595,F172,24.8,10.9,0.0,0.0,3.7199999999999998,1.635,0.0,29.595
LD01861,HM006,F174,D01,2026-08-01 13:00:00,Lunch,125,29.75,1.25,0.0,0.0,130.25,F174,23.8,1.0,0.0,0.0,29.75,1.25,0.0,130.25
LD01862,HM006,F072,D01,2026-08-01 13:00:00,Lunch,50,5.1,1.5,3.3,35.55,176.1,F072,10.2,3.0,6.6,71.1,5.1,1.5,35.55,176.1
LD01863,HM006,F310,D01,2026-08-01 16:00:00,Evening Snack,290,9.28,0.87,6.96,11.6,91.35,F310,3.2,0.3,2.4,4.0,9.28,0.87,11.6,91.35
LD01864,HM006,F425,D01,2026-08-01 16:00:00,Evening Snack,5,1.315,2.51,0.425,0.82,31.13,F425,26.3,50.2,8.5,16.4,1.3150000000000002,2.5100000000000002,0.82,31.129999999999995
LD01865,HM006,F186,D01,2026-08-01 18:30:00,Dinner,15,0.135,0.03,0.18,0.585,3.15,F186,0.9,0.2,1.2,3.9,0.135,0.03,0.585,3.15
LD01866,HM006,F293,D01,2026-08-01 18:30:00,Dinner,30,5.73,13.8,0.99,9.51,185.16,F293,19.1,46.0,3.3,31.7,5.73,13.799999999999999,9.51,185.16
LD01867,HM006,F334,D01,2026-08-01 18:30:00,Dinner,20,0.66,0.1,0.74,16.64,70.1,F334,3.3,0.5,3.7,83.2,0.66,0.1,16.64,70.10000000000001
LD01868,HM006,F422,D02,2026-08-02 06:30:00,Breakfast,15,2.805,3.18,0.0,0.375,41.34,F422,18.7,21.2,0.0,2.5,2.8049999999999997,3.1799999999999997,0.375,41.34
LD01869,HM006,F156,D02,2026-08-02 06:30:00,Breakfast,40,1.28,1.32,0.0,1.92,24.68,F156,3.2,3.3,0.0,4.8,1.2800000000000002,1.32,1.92,24.68
LD01870,HM006,F140,D02,2026-08-02 06:30:00,Breakfast,25,3.4,0.475,3.05,17.975,89.775,F140,13.6,1.9,12.2,71.9,3.4,0.475,17.975,89.775
LD01871,HM006,F318,D02,2026-08-02 06:30:00,Breakfast,120,0.72,0.12,1.44,4.32,21.24,F318,0.6,0.1,1.2,3.6,0.72,0.12,4.32,21.240000000000002
LD01872,HM006,F296,D02,2026-08-02 09:30:00,Mid snack,5,0.96,2.215,1.365,1.515,29.835,F296,19.2,44.3,27.3,30.3,0.96,2.215,1.5150000000000001,29.834999999999997
LD01873,HM006,F171,D02,2026-08-02 09:30:00,Mid snack,5,0.99,0.25,0.0,0.0,6.21,F171,19.8,5.0,0.0,0.0,0.9900000000000001,0.25,0.0,6.21
LD01874,HM006,F356,D02,2026-08-02 09:30:00,Mid snack,60,2.16,2.04,0.0,2.88,38.52,F356,3.6,3.4,0.0,4.8,2.16,2.04,2.88,38.519999999999996
LD01875,HM006,F352,D02,2026-08-02 09:30:00,Mid snack,15,1.23,0.09,0.75,3.09,18.09,F352,8.2,0.6,5.0,20.6,1.2299999999999998,0.09,3.0900000000000003,18.09
LD01876,HM006,F164,D02,2026-08-02 13:00:00,Lunch,25,7.475,12.15,1.5,2.65,149.85,F164,29.9,48.6,6.0,10.6,7.475,12.15,2.65,149.85000000000002
LD01877,HM006,F081,D02,2026-08-02 13:00:00,Lunch,40,2.84,0.4,2.04,7.84,46.32,F081,7.1,1.0,5.1,19.6,2.84,0.4,7.840000000000001,46.32
LD01878,HM006,F468,D02,2026-08-02 13:00:00,Lunch,10,0.32,0.05,0.37,8.08,34.05,F468,3.2,0.5,3.7,80.8,0.32000000000000006,0.05,8.08,34.050000000000004
LD01879,HM006,F385,D02,2026-08-02 18:30:00,Dinner,65,0.39,0.065,0.78,2.275,11.245,F385,0.6,0.1,1.2,3.5,0.39,0.065,2.275,11.245000000000001
LD01880,HM006,F255,D02,2026-08-02 18:30:00,Dinner,90,0.99,0.09,1.53,8.73,39.69,F255,1.1,0.1,1.7,9.7,0.9900000000000001,0.09000000000000001,8.73,39.690000000000005
LD01881,HM006,F095,D02,2026-08-02 18:30:00,Dinner,5,0.895,2.07,1.365,1.415,27.87,F095,17.9,41.4,27.3,28.3,0.895,2.07,1.415,27.869999999999997
LD01882,HM006,F005,D02,2026-08-02 18:30:00,Dinner,30,3.12,0.93,1.98,21.78,107.97,F005,10.4,3.1,6.6,72.6,3.12,0.9299999999999999,21.779999999999998,107.97000000000001
LD01883,HM006,F326,D03,2026-08-03 06:30:00,Breakfast,50,0.45,0.05,1.2,6.2,27.05,F326,0.9,0.1,2.4,12.4,0.45,0.05,6.2,27.05
LD01884,HM006,F262,D03,2026-08-03 06:30:00,Breakfast,355,2.13,0.71,1.42,28.045,127.09,F262,0.6,0.2,0.4,7.9,2.13,0.71,28.044999999999998,127.09
LD01885,HM006,F212,D03,2026-08-03 06:30:00,Breakfast,5,0.465,0.135,0.38,1.425,8.775,F212,9.3,2.7,7.6,28.5,0.4650000000000001,0.135,1.425,8.775
LD01886,HM006,F384,D03,2026-08-03 13:00:00,Lunch,190,1.9,0.38,5.7,11.78,58.14,F384,1.0,0.2,3.0,6.2,1.9,0.38,11.78,58.14
LD01887,HM006,F311,D03,2026-08-03 13:00:00,Lunch,30,1.89,0.33,2.4,2.52,20.61,F311,6.3,1.1,8.0,8.4,1.89,0.33,2.52,20.61
LD01888,HM006,F171,D03,2026-08-03 13:00:00,Lunch,5,0.99,0.25,0.0,0.0,6.21,F171,19.8,5.0,0.0,0.0,0.9900000000000001,0.25,0.0,6.21
LD01889,HM006,F369,D03,2026-08-03 13:00:00,Lunch,45,12.06,5.04,0.0,0.0,93.6,F369,26.8,11.2,0.0,0.0,12.06,5.04,0.0,93.6
LD01890,HM006,F074,D03,2026-08-03 16:00:00,Evening Snack,10,1.29,0.64,1.01,6.63,37.44,F074,12.9,6.4,10.1,66.3,1.29,0.6400000000000001,6.63,37.44
LD01891,HM006,F023,D03,2026-08-03 16:00:00,Evening Snack,5,1.29,2.46,0.425,0.805,30.52,F023,25.8,49.2,8.5,16.1,1.29,2.4600000000000004,0.8050000000000002,30.520000000000003
LD01892,HM006,F414,D03,2026-08-03 18:30:00,Dinner,10,0.89,0.05,0.64,2.33,13.33,F414,8.9,0.5,6.4,23.3,0.8900000000000001,0.05,2.33,13.33
LD01893,HM006,F004,D03,2026-08-03 18:30:00,Dinner,15,1.65,0.75,1.65,10.05,53.55,F004,11.0,5.0,11.0,67.0,1.65,0.75,10.049999999999999,53.550000000000004
LD01894,HM006,F049,D03,2026-08-03 18:30:00,Dinner,40,0.4,0.08,1.2,2.4,11.92,F049,1.0,0.2,3.0,6.0,0.4,0.08000000000000002,2.4000000000000004,11.92
LD01895,HM006,F136,D03,2026-08-03 18:30:00,Dinner,65,1.69,0.585,1.17,14.82,71.305,F136,2.6,0.9,1.8,22.8,1.6900000000000002,0.5850000000000001,14.82,71.305
LD01896,HM006,F313,D04,2026-08-04 06:30:00,Breakfast,220,4.18,0.88,5.06,11.44,70.4,F313,1.9,0.4,2.3,5.2,4.18,0.8800000000000001,11.440000000000001,70.39999999999999
LD01897,HM006,F279,D04,2026-08-04 06:30:00,Breakfast,20,1.86,0.54,1.52,5.76,35.34,F279,9.3,2.7,7.6,28.8,1.8600000000000003,0.54,5.760000000000001,35.34
LD01898,HM006,F094,D04,2026-08-04 06:30:00,Breakfast,5,0.81,1.505,1.72,2.065,25.045,F094,16.2,30.1,34.4,41.3,0.81,1.5050000000000001,2.065,25.044999999999998
LD01899,HM006,F382,D04,2026-08-04 06:30:00,Breakfast,35,0.56,0.07,0.98,3.465,16.73,F382,1.6,0.2,2.8,9.9,0.5599999999999999,0.06999999999999999,3.465,16.73
LD01900,HM006,F067,D04,2026-08-04 09:30:00,Mid snack,5,0.045,0.03,0.215,0.51,2.49,F067,0.9,0.6,4.3,10.2,0.045000000000000005,0.03,0.51,2.49
LD01901,HM006,F178,D04,2026-08-04 09:30:00,Mid snack,75,1.8,0.3,2.475,5.325,31.2,F178,2.4,0.4,3.3,7.1,1.7999999999999998,0.30000000000000004,5.324999999999999,31.2
LD01902,HM006,F126,D04,2026-08-04 09:30:00,Mid snack,40,0.2,0.12,0.68,3.84,17.24,F126,0.5,0.3,1.7,9.6,0.2,0.12,3.84,17.240000000000002
LD01903,HM006,F384,D04,2026-08-04 13:00:00,Lunch,120,1.2,0.24,3.6,7.44,36.72,F384,1.0,0.2,3.0,6.2,1.2,0.24,7.4399999999999995,36.72
LD01904,HM006,F474,D04,2026-08-04 13:00:00,Lunch,15,1.56,0.465,0.99,10.89,53.985,F474,10.4,3.1,6.6,72.6,1.56,0.46499999999999997,10.889999999999999,53.98500000000001
LD01905,HM006,F158,D04,2026-08-04 13:00:00,Lunch,5,1.05,2.47,0.625,1.075,30.73,F158,21.0,49.4,12.5,21.5,1.05,2.47,1.075,30.73
LD01906,HM006,F021,D04,2026-08-04 13:00:00,Lunch,50,1.75,1.65,0.0,2.35,31.25,F021,3.5,3.3,0.0,4.7,1.75,1.65,2.35,31.25
LD01907,HM006,F228,D04,2026-08-04 16:00:00,Evening Snack,5,0.86,1.595,1.72,2.19,26.555,F228,17.2,31.9,34.4,43.8,0.86,1.595,2.19,26.555
LD01908,HM006,F096,D04,2026-08-04 16:00:00,Evening Snack,5,0.865,2.435,0.59,1.145,29.955,F096,17.3,48.7,11.8,22.9,0.8650000000000001,2.4350000000000005,1.145,29.955
LD01909,HM006,F043,D04,2026-08-04 16:00:00,Evening Snack,30,1.8,0.3,2.4,2.4,19.5,F043,6.0,1.0,8.0,8.0,1.7999999999999998,0.3,2.4,19.5
LD01910,HM006,F075,D04,2026-08-04 18:30:00,Dinner,5,0.345,0.05,0.05,3.775,16.93,F075,6.9,1.0,1.0,75.5,0.34500000000000003,0.05,3.7750000000000004,16.93
LD01911,HM006,F181,D04,2026-08-04 18:30:00,Dinner,75,1.2,0.15,2.1,7.125,34.65,F181,1.6,0.2,2.8,9.5,1.2000000000000002,0.15000000000000002,7.125,34.65
LD01912,HM006,F445,D04,2026-08-04 18:30:00,Dinner,25,1.525,0.25,2.0,2.05,16.55,F445,6.1,1.0,8.0,8.2,1.525,0.25,2.05,16.549999999999997
LD01913,HM006,F140,D04,2026-08-04 18:30:00,Dinner,15,2.04,0.285,1.83,10.785,53.865,F140,13.6,1.9,12.2,71.9,2.04,0.285,10.785,53.864999999999995
LD01914,HM006,F189,D05,2026-08-05 06:30:00,Breakfast,35,1.085,0.105,0.35,1.155,9.905,F189,3.1,0.3,1.0,3.3,1.085,0.105,1.1549999999999998,9.905000000000001
LD01915,HM006,F217,D05,2026-08-05 06:30:00,Breakfast,10,0.83,0.16,0.7,2.29,13.92,F217,8.3,1.6,7.0,22.9,0.8300000000000001,0.16000000000000003,2.29,13.92
LD01916,HM006,F384,D05,2026-08-05 06:30:00,Breakfast,240,2.4,0.48,7.2,14.88,73.44,F384,1.0,0.2,3.0,6.2,2.4,0.48,14.879999999999999,73.44
LD01917,HM006,F114,D05,2026-08-05 06:30:00,Breakfast,200,3.2,0.4,5.6,18.8,91.6,F114,1.6,0.2,2.8,9.4,3.2,0.4,18.8,91.6
LD01918,HM006,F066,D05,2026-08-05 06:30:00,Breakfast,35,1.085,0.175,1.295,27.72,116.795,F066,3.1,0.5,3.7,79.2,1.085,0.175,27.72,116.795
LD01919,HM006,F307,D05,2026-08-05 06:30:00,Breakfast,15,4.575,0.165,0.0,0.0,19.785,F307,30.5,1.1,0.0,0.0,4.575,0.165,0.0,19.785
LD01920,HM006,F020,D05,2026-08-05 09:30:00,Mid snack,5,0.915,1.04,0.0,0.125,13.52,F020,18.3,20.8,0.0,2.5,0.915,1.04,0.125,13.52
LD01921,HM006,F159,D05,2026-08-05 09:30:00,Mid snack,15,2.7,6.51,0.495,4.485,87.33,F159,18.0,43.4,3.3,29.9,2.6999999999999997,6.51,4.484999999999999,87.33
LD01922,HM006,F440,D05,2026-08-05 09:30:00,Mid snack,10,2.55,1.12,0.0,0.0,20.28,F440,25.5,11.2,0.0,0.0,2.5500000000000003,1.1199999999999999,0.0,20.28
LD01923,HM006,F500,D05,2026-08-05 09:30:00,Mid snack,15,1.89,1.59,0.0,0.165,22.53,F500,12.6,10.6,0.0,1.1,1.89,1.5899999999999999,0.165,22.53
LD01924,HM006,F073,D05,2026-08-05 13:00:00,Lunch,20,2.68,0.38,2.44,14.22,71.02,F073,13.4,1.9,12.2,71.1,2.68,0.38,14.219999999999999,71.02000000000001
LD01925,HM006,F003,D05,2026-08-05 13:00:00,Lunch,20,1.46,0.26,2.3,14.4,65.78,F003,7.3,1.3,11.5,72.0,1.46,0.26,14.4,65.78
LD01926,HM006,F442,D05,2026-08-05 13:00:00,Lunch,255,62.475,2.55,0.0,0.0,272.85,F442,24.5,1.0,0.0,0.0,62.474999999999994,2.55,0.0,272.85
LD01927,HM006,F382,D05,2026-08-05 16:00:00,Evening Snack,25,0.4,0.05,0.7,2.475,11.95,F382,1.6,0.2,2.8,9.9,0.4,0.05,2.475,11.95
LD01928,HM006,F137,D05,2026-08-05 16:00:00,Evening Snack,5,0.36,0.065,0.575,3.565,16.285,F137,7.2,1.3,11.5,71.3,0.36000000000000004,0.065,3.565,16.285
LD01929,HM006,F383,D05,2026-08-05 16:00:00,Evening Snack,170,3.4,0.34,5.44,13.09,69.02,F383,2.0,0.2,3.2,7.7,3.4,0.34,13.09,69.02
LD01930,HM006,F274,D05,2026-08-05 16:00:00,Evening Snack,5,0.72,0.1,0.61,3.81,19.02,F274,14.4,2.0,12.2,76.2,0.7200000000000001,0.1,3.8100000000000005,19.02
LD01931,HM006,F478,D05,2026-08-05 16:00:00,Evening Snack,5,0.635,0.055,0.195,3.64,17.595,F478,12.7,1.1,3.9,72.8,0.635,0.05500000000000001,3.64,17.595000000000002
LD01932,HM006,F446,D05,2026-08-05 18:30:00,Dinner,500,12.0,2.0,16.5,36.5,212.0,F446,2.4,0.4,3.3,7.3,12.0,2.0,36.5,212.0
LD01933,HM006,F254,D05,2026-08-05 18:30:00,Dinner,225,1.575,0.225,1.125,8.325,41.625,F254,0.7,0.1,0.5,3.7,1.575,0.225,8.325000000000001,41.62499999999999
LD01934,HM006,F291,D05,2026-08-05 18:30:00,Dinner,10,2.71,5.17,0.85,1.69,64.13,F291,27.1,51.7,8.5,16.9,2.7100000000000004,5.170000000000001,1.69,64.13
LD01935,HM006,F204,D06,2026-08-06 06:30:00,Breakfast,15,1.14,0.21,1.725,11.235,51.39,F204,7.6,1.4,11.5,74.9,1.14,0.21,11.235000000000001,51.39
LD01936,HM006,F408,D06,2026-08-06 06:30:00,Breakfast,50,7.0,0.95,6.1,37.05,184.75,F408,14.0,1.9,12.2,74.1,7.0,0.95,37.05,184.75
LD01937,HM006,F228,D06,2026-08-06 06:30:00,Breakfast,5,0.86,1.595,1.72,2.19,26.555,F228,17.2,31.9,34.4,43.8,0.86,1.595,2.19,26.555
LD01938,HM006,F026,D06,2026-08-06 09:30:00,Mid snack,5,0.76,3.26,0.335,0.685,35.12,F026,15.2,65.2,6.7,13.7,0.76,3.2600000000000002,0.685,35.12
LD01939,HM006,F429,D06,2026-08-06 09:30:00,Mid snack,10,1.68,3.13,3.44,4.29,52.05,F429,16.8,31.3,34.4,42.9,1.6800000000000002,3.1300000000000003,4.29,52.05
LD01940,HM006,F185,D06,2026-08-06 09:30:00,Mid snack,35,0.35,0.07,0.98,1.4,7.63,F185,1.0,0.2,2.8,4.0,0.35,0.06999999999999999,1.4,7.63
LD01941,HM006,F013,D06,2026-08-06 09:30:00,Mid snack,10,0.7,0.04,0.76,1.92,10.84,F013,7.0,0.4,7.6,19.2,0.7000000000000001,0.04000000000000001,1.92,10.84
LD01942,HM006,F113,D06,2026-08-06 13:00:00,Lunch,20,0.18,0.04,0.56,1.88,8.6,F113,0.9,0.2,2.8,9.4,0.18000000000000002,0.04000000000000001,1.8800000000000001,8.6
LD01943,HM006,F087,D06,2026-08-06 13:00:00,Lunch,15,2.685,3.06,0.0,0.375,39.78,F087,17.9,20.4,0.0,2.5,2.6849999999999996,3.0599999999999996,0.375,39.78
LD01944,HM006,F178,D06,2026-08-06 13:00:00,Lunch,190,4.56,0.76,6.27,13.49,79.04,F178,2.4,0.4,3.3,7.1,4.56,0.76,13.489999999999998,79.04
LD01945,HM006,F482,D06,2026-08-06 13:00:00,Lunch,140,9.8,0.56,10.64,26.88,151.76,F482,7.0,0.4,7.6,19.2,9.799999999999999,0.5599999999999999,26.88,151.76
LD01946,HM006,F042,D06,2026-08-06 16:00:00,Evening Snack,165,4.95,0.495,3.96,6.27,49.335,F042,3.0,0.3,2.4,3.8,4.949999999999999,0.49499999999999994,6.27,49.334999999999994
LD01947,HM006,F070,D06,2026-08-06 16:00:00,Evening Snack,15,1.08,0.195,1.725,10.59,48.435,F070,7.2,1.3,11.5,70.6,1.08,0.195,10.589999999999998,48.435
LD01948,HM006,F059,D06,2026-08-06 18:30:00,Dinner,95,0.475,0.285,1.615,9.31,41.705,F059,0.5,0.3,1.7,9.8,0.475,0.285,9.31,41.705
LD01949,HM006,F280,D06,2026-08-06 18:30:00,Dinner,75,6.825,0.375,4.8,17.925,102.375,F280,9.1,0.5,6.4,23.9,6.824999999999999,0.375,17.924999999999997,102.375
LD01950,HM006,F037,D06,2026-08-06 18:30:00,Dinner,35,7.0,1.75,0.0,0.0,43.75,F037,20.0,5.0,0.0,0.0,7.0,1.75,0.0,43.75
LD01951,HM006,F402,D06,2026-08-06 18:30:00,Dinner,110,0.99,0.66,4.73,11.55,56.1,F402,0.9,0.6,4.3,10.5,0.9900000000000001,0.66,11.55,56.1
LD01952,HM006,F423,D07,2026-08-07 06:30:00,Breakfast,160,5.76,5.44,0.0,7.68,102.72,F423,3.6,3.4,0.0,4.8,5.760000000000001,5.44,7.68,102.72
LD01953,HM006,F209,D07,2026-08-07 06:30:00,Breakfast,30,2.19,0.3,0.3,24.03,107.58,F209,7.3,1.0,1.0,80.1,2.19,0.3,24.029999999999998,107.58000000000001
LD01954,HM006,F391,D07,2026-08-07 06:30:00,Breakfast,10,0.11,0.03,0.26,2.35,10.11,F391,1.1,0.3,2.6,23.5,0.11000000000000001,0.03,2.35,10.11
LD01955,HM006,F067,D07,2026-08-07 06:30:00,Breakfast,75,0.675,0.45,3.225,7.65,37.35,F067,0.9,0.6,4.3,10.2,0.675,0.44999999999999996,7.6499999999999995,37.35
LD01956,HM006,F500,D07,2026-08-07 06:30:00,Breakfast,10,1.26,1.06,0.0,0.11,15.02,F500,12.6,10.6,0.0,1.1,1.26,1.06,0.11000000000000001,15.020000000000001
LD01957,HM006,F190,D07,2026-08-07 06:30:00,Breakfast,115,1.265,0.345,2.99,25.99,112.125,F190,1.1,0.3,2.6,22.6,1.265,0.345,25.99,112.125
LD01958,HM006,F431,D07,2026-08-07 09:30:00,Mid snack,10,1.81,5.07,1.18,2.39,62.43,F431,18.1,50.7,11.8,23.9,1.8100000000000003,5.07,2.39,62.43000000000001
LD01959,HM006,F127,D07,2026-08-07 09:30:00,Mid snack,35,0.595,0.42,1.4,6.405,31.78,F127,1.7,1.2,4.0,18.3,0.595,0.42,6.405,31.78
LD01960,HM006,F049,D07,2026-08-07 09:30:00,Mid snack,165,1.65,0.33,4.95,9.9,49.17,F049,1.0,0.2,3.0,6.0,1.65,0.33,9.899999999999999,49.17
LD01961,HM006,F310,D07,2026-08-07 13:00:00,Lunch,80,2.56,0.24,1.92,3.2,25.2,F310,3.2,0.3,2.4,4.0,2.5600000000000005,0.24,3.2,25.2
LD01962,HM006,F485,D07,2026-08-07 13:00:00,Lunch,145,11.6,2.175,10.15,31.9,193.575,F485,8.0,1.5,7.0,22.0,11.6,2.175,31.9,193.575
LD01963,HM006,F465,D07,2026-08-07 13:00:00,Lunch,125,0.625,0.125,1.75,16.75,70.625,F465,0.5,0.1,1.4,13.4,0.625,0.125,16.75,70.625
LD01964,HM006,F105,D07,2026-08-07 13:00:00,Lunch,50,12.25,5.4,0.0,0.0,97.6,F105,24.5,10.8,0.0,0.0,12.25,5.4,0.0,97.6
LD01965,HM006,F070,D07,2026-08-07 13:00:00,Lunch,5,0.36,0.065,0.575,3.53,16.145,F070,7.2,1.3,11.5,70.6,0.36000000000000004,0.065,3.53,16.145
LD01966,HM006,F423,D07,2026-08-07 13:00:00,Lunch,75,2.7,2.55,0.0,3.6,48.15,F423,3.6,3.4,0.0,4.8,2.7,2.55,3.5999999999999996,48.150000000000006
LD01967,HM006,F249,D07,2026-08-07 16:00:00,Evening Snack,30,0.6,0.06,0.96,2.34,12.3,F249,2.0,0.2,3.2,7.8,0.6,0.06,2.34,12.3
LD01968,HM006,F401,D07,2026-08-07 16:00:00,Evening Snack,5,0.16,0.025,0.185,4.08,17.185,F401,3.2,0.5,3.7,81.6,0.16000000000000003,0.025,4.08,17.185000000000002
LD01969,HM006,F472,D07,2026-08-07 16:00:00,Evening Snack,10,0.73,0.13,1.15,7.2,32.89,F472,7.3,1.3,11.5,72.0,0.73,0.13,7.2,32.89
LD01970,HM006,F477,D07,2026-08-07 16:00:00,Evening Snack,15,1.05,0.15,0.15,11.55,51.75,F477,7.0,1.0,1.0,77.0,1.05,0.15,11.549999999999999,51.75000000000001
LD01971,HM006,F180,D07,2026-08-07 16:00:00,Evening Snack,90,0.81,0.18,2.52,8.55,39.06,F180,0.9,0.2,2.8,9.5,0.81,0.18000000000000002,8.55,39.06
LD01972,HM006,F259,D07,2026-08-07 18:30:00,Dinner,30,0.27,0.03,0.72,3.69,16.11,F259,0.9,0.1,2.4,12.3,0.27,0.03,3.69,16.11
LD01973,HM006,F369,D07,2026-08-07 18:30:00,Dinner,40,10.72,4.48,0.0,0.0,83.2,F369,26.8,11.2,0.0,0.0,10.72,4.4799999999999995,0.0,83.20000000000002
LD01974,HM006,F276,D07,2026-08-07 18:30:00,Dinner,25,1.85,0.275,0.25,20.225,90.775,F276,7.4,1.1,1.0,80.9,1.85,0.275,20.225,90.775
LD01975,HM006,F285,D07,2026-08-07 18:30:00,Dinner,160,13.44,0.96,8.0,33.6,196.8,F285,8.4,0.6,5.0,21.0,13.440000000000001,0.96,33.6,196.8
LD01976,HM006,F072,D08,2026-08-08 06:30:00,Breakfast,40,4.08,1.2,2.64,28.44,140.88,F072,10.2,3.0,6.6,71.1,4.08,1.2000000000000002,28.439999999999998,140.88000000000002
LD01977,HM006,F470,D08,2026-08-08 06:30:00,Breakfast,10,0.27,0.03,0.04,2.82,12.63,F470,2.7,0.3,0.4,28.2,0.27,0.03,2.8200000000000003,12.629999999999999
LD01978,HM006,F261,D08,2026-08-08 06:30:00,Breakfast,100,1.8,1.2,4.0,19.4,95.6,F261,1.8,1.2,4.0,19.4,1.8,1.2,19.4,95.6
LD01979,HM006,F096,D08,2026-08-08 09:30:00,Mid snack,5,0.865,2.435,0.59,1.145,29.955,F096,17.3,48.7,11.8,22.9,0.8650000000000001,2.4350000000000005,1.145,29.955
LD01980,HM006,F380,D08,2026-08-08 09:30:00,Mid snack,200,3.8,0.8,4.6,10.4,64.0,F380,1.9,0.4,2.3,5.2,3.8,0.8,10.4,64.0
LD01981,HM006,F304,D08,2026-08-08 13:00:00,Lunch,145,33.495,9.135,0.0,0.0,216.195,F304,23.1,6.3,0.0,0.0,33.495000000000005,9.135,0.0,216.195
LD01982,HM006,F163,D08,2026-08-08 13:00:00,Lunch,5,0.875,2.46,0.59,1.16,30.28,F163,17.5,49.2,11.8,23.2,0.875,2.4600000000000004,1.16,30.28
LD01983,HM006,F289,D08,2026-08-08 13:00:00,Lunch,160,5.92,5.6,0.0,7.84,105.44,F289,3.7,3.5,0.0,4.9,5.920000000000001,5.6000000000000005,7.840000000000001,105.44
LD01984,HM006,F026,D08,2026-08-08 16:00:00,Evening Snack,15,2.28,9.78,1.005,2.055,105.36,F026,15.2,65.2,6.7,13.7,2.28,9.78,2.0549999999999997,105.36
LD01985,HM006,F496,D08,2026-08-08 16:00:00,Evening Snack,5,0.825,1.535,1.72,2.105,25.535,F496,16.5,30.7,34.4,42.1,0.8250000000000001,1.5350000000000001,2.105,25.534999999999997
LD01986,HM006,F439,D08,2026-08-08 18:30:00,Dinner,25,5.1,1.275,0.0,0.0,31.875,F439,20.4,5.1,0.0,0.0,5.1,1.275,0.0,31.875
LD01987,HM006,F391,D08,2026-08-08 18:30:00,Dinner,60,0.66,0.18,1.56,14.1,60.66,F391,1.1,0.3,2.6,23.5,0.66,0.18,14.1,60.66
LD01988,HM006,F173,D08,2026-08-08 18:30:00,Dinner,135,38.745,1.35,0.0,0.0,167.13,F173,28.7,1.0,0.0,0.0,38.745000000000005,1.35,0.0,167.13
LD01989,HM006,F110,D08,2026-08-08 18:30:00,Dinner,5,0.295,0.05,0.4,0.39,3.19,F110,5.9,1.0,8.0,7.8,0.29500000000000004,0.05,0.39,3.1900000000000004
LD01990,HM006,F370,D09,2026-08-09 06:30:00,Breakfast,20,5.16,3.5,0.0,0.0,52.14,F370,25.8,17.5,0.0,0.0,5.16,3.5,0.0,52.14
LD01991,HM006,F222,D09,2026-08-09 06:30:00,Breakfast,360,12.96,12.24,0.0,17.64,232.56,F222,3.6,3.4,0.0,4.9,12.96,12.24,17.64,232.56
LD01992,HM006,F282,D09,2026-08-09 09:30:00,Mid snack,55,4.18,0.605,2.805,11.55,68.365,F282,7.6,1.1,5.1,21.0,4.18,0.6050000000000001,11.55,68.36500000000001
LD01993,HM006,F436,D09,2026-08-09 09:30:00,Mid snack,10,2.65,1.11,0.0,0.0,20.59,F436,26.5,11.1,0.0,0.0,2.6500000000000004,1.11,0.0,20.59
LD01994,HM006,F043,D09,2026-08-09 09:30:00,Mid snack,25,1.5,0.25,2.0,2.0,16.25,F043,6.0,1.0,8.0,8.0,1.5,0.25,2.0,16.25
LD01995,HM006,F369,D09,2026-08-09 13:00:00,Lunch,110,29.48,12.32,0.0,0.0,228.8,F369,26.8,11.2,0.0,0.0,29.480000000000004,12.32,0.0,228.8
LD01996,HM006,F060,D09,2026-08-09 13:00:00,Lunch,110,1.87,1.32,4.4,20.57,101.64,F060,1.7,1.2,4.0,18.7,1.87,1.32,20.57,101.64
LD01997,HM006,F196,D09,2026-08-09 16:00:00,Evening Snack,150,1.2,0.6,2.4,22.2,99.0,F196,0.8,0.4,1.6,14.8,1.2000000000000002,0.6000000000000001,22.200000000000003,99.0
LD01998,HM006,F495,D09,2026-08-09 16:00:00,Evening Snack,5,0.76,3.26,0.335,0.685,35.12,F495,15.2,65.2,6.7,13.7,0.76,3.2600000000000002,0.685,35.12
LD01999,HM006,F234,D09,2026-08-09 18:30:00,Dinner,135,43.47,4.995,0.0,0.0,218.835,F234,32.2,3.7,0.0,0.0,43.470000000000006,4.995000000000001,0.0,218.83499999999998
LD02000,HM006,F379,D09,2026-08-09 18:30:00,Dinner,130,3.25,0.52,4.29,9.62,56.16,F379,2.5,0.4,3.3,7.4,3.25,0.52,9.620000000000001,56.16
LD02001,HM006,F094,D10,2026-08-10 06:30:00,Breakfast,15,2.43,4.515,5.16,6.195,75.135,F094,16.2,30.1,34.4,41.3,2.4299999999999997,4.515,6.194999999999999,75.13499999999999
LD02002,HM006,F392,D10,2026-08-10 06:30:00,Breakfast,40,1.08,0.4,2.16,5.88,31.44,F392,2.7,1.0,5.4,14.7,1.08,0.4,5.88,31.44
LD02003,HM006,F232,D10,2026-08-10 06:30:00,Breakfast,150,19.65,16.5,0.0,1.65,233.7,F232,13.1,11.0,0.0,1.1,19.65,16.5,1.6500000000000001,233.7
LD02004,HM006,F062,D10,2026-08-10 06:30:00,Breakfast,55,0.44,0.22,0.88,8.25,36.74,F062,0.8,0.4,1.6,15.0,0.44000000000000006,0.22000000000000003,8.25,36.739999999999995
LD02005,HM006,F413,D10,2026-08-10 09:30:00,Mid snack,5,0.455,0.135,0.38,1.395,8.615,F413,9.1,2.7,7.6,27.9,0.455,0.135,1.395,8.615
LD02006,HM006,F258,D10,2026-08-10 09:30:00,Mid snack,120,3.24,1.2,6.48,17.88,95.28,F258,2.7,1.0,5.4,14.9,3.24,1.2,17.88,95.27999999999999
LD02007,HM006,F115,D10,2026-08-10 09:30:00,Mid snack,70,1.33,0.14,2.24,5.11,27.02,F115,1.9,0.2,3.2,7.3,1.3299999999999998,0.13999999999999999,5.109999999999999,27.020000000000003
LD02008,HM006,F489,D10,2026-08-10 13:00:00,Lunch,25,4.575,5.2,0.0,0.625,67.6,F489,18.3,20.8,0.0,2.5,4.575,5.2,0.625,67.60000000000001
LD02009,HM006,F493,D10,2026-08-10 13:00:00,Lunch,10,2.12,4.99,1.25,2.17,62.07,F493,21.2,49.9,12.5,21.7,2.12,4.99,2.17,62.07000000000001
LD02010,HM006,F436,D10,2026-08-10 13:00:00,Lunch,10,2.65,1.11,0.0,0.0,20.59,F436,26.5,11.1,0.0,0.0,2.6500000000000004,1.11,0.0,20.59
LD02011,HM006,F057,D10,2026-08-10 13:00:00,Lunch,5,0.13,0.05,0.27,0.715,3.83,F057,2.6,1.0,5.4,14.3,0.13,0.05,0.7150000000000001,3.83
LD02012,HM006,F056,D10,2026-08-10 13:00:00,Lunch,30,0.33,0.09,0.78,6.84,29.49,F056,1.1,0.3,2.6,22.8,0.33,0.09,6.84,29.49
LD02013,HM006,F462,D10,2026-08-10 13:00:00,Lunch,260,4.42,3.12,10.4,49.66,244.4,F462,1.7,1.2,4.0,19.1,4.42,3.12,49.660000000000004,244.4
LD02014,HM006,F315,D10,2026-08-10 16:00:00,Evening Snack,95,1.615,0.19,2.66,9.595,46.55,F315,1.7,0.2,2.8,10.1,1.615,0.19,9.594999999999999,46.550000000000004
LD02015,HM006,F387,D10,2026-08-10 16:00:00,Evening Snack,25,0.225,0.05,0.3,1.0,5.35,F387,0.9,0.2,1.2,4.0,0.225,0.05,1.0,5.3500000000000005
LD02016,HM006,F273,D10,2026-08-10 16:00:00,Evening Snack,10,1.09,0.33,0.66,7.62,37.81,F273,10.9,3.3,6.6,76.2,1.09,0.33,7.620000000000001,37.81
LD02017,HM006,F494,D10,2026-08-10 16:00:00,Evening Snack,5,0.91,2.19,0.165,1.51,29.39,F494,18.2,43.8,3.3,30.2,0.91,2.19,1.51,29.39
LD02018,HM006,F254,D10,2026-08-10 16:00:00,Evening Snack,195,1.365,0.195,0.975,7.215,36.075,F254,0.7,0.1,0.5,3.7,1.365,0.195,7.215,36.075
LD02019,HM006,F373,D10,2026-08-10 16:00:00,Evening Snack,5,1.29,0.565,0.0,0.0,10.245,F373,25.8,11.3,0.0,0.0,1.29,0.5650000000000001,0.0,10.245
LD02020,HM006,F488,D10,2026-08-10 18:30:00,Dinner,10,0.8,0.48,0.03,0.19,8.28,F488,8.0,4.8,0.3,1.9,0.8,0.48,0.19,8.280000000000001
LD02021,HM006,F485,D10,2026-08-10 18:30:00,Dinner,5,0.4,0.075,0.35,1.1,6.675,F485,8.0,1.5,7.0,22.0,0.4,0.07500000000000001,1.1,6.675
LD02022,HM006,F138,D10,2026-08-10 18:30:00,Dinner,10,1.09,0.5,1.1,6.63,35.38,F138,10.9,5.0,11.0,66.3,1.09,0.5,6.63,35.379999999999995
LD02023,HM006,F475,D10,2026-08-10 18:30:00,Dinner,35,4.795,0.665,4.27,25.41,126.805,F475,13.7,1.9,12.2,72.6,4.794999999999999,0.6649999999999999,25.409999999999997,126.80499999999999
LD02024,HM006,F174,D10,2026-08-10 18:30:00,Dinner,65,15.47,0.65,0.0,0.0,67.73,F174,23.8,1.0,0.0,0.0,15.47,0.65,0.0,67.73
LD02025,HM006,F212,D10,2026-08-10 18:30:00,Dinner,55,5.115,1.485,4.18,15.675,96.525,F212,9.3,2.7,7.6,28.5,5.115000000000001,1.4850000000000003,15.675,96.52499999999999
LD02026,HM006,F462,D11,2026-08-11 06:30:00,Breakfast,160,2.72,1.92,6.4,30.56,150.4,F462,1.7,1.2,4.0,19.1,2.72,1.92,30.560000000000002,150.4
LD02027,HM006,F318,D11,2026-08-11 06:30:00,Breakfast,145,0.87,0.145,1.74,5.22,25.665,F318,0.6,0.1,1.2,3.6,0.87,0.145,5.22,25.665
LD02028,HM006,F413,D11,2026-08-11 06:30:00,Breakfast,85,7.735,2.295,6.46,23.715,146.455,F413,9.1,2.7,7.6,27.9,7.734999999999999,2.295,23.715,146.45499999999998
LD02029,HM006,F435,D11,2026-08-11 09:30:00,Mid snack,40,12.64,1.48,0.0,0.0,63.88,F435,31.6,3.7,0.0,0.0,12.64,1.4800000000000002,0.0,63.88
LD02030,HM006,F354,D11,2026-08-11 09:30:00,Mid snack,55,4.51,2.695,0.165,1.1,46.695,F354,8.2,4.9,0.3,2.0,4.51,2.6950000000000003,1.1,46.69499999999999
LD02031,HM006,F027,D11,2026-08-11 09:30:00,Mid snack,5,0.825,1.535,1.72,2.105,25.535,F027,16.5,30.7,34.4,42.1,0.8250000000000001,1.5350000000000001,2.105,25.534999999999997
LD02032,HM006,F160,D11,2026-08-11 09:30:00,Mid snack,5,0.75,3.225,0.335,0.68,34.745,F160,15.0,64.5,6.7,13.6,0.75,3.225,0.68,34.745000000000005
LD02033,HM006,F475,D11,2026-08-11 13:00:00,Lunch,10,1.37,0.19,1.22,7.26,36.23,F475,13.7,1.9,12.2,72.6,1.37,0.19,7.26,36.23
LD02034,HM006,F294,D11,2026-08-11 13:00:00,Lunch,10,1.6,6.85,0.67,1.44,73.81,F294,16.0,68.5,6.7,14.4,1.6,6.8500000000000005,1.4400000000000002,73.81
LD02035,HM006,F335,D11,2026-08-11 13:00:00,Lunch,175,1.575,1.05,7.525,18.725,90.65,F335,0.9,0.6,4.3,10.7,1.575,1.05,18.724999999999998,90.65
LD02036,HM006,F345,D11,2026-08-11 13:00:00,Lunch,85,3.825,1.7,2.38,18.615,105.06,F345,4.5,2.0,2.8,21.9,3.8249999999999997,1.7,18.615,105.05999999999999
LD02037,HM006,F321,D11,2026-08-11 13:00:00,Lunch,465,3.255,0.465,2.325,17.67,87.885,F321,0.7,0.1,0.5,3.8,3.255,0.4650000000000001,17.67,87.885
LD02038,HM006,F310,D11,2026-08-11 13:00:00,Lunch,20,0.64,0.06,0.48,0.8,6.3,F310,3.2,0.3,2.4,4.0,0.6400000000000001,0.06,0.8,6.3
LD02039,HM006,F452,D11,2026-08-11 16:00:00,Evening Snack,75,0.45,0.075,0.9,2.625,12.975,F452,0.6,0.1,1.2,3.5,0.44999999999999996,0.07500000000000001,2.625,12.975000000000001
LD02040,HM006,F409,D11,2026-08-11 16:00:00,Evening Snack,25,3.375,1.65,2.525,17.275,97.45,F409,13.5,6.6,10.1,69.1,3.375,1.65,17.275,97.44999999999999
LD02041,HM006,F402,D11,2026-08-11 16:00:00,Evening Snack,40,0.36,0.24,1.72,4.2,20.4,F402,0.9,0.6,4.3,10.5,0.36000000000000004,0.24,4.2,20.400000000000002
LD02042,HM006,F176,D11,2026-08-11 16:00:00,Evening Snack,25,0.75,0.075,0.6,0.95,7.475,F176,3.0,0.3,2.4,3.8,0.75,0.075,0.95,7.475
LD02043,HM006,F457,D11,2026-08-11 18:30:00,Dinner,500,16.0,1.5,5.0,17.0,145.5,F457,3.2,0.3,1.0,3.4,16.0,1.5,17.0,145.5
LD02044,HM006,F374,D11,2026-08-11 18:30:00,Dinner,90,26.91,0.9,0.0,0.0,115.74,F374,29.9,1.0,0.0,0.0,26.91,0.9,0.0,115.74
LD02045,HM006,F264,D11,2026-08-11 18:30:00,Dinner,95,0.475,0.095,1.33,12.92,54.435,F264,0.5,0.1,1.4,13.6,0.475,0.095,12.92,54.434999999999995
LD02046,HM006,F018,D12,2026-08-12 06:30:00,Breakfast,20,3.32,1.8,1.2,1.98,37.4,F018,16.6,9.0,6.0,9.9,3.3200000000000003,1.8,1.9800000000000002,37.4
LD02047,HM006,F022,D12,2026-08-12 06:30:00,Breakfast,60,1.92,1.98,0.0,2.88,37.02,F022,3.2,3.3,0.0,4.8,1.92,1.9799999999999998,2.88,37.019999999999996
LD02048,HM006,F448,D12,2026-08-12 06:30:00,Breakfast,50,0.45,0.1,1.4,4.9,22.3,F448,0.9,0.2,2.8,9.8,0.45,0.1,4.9,22.3
LD02049,HM006,F415,D12,2026-08-12 06:30:00,Breakfast,70,4.97,0.28,5.32,13.72,77.28,F415,7.1,0.4,7.6,19.6,4.97,0.27999999999999997,13.72,77.28
LD02050,HM006,F233,D12,2026-08-12 13:00:00,Lunch,330,37.29,0.66,0.0,2.31,164.34,F233,11.3,0.2,0.0,0.7,37.29,0.66,2.3099999999999996,164.34
LD02051,HM006,F423,D12,2026-08-12 13:00:00,Lunch,110,3.96,3.74,0.0,5.28,70.62,F423,3.6,3.4,0.0,4.8,3.9600000000000004,3.74,5.28,70.62
LD02052,HM006,F434,D12,2026-08-12 18:30:00,Dinner,110,12.21,0.22,0.0,0.77,53.9,F434,11.1,0.2,0.0,0.7,12.21,0.22000000000000003,0.77,53.9
LD02053,HM006,F432,D12,2026-08-12 18:30:00,Dinner,10,3.08,5.01,0.6,1.09,61.77,F432,30.8,50.1,6.0,10.9,3.08,5.010000000000001,1.09,61.769999999999996
LD02054,HM006,F346,D12,2026-08-12 18:30:00,Dinner,40,3.68,1.08,3.04,11.28,69.56,F346,9.2,2.7,7.6,28.2,3.6799999999999997,1.08,11.280000000000001,69.56
LD02055,HM006,F475,D13,2026-08-13 06:30:00,Breakfast,25,3.425,0.475,3.05,18.15,90.575,F475,13.7,1.9,12.2,72.6,3.425,0.475,18.15,90.575
LD02056,HM006,F285,D13,2026-08-13 06:30:00,Breakfast,5,0.42,0.03,0.25,1.05,6.15,F285,8.4,0.6,5.0,21.0,0.42000000000000004,0.03,1.05,6.15
LD02057,HM006,F317,D13,2026-08-13 06:30:00,Breakfast,65,0.715,0.13,1.95,4.095,20.41,F317,1.1,0.2,3.0,6.3,0.7150000000000001,0.13,4.095,20.409999999999997
LD02058,HM006,F181,D13,2026-08-13 06:30:00,Breakfast,100,1.6,0.2,2.8,9.5,46.2,F181,1.6,0.2,2.8,9.5,1.6,0.2,9.5,46.199999999999996
LD02059,HM006,F442,D13,2026-08-13 09:30:00,Mid snack,5,1.225,0.05,0.0,0.0,5.35,F442,24.5,1.0,0.0,0.0,1.225,0.05,0.0,5.3500000000000005
LD02060,HM006,F291,D13,2026-08-13 09:30:00,Mid snack,5,1.355,2.585,0.425,0.845,32.065,F291,27.1,51.7,8.5,16.9,1.3550000000000002,2.5850000000000004,0.845,32.065
LD02061,HM006,F224,D13,2026-08-13 09:30:00,Mid snack,5,1.34,2.56,0.425,0.835,31.74,F224,26.8,51.2,8.5,16.7,1.34,2.5600000000000005,0.835,31.74
LD02062,HM006,F306,D13,2026-08-13 09:30:00,Mid snack,15,3.93,1.74,0.0,0.0,31.38,F306,26.2,11.6,0.0,0.0,3.9299999999999997,1.74,0.0,31.380000000000003
LD02063,HM006,F305,D13,2026-08-13 13:00:00,Lunch,150,31.5,7.8,0.0,0.0,196.2,F305,21.0,5.2,0.0,0.0,31.5,7.800000000000001,0.0,196.2
LD02064,HM006,F227,D13,2026-08-13 13:00:00,Lunch,5,0.79,3.39,0.335,0.71,36.51,F227,15.8,67.8,6.7,14.2,0.79,3.39,0.71,36.510000000000005
LD02065,HM006,F388,D13,2026-08-13 16:00:00,Evening Snack,70,0.49,0.07,0.35,2.59,12.95,F388,0.7,0.1,0.5,3.7,0.48999999999999994,0.06999999999999999,2.59,12.950000000000001
LD02066,HM006,F200,D13,2026-08-13 16:00:00,Evening Snack,5,0.155,0.025,0.185,3.92,16.525,F200,3.1,0.5,3.7,78.4,0.15500000000000003,0.025,3.9200000000000004,16.525000000000002
LD02067,HM006,F161,D13,2026-08-13 16:00:00,Evening Snack,5,0.815,1.52,1.72,2.085,25.28,F161,16.3,30.4,34.4,41.7,0.8150000000000001,1.52,2.0850000000000004,25.28
LD02068,HM006,F043,D13,2026-08-13 18:30:00,Dinner,20,1.2,0.2,1.6,1.6,13.0,F043,6.0,1.0,8.0,8.0,1.2000000000000002,0.2,1.6,13.0
LD02069,HM006,F111,D13,2026-08-13 18:30:00,Dinner,330,7.92,1.32,10.89,23.43,137.28,F111,2.4,0.4,3.3,7.1,7.919999999999999,1.32,23.429999999999996,137.28
LD02070,HM006,F372,D13,2026-08-13 18:30:00,Dinner,5,1.03,0.26,0.0,0.0,6.46,F372,20.6,5.2,0.0,0.0,1.03,0.26,0.0,6.46
LD02071,HM006,F362,D14,2026-08-14 06:30:00,Breakfast,5,0.85,1.58,1.72,2.17,26.3,F362,17.0,31.6,34.4,43.4,0.8500000000000001,1.58,2.17,26.3
LD02072,HM006,F371,D14,2026-08-14 06:30:00,Breakfast,55,12.485,3.41,0.0,0.0,80.63,F371,22.7,6.2,0.0,0.0,12.485000000000001,3.4100000000000006,0.0,80.63
LD02073,HM006,F077,D14,2026-08-14 06:30:00,Breakfast,55,2.365,1.045,1.54,11.495,64.845,F077,4.3,1.9,2.8,20.9,2.365,1.045,11.495000000000001,64.845
LD02074,HM006,F406,D14,2026-08-14 06:30:00,Breakfast,5,0.56,0.255,0.55,3.415,18.195,F406,11.2,5.1,11.0,68.3,0.5599999999999999,0.255,3.415,18.195
LD02075,HM006,F121,D14,2026-08-14 13:00:00,Lunch,140,1.54,0.14,2.38,12.74,58.38,F121,1.1,0.1,1.7,9.1,1.54,0.13999999999999999,12.739999999999998,58.38
LD02076,HM006,F070,D14,2026-08-14 13:00:00,Lunch,45,3.24,0.585,5.175,31.77,145.305,F070,7.2,1.3,11.5,70.6,3.24,0.5850000000000001,31.77,145.30499999999998
LD02077,HM006,F197,D14,2026-08-14 18:30:00,Dinner,235,1.175,0.235,3.29,30.55,129.015,F197,0.5,0.1,1.4,13.0,1.175,0.23500000000000001,30.55,129.01500000000001
LD02078,HM006,F037,D14,2026-08-14 18:30:00,Dinner,30,6.0,1.5,0.0,0.0,37.5,F037,20.0,5.0,0.0,0.0,6.0,1.5,0.0,37.5
LD02079,HM006,F008,D15,2026-08-15 06:30:00,Breakfast,35,2.45,0.35,0.35,26.95,120.75,F008,7.0,1.0,1.0,77.0,2.4499999999999997,0.35,26.95,120.75
LD02080,HM006,F247,D15,2026-08-15 06:30:00,Breakfast,75,0.675,0.15,2.1,7.5,34.05,F247,0.9,0.2,2.8,10.0,0.675,0.15000000000000002,7.5,34.050000000000004
LD02081,HM006,F183,D15,2026-08-15 06:30:00,Breakfast,180,1.8,0.36,5.4,10.62,52.92,F183,1.0,0.2,3.0,5.9,1.8,0.36000000000000004,10.620000000000001,52.92
LD02082,HM006,F138,D15,2026-08-15 06:30:00,Breakfast,10,1.09,0.5,1.1,6.63,35.38,F138,10.9,5.0,11.0,66.3,1.09,0.5,6.63,35.379999999999995
LD02083,HM006,F088,D15,2026-08-15 09:30:00,Mid snack,35,1.19,1.12,0.0,1.61,21.28,F088,3.4,3.2,0.0,4.6,1.19,1.1199999999999999,1.6099999999999999,21.28
LD02084,HM006,F087,D15,2026-08-15 09:30:00,Mid snack,5,0.895,1.02,0.0,0.125,13.26,F087,17.9,20.4,0.0,2.5,0.895,1.02,0.125,13.26
LD02085,HM006,F497,D15,2026-08-15 09:30:00,Mid snack,10,1.83,4.22,2.73,2.89,56.86,F497,18.3,42.2,27.3,28.9,1.83,4.220000000000001,2.89,56.86
LD02086,HM006,F392,D15,2026-08-15 09:30:00,Mid snack,20,0.54,0.2,1.08,2.94,15.72,F392,2.7,1.0,5.4,14.7,0.54,0.2,2.94,15.72
LD02087,HM006,F391,D15,2026-08-15 13:00:00,Lunch,60,0.66,0.18,1.56,14.1,60.66,F391,1.1,0.3,2.6,23.5,0.66,0.18,14.1,60.66
LD02088,HM006,F223,D15,2026-08-15 13:00:00,Lunch,70,2.31,2.38,0.0,3.5,44.66,F223,3.3,3.4,0.0,5.0,2.3099999999999996,2.38,3.5,44.66
LD02089,HM006,F365,D15,2026-08-15 13:00:00,Lunch,30,9.33,15.18,1.8,3.3,187.14,F365,31.1,50.6,6.0,11.0,9.33,15.18,3.3,187.14
LD02090,HM006,F478,D15,2026-08-15 16:00:00,Evening Snack,15,1.905,0.165,0.585,10.92,52.785,F478,12.7,1.1,3.9,72.8,1.9049999999999998,0.165,10.92,52.785
LD02091,HM006,F453,D15,2026-08-15 16:00:00,Evening Snack,170,1.7,0.34,4.76,6.97,37.74,F453,1.0,0.2,2.8,4.1,1.7,0.34,6.969999999999999,37.74
LD02092,HM006,F017,D15,2026-08-15 18:30:00,Dinner,55,4.4,0.33,2.75,11.0,64.57,F017,8.0,0.6,5.0,20.0,4.4,0.33,11.0,64.57000000000001
LD02093,HM006,F178,D15,2026-08-15 18:30:00,Dinner,200,4.8,0.8,6.6,14.2,83.2,F178,2.4,0.4,3.3,7.1,4.8,0.8,14.2,83.2
LD02094,HM006,F283,D15,2026-08-15 18:30:00,Dinner,30,2.85,0.12,2.37,6.3,37.68,F283,9.5,0.4,7.9,21.0,2.85,0.12,6.3,37.68
LD02095,HM006,F440,D15,2026-08-15 18:30:00,Dinner,30,7.65,3.36,0.0,0.0,60.84,F440,25.5,11.2,0.0,0.0,7.6499999999999995,3.36,0.0,60.84
LD02096,HM006,F263,D16,2026-08-16 06:30:00,Breakfast,50,0.4,0.2,0.8,7.8,34.6,F263,0.8,0.4,1.6,15.6,0.4,0.2,7.8,34.599999999999994
LD02097,HM006,F021,D16,2026-08-16 06:30:00,Breakfast,190,6.65,6.27,0.0,8.93,118.75,F021,3.5,3.3,0.0,4.7,6.6499999999999995,6.27,8.93,118.75
LD02098,HM006,F137,D16,2026-08-16 06:30:00,Breakfast,5,0.36,0.065,0.575,3.565,16.285,F137,7.2,1.3,11.5,71.3,0.36000000000000004,0.065,3.565,16.285
LD02099,HM006,F394,D16,2026-08-16 09:30:00,Mid snack,35,0.175,0.105,0.595,3.535,15.785,F394,0.5,0.3,1.7,10.1,0.175,0.105,3.5349999999999997,15.785
LD02100,HM006,F036,D16,2026-08-16 09:30:00,Mid snack,5,1.1,0.3,0.0,0.0,7.1,F036,22.0,6.0,0.0,0.0,1.1,0.30000000000000004,0.0,7.1
LD02101,HM006,F170,D16,2026-08-16 09:30:00,Mid snack,30,6.54,1.77,0.0,0.0,42.09,F170,21.8,5.9,0.0,0.0,6.54,1.77,0.0,42.09
LD02102,HM006,F097,D16,2026-08-16 09:30:00,Mid snack,5,1.48,2.405,0.3,0.525,29.665,F097,29.6,48.1,6.0,10.5,1.4800000000000002,2.4050000000000002,0.525,29.665
LD02103,HM006,F219,D16,2026-08-16 13:00:00,Lunch,75,12.975,7.05,4.5,7.725,146.25,F219,17.3,9.4,6.0,10.3,12.975000000000001,7.050000000000001,7.7250000000000005,146.25
LD02104,HM006,F120,D16,2026-08-16 13:00:00,Lunch,260,1.82,0.26,1.3,9.1,46.02,F120,0.7,0.1,0.5,3.5,1.8199999999999998,0.26,9.1,46.019999999999996
LD02105,HM006,F319,D16,2026-08-16 16:00:00,Evening Snack,20,0.22,0.04,0.56,0.84,4.6,F319,1.1,0.2,2.8,4.2,0.22000000000000003,0.04000000000000001,0.8400000000000001,4.6000000000000005
LD02106,HM006,F408,D16,2026-08-16 16:00:00,Evening Snack,5,0.7,0.095,0.61,3.705,18.475,F408,14.0,1.9,12.2,74.1,0.7000000000000001,0.095,3.705,18.475
LD02107,HM006,F070,D16,2026-08-16 16:00:00,Evening Snack,5,0.36,0.065,0.575,3.53,16.145,F070,7.2,1.3,11.5,70.6,0.36000000000000004,0.065,3.53,16.145
LD02108,HM006,F142,D16,2026-08-16 16:00:00,Evening Snack,10,0.69,0.1,0.1,7.62,34.14,F142,6.9,1.0,1.0,76.2,0.6900000000000001,0.1,7.620000000000001,34.14
LD02109,HM006,F354,D16,2026-08-16 18:30:00,Dinner,30,2.46,1.47,0.09,0.6,25.47,F354,8.2,4.9,0.3,2.0,2.4599999999999995,1.47,0.6,25.47
LD02110,HM006,F247,D16,2026-08-16 18:30:00,Dinner,290,2.61,0.58,8.12,29.0,131.66,F247,0.9,0.2,2.8,10.0,2.61,0.58,29.0,131.66
LD02111,HM006,F155,D17,2026-08-17 06:30:00,Breakfast,10,0.35,0.33,0.0,0.47,6.25,F155,3.5,3.3,0.0,4.7,0.35000000000000003,0.33,0.47000000000000003,6.25
LD02112,HM006,F334,D17,2026-08-17 06:30:00,Breakfast,5,0.165,0.025,0.185,4.16,17.525,F334,3.3,0.5,3.7,83.2,0.165,0.025,4.16,17.525000000000002
LD02113,HM006,F315,D17,2026-08-17 06:30:00,Breakfast,255,4.335,0.51,7.14,25.755,124.95,F315,1.7,0.2,2.8,10.1,4.335,0.51,25.755,124.95
LD02114,HM006,F208,D17,2026-08-17 06:30:00,Breakfast,5,0.685,0.34,0.505,3.52,19.88,F208,13.7,6.8,10.1,70.4,0.685,0.34,3.5200000000000005,19.88
LD02115,HM006,F295,D17,2026-08-17 13:00:00,Lunch,35,6.055,11.27,12.04,15.47,187.53,F295,17.3,32.2,34.4,44.2,6.055,11.27,15.47,187.52999999999997
LD02116,HM006,F449,D17,2026-08-17 13:00:00,Lunch,20,0.32,0.04,0.56,1.96,9.48,F449,1.6,0.2,2.8,9.8,0.32000000000000006,0.04000000000000001,1.9600000000000002,9.479999999999999
LD02117,HM006,F170,D17,2026-08-17 18:30:00,Dinner,10,2.18,0.59,0.0,0.0,14.03,F170,21.8,5.9,0.0,0.0,2.18,0.5900000000000001,0.0,14.030000000000001
LD02118,HM006,F046,D17,2026-08-17 18:30:00,Dinner,215,1.935,0.43,6.02,20.64,94.17,F046,0.9,0.2,2.8,9.6,1.935,0.43,20.639999999999997,94.17
LD02119,HM006,F099,D17,2026-08-17 18:30:00,Dinner,120,12.84,0.24,0.0,0.84,56.88,F099,10.7,0.2,0.0,0.7,12.839999999999998,0.24,0.84,56.879999999999995
LD02120,HM006,F218,D18,2026-08-18 06:30:00,Breakfast,40,3.32,0.24,2.0,8.32,48.72,F218,8.3,0.6,5.0,20.8,3.3200000000000003,0.24,8.32,48.72
LD02121,HM006,F471,D18,2026-08-18 06:30:00,Breakfast,5,0.13,0.045,0.09,1.15,5.525,F471,2.6,0.9,1.8,23.0,0.13,0.045000000000000005,1.1500000000000001,5.5249999999999995
LD02122,HM006,F254,D18,2026-08-18 06:30:00,Breakfast,500,3.5,0.5,2.5,18.5,92.5,F254,0.7,0.1,0.5,3.7,3.5,0.5,18.5,92.5
LD02123,HM006,F354,D18,2026-08-18 09:30:00,Mid snack,10,0.82,0.49,0.03,0.2,8.49,F354,8.2,4.9,0.3,2.0,0.82,0.49000000000000005,0.2,8.49
LD02124,HM006,F058,D18,2026-08-18 09:30:00,Mid snack,60,0.54,0.06,1.44,7.08,31.02,F058,0.9,0.1,2.4,11.8,0.54,0.06,7.08,31.02
LD02125,HM006,F300,D18,2026-08-18 09:30:00,Mid snack,50,5.7,0.1,0.0,0.35,25.1,F300,11.4,0.2,0.0,0.7,5.7,0.1,0.35,25.099999999999998
LD02126,HM006,F498,D18,2026-08-18 13:00:00,Lunch,20,3.54,9.94,2.36,4.68,122.34,F498,17.7,49.7,11.8,23.4,3.54,9.940000000000001,4.68,122.33999999999999
LD02127,HM006,F265,D18,2026-08-18 13:00:00,Lunch,80,0.56,0.16,0.72,15.04,63.84,F265,0.7,0.2,0.9,18.8,0.5599999999999999,0.16000000000000003,15.040000000000001,63.839999999999996
LD02128,HM006,F180,D18,2026-08-18 13:00:00,Lunch,5,0.045,0.01,0.14,0.475,2.17,F180,0.9,0.2,2.8,9.5,0.045000000000000005,0.010000000000000002,0.47500000000000003,2.17
LD02129,HM006,F382,D18,2026-08-18 16:00:00,Evening Snack,20,0.32,0.04,0.56,1.98,9.56,F382,1.6,0.2,2.8,9.9,0.32000000000000006,0.04000000000000001,1.9800000000000002,9.559999999999999
LD02130,HM006,F206,D18,2026-08-18 16:00:00,Evening Snack,5,0.54,0.16,0.33,3.775,18.7,F206,10.8,3.2,6.6,75.5,0.54,0.16000000000000003,3.7750000000000004,18.7
LD02131,HM006,F364,D18,2026-08-18 16:00:00,Evening Snack,5,0.91,2.56,0.59,1.205,31.5,F364,18.2,51.2,11.8,24.1,0.91,2.5600000000000005,1.205,31.5
LD02132,HM006,F185,D18,2026-08-18 16:00:00,Evening Snack,75,0.75,0.15,2.1,3.0,16.35,F185,1.0,0.2,2.8,4.0,0.75,0.15000000000000002,3.0,16.35
LD02133,HM006,F033,D18,2026-08-18 18:30:00,Dinner,90,27.9,3.24,0.0,0.0,140.76,F033,31.0,3.6,0.0,0.0,27.900000000000002,3.24,0.0,140.76
LD02134,HM006,F305,D18,2026-08-18 18:30:00,Dinner,15,3.15,0.78,0.0,0.0,19.62,F305,21.0,5.2,0.0,0.0,3.15,0.78,0.0,19.62
LD02135,HM006,F181,D19,2026-08-19 06:30:00,Breakfast,145,2.32,0.29,4.06,13.775,66.99,F181,1.6,0.2,2.8,9.5,2.32,0.29,13.775,66.99
LD02136,HM006,F255,D19,2026-08-19 06:30:00,Breakfast,175,1.925,0.175,2.975,16.975,77.175,F255,1.1,0.1,1.7,9.7,1.9250000000000003,0.17500000000000002,16.974999999999998,77.17500000000001
LD02137,HM006,F170,D19,2026-08-19 06:30:00,Breakfast,70,15.26,4.13,0.0,0.0,98.21,F170,21.8,5.9,0.0,0.0,15.26,4.13,0.0,98.21000000000001
LD02138,HM006,F248,D19,2026-08-19 09:30:00,Mid snack,60,1.02,0.12,1.68,6.0,29.16,F248,1.7,0.2,2.8,10.0,1.02,0.12,6.0,29.159999999999997
LD02139,HM006,F414,D19,2026-08-19 09:30:00,Mid snack,15,1.335,0.075,0.96,3.495,19.995,F414,8.9,0.5,6.4,23.3,1.335,0.075,3.495,19.995
LD02140,HM006,F225,D19,2026-08-19 09:30:00,Mid snack,5,1.1,2.595,0.625,1.13,32.275,F225,22.0,51.9,12.5,22.6,1.1,2.595,1.1300000000000001,32.275
LD02141,HM006,F394,D19,2026-08-19 09:30:00,Mid snack,30,0.15,0.09,0.51,3.03,13.53,F394,0.5,0.3,1.7,10.1,0.15,0.09,3.03,13.53
LD02142,HM006,F407,D19,2026-08-19 13:00:00,Lunch,50,5.3,1.6,3.3,37.05,183.8,F407,10.6,3.2,6.6,74.1,5.3,1.6,37.05,183.79999999999998
LD02143,HM006,F329,D19,2026-08-19 13:00:00,Lunch,25,0.15,0.05,0.1,2.0,9.05,F329,0.6,0.2,0.4,8.0,0.15,0.05,2.0,9.049999999999999
LD02144,HM006,F328,D19,2026-08-19 13:00:00,Lunch,95,1.71,1.235,3.8,18.62,92.435,F328,1.8,1.3,4.0,19.6,1.71,1.2349999999999999,18.62,92.435
LD02145,HM006,F324,D19,2026-08-19 16:00:00,Evening Snack,5,0.06,0.015,0.13,1.195,5.155,F324,1.2,0.3,2.6,23.9,0.06,0.015,1.195,5.155
LD02146,HM006,F471,D19,2026-08-19 16:00:00,Evening Snack,85,2.21,0.765,1.53,19.55,93.925,F471,2.6,0.9,1.8,23.0,2.21,0.765,19.55,93.92500000000001
LD02147,HM006,F370,D19,2026-08-19 18:30:00,Dinner,40,10.32,7.0,0.0,0.0,104.28,F370,25.8,17.5,0.0,0.0,10.32,7.0,0.0,104.28
LD02148,HM006,F414,D19,2026-08-19 18:30:00,Dinner,20,1.78,0.1,1.28,4.66,26.66,F414,8.9,0.5,6.4,23.3,1.7800000000000002,0.1,4.66,26.66
LD02149,HM006,F193,D19,2026-08-19 18:30:00,Dinner,125,0.625,0.375,2.125,12.125,54.375,F193,0.5,0.3,1.7,9.7,0.625,0.375,12.125,54.375
LD02150,HM006,F099,D19,2026-08-19 18:30:00,Dinner,125,13.375,0.25,0.0,0.875,59.25,F099,10.7,0.2,0.0,0.7,13.375,0.25,0.875,59.25
LD02151,HM006,F467,D20,2026-08-20 06:30:00,Breakfast,10,0.18,0.02,0.67,7.65,31.5,F467,1.8,0.2,6.7,76.5,0.18000000000000002,0.020000000000000004,7.65,31.5
LD02152,HM006,F380,D20,2026-08-20 06:30:00,Breakfast,500,9.5,2.0,11.5,26.0,160.0,F380,1.9,0.4,2.3,5.2,9.5,2.0,26.0,160.0
LD02153,HM006,F231,D20,2026-08-20 09:30:00,Mid snack,5,1.57,2.555,0.3,0.555,31.495,F231,31.4,51.1,6.0,11.1,1.57,2.555,0.555,31.495
LD02154,HM006,F081,D20,2026-08-20 09:30:00,Mid snack,50,3.55,0.5,2.55,9.8,57.9,F081,7.1,1.0,5.1,19.6,3.55,0.5,9.8,57.900000000000006
LD02155,HM006,F291,D20,2026-08-20 13:00:00,Lunch,5,1.355,2.585,0.425,0.845,32.065,F291,27.1,51.7,8.5,16.9,1.3550000000000002,2.5850000000000004,0.845,32.065
LD02156,HM006,F378,D20,2026-08-20 13:00:00,Lunch,10,0.62,0.1,0.8,0.82,6.66,F378,6.2,1.0,8.0,8.2,0.6200000000000001,0.1,0.82,6.66
LD02157,HM006,F020,D20,2026-08-20 13:00:00,Lunch,45,8.235,9.36,0.0,1.125,121.68,F020,18.3,20.8,0.0,2.5,8.235000000000001,9.360000000000001,1.125,121.67999999999999
LD02158,HM006,F149,D20,2026-08-20 13:00:00,Lunch,145,12.905,0.58,11.455,28.71,171.68,F149,8.9,0.4,7.9,19.8,12.905,0.58,28.71,171.68
LD02159,HM006,F360,D20,2026-08-20 16:00:00,Evening Snack,10,1.87,4.51,0.33,3.11,60.51,F360,18.7,45.1,3.3,31.1,1.87,4.510000000000001,3.1100000000000003,60.51
LD02160,HM006,F359,D20,2026-08-20 16:00:00,Evening Snack,5,1.09,2.57,0.625,1.12,31.97,F359,21.8,51.4,12.5,22.4,1.09,2.5700000000000003,1.1199999999999999,31.97
LD02161,HM006,F154,D20,2026-08-20 18:30:00,Dinner,25,4.525,5.15,0.0,0.625,66.95,F154,18.1,20.6,0.0,2.5,4.525,5.15,0.625,66.95
LD02162,HM006,F104,D20,2026-08-20 18:30:00,Dinner,115,22.54,5.635,0.0,0.0,140.875,F104,19.6,4.9,0.0,0.0,22.54,5.635,0.0,140.875
LD02163,HM006,F120,D20,2026-08-20 18:30:00,Dinner,305,2.135,0.305,1.525,10.675,53.985,F120,0.7,0.1,0.5,3.5,2.135,0.305,10.674999999999999,53.985
LD02164,HM006,F052,D21,2026-08-21 06:30:00,Breakfast,95,0.855,0.19,1.14,3.705,19.95,F052,0.9,0.2,1.2,3.9,0.855,0.19,3.7049999999999996,19.950000000000003
LD02165,HM006,F329,D21,2026-08-21 06:30:00,Breakfast,500,3.0,1.0,2.0,40.0,181.0,F329,0.6,0.2,0.4,8.0,3.0,1.0,40.0,181.0
LD02166,HM006,F455,D21,2026-08-21 06:30:00,Breakfast,250,1.75,0.25,1.25,9.25,46.25,F455,0.7,0.1,0.5,3.7,1.75,0.25,9.25,46.25
LD02167,HM006,F441,D21,2026-08-21 09:30:00,Mid snack,5,1.48,0.05,0.0,0.0,6.37,F441,29.6,1.0,0.0,0.0,1.4800000000000002,0.05,0.0,6.37
LD02168,HM006,F412,D21,2026-08-21 09:30:00,Mid snack,20,0.9,0.38,0.56,4.34,24.38,F412,4.5,1.9,2.8,21.7,0.9,0.38,4.34,24.380000000000003
LD02169,HM006,F166,D21,2026-08-21 09:30:00,Mid snack,45,4.86,0.09,0.0,0.315,21.51,F166,10.8,0.2,0.0,0.7,4.86,0.09000000000000001,0.315,21.51
LD02170,HM006,F125,D21,2026-08-21 09:30:00,Mid snack,105,0.945,0.105,2.52,12.18,53.445,F125,0.9,0.1,2.4,11.6,0.9450000000000001,0.10500000000000001,12.18,53.445
LD02171,HM006,F032,D21,2026-08-21 13:00:00,Lunch,60,6.54,0.12,0.0,0.42,28.92,F032,10.9,0.2,0.0,0.7,6.54,0.12,0.42,28.92
LD02172,HM006,F499,D21,2026-08-21 13:00:00,Lunch,10,3.02,4.91,0.6,1.07,60.55,F499,30.2,49.1,6.0,10.7,3.02,4.91,1.07,60.55
LD02173,HM006,F067,D21,2026-08-21 13:00:00,Lunch,325,2.925,1.95,13.975,33.15,161.85,F067,0.9,0.6,4.3,10.2,2.9250000000000003,1.95,33.15,161.85
LD02174,HM006,F217,D21,2026-08-21 13:00:00,Lunch,30,2.49,0.48,2.1,6.87,41.76,F217,8.3,1.6,7.0,22.9,2.49,0.48,6.869999999999999,41.76
LD02175,HM006,F026,D21,2026-08-21 16:00:00,Evening Snack,5,0.76,3.26,0.335,0.685,35.12,F026,15.2,65.2,6.7,13.7,0.76,3.2600000000000002,0.685,35.12
LD02176,HM006,F344,D21,2026-08-21 16:00:00,Evening Snack,5,0.655,0.055,0.195,3.75,18.115,F344,13.1,1.1,3.9,75.0,0.655,0.05500000000000001,3.75,18.115000000000002
LD02177,HM006,F274,D21,2026-08-21 16:00:00,Evening Snack,15,2.16,0.3,1.83,11.43,57.06,F274,14.4,2.0,12.2,76.2,2.16,0.3,11.43,57.06
LD02178,HM006,F313,D21,2026-08-21 16:00:00,Evening Snack,120,2.28,0.48,2.76,6.24,38.4,F313,1.9,0.4,2.3,5.2,2.28,0.48,6.24,38.4
LD02179,HM006,F181,D21,2026-08-21 18:30:00,Dinner,40,0.64,0.08,1.12,3.8,18.48,F181,1.6,0.2,2.8,9.5,0.6400000000000001,0.08000000000000002,3.8000000000000003,18.479999999999997
LD02180,HM006,F253,D21,2026-08-21 18:30:00,Dinner,50,0.45,0.1,0.6,2.05,10.9,F253,0.9,0.2,1.2,4.1,0.45,0.1,2.05,10.9
LD02181,HM006,F143,D21,2026-08-21 18:30:00,Dinner,5,0.63,0.055,0.195,3.605,17.435,F143,12.6,1.1,3.9,72.1,0.63,0.05500000000000001,3.605,17.435000000000002
LD02182,HM006,F464,D21,2026-08-21 18:30:00,Dinner,320,2.56,1.28,5.12,48.96,217.6,F464,0.8,0.4,1.6,15.3,2.5600000000000005,1.2800000000000002,48.96000000000001,217.60000000000002
LD02183,HM006,F375,D22,2026-08-22 06:30:00,Breakfast,10,2.47,0.1,0.0,0.0,10.78,F375,24.7,1.0,0.0,0.0,2.47,0.1,0.0,10.780000000000001
LD02184,HM006,F295,D22,2026-08-22 06:30:00,Breakfast,15,2.595,4.83,5.16,6.63,80.37,F295,17.3,32.2,34.4,44.2,2.595,4.83,6.63,80.37
LD02185,HM006,F195,D22,2026-08-22 06:30:00,Breakfast,480,2.88,0.96,1.92,36.0,164.16,F195,0.6,0.2,0.4,7.5,2.88,0.96,36.0,164.16000000000003
LD02186,HM006,F207,D22,2026-08-22 06:30:00,Breakfast,5,0.71,0.1,0.61,3.775,18.84,F207,14.2,2.0,12.2,75.5,0.71,0.1,3.7750000000000004,18.839999999999996
LD02187,HM006,F030,D22,2026-08-22 06:30:00,Breakfast,5,1.51,2.455,0.3,0.535,30.275,F030,30.2,49.1,6.0,10.7,1.51,2.455,0.535,30.275
LD02188,HM006,F045,D22,2026-08-22 06:30:00,Breakfast,75,1.35,0.3,1.725,3.75,23.1,F045,1.8,0.4,2.3,5.0,1.35,0.30000000000000004,3.75,23.099999999999998
LD02189,HM006,F248,D22,2026-08-22 09:30:00,Mid snack,5,0.085,0.01,0.14,0.5,2.43,F248,1.7,0.2,2.8,10.0,0.085,0.010000000000000002,0.5,2.4299999999999997
LD02190,HM006,F347,D22,2026-08-22 09:30:00,Mid snack,10,0.9,0.05,0.64,2.35,13.45,F347,9.0,0.5,6.4,23.5,0.9,0.05,2.35,13.45
LD02191,HM006,F315,D22,2026-08-22 09:30:00,Mid snack,125,2.125,0.25,3.5,12.625,61.25,F315,1.7,0.2,2.8,10.1,2.125,0.25,12.625,61.25
LD02192,HM006,F054,D22,2026-08-22 09:30:00,Mid snack,120,1.32,0.12,2.04,11.16,51.0,F054,1.1,0.1,1.7,9.3,1.32,0.12,11.16,51.0
LD02193,HM006,F498,D22,2026-08-22 13:00:00,Lunch,5,0.885,2.485,0.59,1.17,30.585,F498,17.7,49.7,11.8,23.4,0.885,2.4850000000000003,1.17,30.584999999999997
LD02194,HM006,F456,D22,2026-08-22 13:00:00,Lunch,410,4.51,0.41,6.97,38.95,177.53,F456,1.1,0.1,1.7,9.5,4.51,0.41,38.949999999999996,177.53
LD02195,HM006,F417,D22,2026-08-22 13:00:00,Lunch,50,4.6,0.2,3.95,10.2,61.0,F417,9.2,0.4,7.9,20.4,4.6,0.2,10.2,60.99999999999999
LD02196,HM006,F292,D22,2026-08-22 13:00:00,Lunch,5,1.115,2.62,0.625,1.14,32.6,F292,22.3,52.4,12.5,22.8,1.115,2.62,1.1400000000000001,32.6
LD02197,HM006,F035,D22,2026-08-22 13:00:00,Lunch,20,5.0,3.4,0.0,0.0,50.6,F035,25.0,17.0,0.0,0.0,5.0,3.4000000000000004,0.0,50.599999999999994
LD02198,HM006,F421,D22,2026-08-22 13:00:00,Lunch,65,5.33,3.185,0.195,1.235,54.925,F421,8.2,4.9,0.3,1.9,5.33,3.1850000000000005,1.2349999999999999,54.925
LD02199,HM006,F038,D22,2026-08-22 16:00:00,Evening Snack,10,2.5,1.1,0.0,0.0,19.9,F038,25.0,11.0,0.0,0.0,2.5,1.1,0.0,19.9
LD02200,HM006,F096,D22,2026-08-22 16:00:00,Evening Snack,5,0.865,2.435,0.59,1.145,29.955,F096,17.3,48.7,11.8,22.9,0.8650000000000001,2.4350000000000005,1.145,29.955
LD02201,HM006,F068,D22,2026-08-22 16:00:00,Evening Snack,30,0.78,0.09,0.12,8.28,37.05,F068,2.6,0.3,0.4,27.6,0.78,0.09,8.28,37.05
LD02202,HM006,F138,D22,2026-08-22 16:00:00,Evening Snack,15,1.635,0.75,1.65,9.945,53.07,F138,10.9,5.0,11.0,66.3,1.635,0.75,9.944999999999999,53.07
LD02203,HM006,F411,D22,2026-08-22 16:00:00,Evening Snack,5,0.65,0.055,0.195,3.715,17.955,F411,13.0,1.1,3.9,74.3,0.65,0.05500000000000001,3.715,17.955000000000002
LD02204,HM006,F158,D22,2026-08-22 16:00:00,Evening Snack,5,1.05,2.47,0.625,1.075,30.73,F158,21.0,49.4,12.5,21.5,1.05,2.47,1.075,30.73
LD02205,HM006,F149,D22,2026-08-22 18:30:00,Dinner,5,0.445,0.02,0.395,0.99,5.92,F149,8.9,0.4,7.9,19.8,0.44500000000000006,0.020000000000000004,0.9900000000000001,5.92
LD02206,HM006,F077,D22,2026-08-22 18:30:00,Dinner,115,4.945,2.185,3.22,24.035,135.585,F077,4.3,1.9,2.8,20.9,4.944999999999999,2.1849999999999996,24.034999999999997,135.585
LD02207,HM006,F304,D22,2026-08-22 18:30:00,Dinner,110,25.41,6.93,0.0,0.0,164.01,F304,23.1,6.3,0.0,0.0,25.410000000000004,6.930000000000001,0.0,164.01
LD02208,HM006,F414,D22,2026-08-22 18:30:00,Dinner,25,2.225,0.125,1.6,5.825,33.325,F414,8.9,0.5,6.4,23.3,2.225,0.125,5.825,33.325
LD02209,HM007,F488,D01,2026-08-01 06:30:00,Breakfast,5,0.4,0.24,0.015,0.095,4.14,F488,8.0,4.8,0.3,1.9,0.4,0.24,0.095,4.140000000000001
LD02210,HM007,F476,D01,2026-08-01 06:30:00,Breakfast,40,5.28,2.6,4.04,27.08,152.84,F476,13.2,6.5,10.1,67.7,5.28,2.6,27.080000000000002,152.84
LD02211,HM007,F326,D01,2026-08-01 06:30:00,Breakfast,290,2.61,0.29,6.96,35.96,156.89,F326,0.9,0.1,2.4,12.4,2.61,0.29,35.96,156.89000000000001
LD02212,HM007,F217,D01,2026-08-01 09:30:00,Mid snack,25,2.075,0.4,1.75,5.725,34.8,F217,8.3,1.6,7.0,22.9,2.075,0.4,5.725,34.8
LD02213,HM007,F154,D01,2026-08-01 09:30:00,Mid snack,10,1.81,2.06,0.0,0.25,26.78,F154,18.1,20.6,0.0,2.5,1.8100000000000003,2.06,0.25,26.78
LD02214,HM007,F449,D01,2026-08-01 09:30:00,Mid snack,100,1.6,0.2,2.8,9.8,47.4,F449,1.6,0.2,2.8,9.8,1.6,0.2,9.8,47.4
LD02215,HM007,F311,D01,2026-08-01 09:30:00,Mid snack,10,0.63,0.11,0.8,0.84,6.87,F311,6.3,1.1,8.0,8.4,0.63,0.11000000000000001,0.8400000000000001,6.87
LD02216,HM007,F238,D01,2026-08-01 13:00:00,Lunch,50,10.4,2.6,0.0,0.0,65.0,F238,20.8,5.2,0.0,0.0,10.4,2.6,0.0,65.0
LD02217,HM007,F049,D01,2026-08-01 13:00:00,Lunch,500,5.0,1.0,15.0,30.0,149.0,F049,1.0,0.2,3.0,6.0,5.0,1.0,30.0,149.0
LD02218,HM007,F469,D01,2026-08-01 16:00:00,Evening Snack,40,0.36,0.24,1.72,4.16,20.24,F469,0.9,0.6,4.3,10.4,0.36000000000000004,0.24,4.16,20.240000000000002
LD02219,HM007,F004,D01,2026-08-01 16:00:00,Evening Snack,20,2.2,1.0,2.2,13.4,71.4,F004,11.0,5.0,11.0,67.0,2.2,1.0,13.4,71.4
LD02220,HM007,F093,D01,2026-08-01 16:00:00,Evening Snack,5,0.745,3.195,0.335,0.67,34.415,F093,14.9,63.9,6.7,13.4,0.7450000000000001,3.1950000000000003,0.67,34.415
LD02221,HM007,F461,D01,2026-08-01 16:00:00,Evening Snack,30,0.15,0.09,0.51,3.0,13.41,F461,0.5,0.3,1.7,10.0,0.15,0.09,3.0,13.41
LD02222,HM007,F290,D01,2026-08-01 18:30:00,Dinner,245,8.33,8.575,0.0,12.25,159.495,F290,3.4,3.5,0.0,5.0,8.33,8.575000000000001,12.25,159.495
LD02223,HM007,F045,D01,2026-08-01 18:30:00,Dinner,255,4.59,1.02,5.865,12.75,78.54,F045,1.8,0.4,2.3,5.0,4.59,1.02,12.75,78.53999999999999
LD02224,HM007,F288,D01,2026-08-01 18:30:00,Dinner,20,3.84,4.36,0.0,0.52,56.68,F288,19.2,21.8,0.0,2.6,3.84,4.36,0.52,56.68
LD02225,HM007,F035,D01,2026-08-01 18:30:00,Dinner,10,2.5,1.7,0.0,0.0,25.3,F035,25.0,17.0,0.0,0.0,2.5,1.7000000000000002,0.0,25.299999999999997
LD02226,HM007,F191,D02,2026-08-02 06:30:00,Breakfast,175,4.55,1.75,9.45,24.85,133.35,F191,2.6,1.0,5.4,14.2,4.55,1.75,24.849999999999998,133.35000000000002
LD02227,HM007,F281,D02,2026-08-02 06:30:00,Breakfast,25,1.85,0.1,1.9,5.05,28.5,F281,7.4,0.4,7.6,20.2,1.85,0.1,5.05,28.5
LD02228,HM007,F047,D02,2026-08-02 09:30:00,Mid snack,45,0.72,0.09,1.26,4.32,20.97,F047,1.6,0.2,2.8,9.6,0.7200000000000001,0.09000000000000001,4.32,20.97
LD02229,HM007,F288,D02,2026-08-02 09:30:00,Mid snack,20,3.84,4.36,0.0,0.52,56.68,F288,19.2,21.8,0.0,2.6,3.84,4.36,0.52,56.68
LD02230,HM007,F170,D02,2026-08-02 13:00:00,Lunch,65,14.17,3.835,0.0,0.0,91.195,F170,21.8,5.9,0.0,0.0,14.170000000000002,3.8350000000000004,0.0,91.195
LD02231,HM007,F301,D02,2026-08-02 13:00:00,Lunch,15,4.89,0.57,0.0,0.0,24.69,F301,32.6,3.8,0.0,0.0,4.89,0.57,0.0,24.689999999999998
LD02232,HM007,F179,D02,2026-08-02 13:00:00,Lunch,305,5.49,1.22,7.015,15.25,93.94,F179,1.8,0.4,2.3,5.0,5.49,1.22,15.25,93.94000000000001
LD02233,HM007,F130,D02,2026-08-02 18:30:00,Dinner,310,1.55,0.31,4.34,39.68,167.71,F130,0.5,0.1,1.4,12.8,1.55,0.31000000000000005,39.68000000000001,167.70999999999998
LD02234,HM007,F032,D02,2026-08-02 18:30:00,Dinner,20,2.18,0.04,0.0,0.14,9.64,F032,10.9,0.2,0.0,0.7,2.18,0.04000000000000001,0.13999999999999999,9.64
LD02235,HM007,F382,D03,2026-08-03 06:30:00,Breakfast,330,5.28,0.66,9.24,32.67,157.74,F382,1.6,0.2,2.8,9.9,5.28,0.66,32.67,157.74
LD02236,HM007,F189,D03,2026-08-03 06:30:00,Breakfast,200,6.2,0.6,2.0,6.6,56.6,F189,3.1,0.3,1.0,3.3,6.2,0.6,6.6,56.6
LD02237,HM007,F388,D03,2026-08-03 06:30:00,Breakfast,120,0.84,0.12,0.6,4.44,22.2,F388,0.7,0.1,0.5,3.7,0.84,0.12,4.44,22.200000000000003
LD02238,HM007,F007,D03,2026-08-03 06:30:00,Breakfast,45,5.94,2.925,4.545,30.465,171.945,F007,13.2,6.5,10.1,67.7,5.9399999999999995,2.9250000000000003,30.465000000000003,171.945
LD02239,HM007,F266,D03,2026-08-03 06:30:00,Breakfast,5,0.095,0.01,0.335,3.9,16.07,F266,1.9,0.2,6.7,78.0,0.095,0.010000000000000002,3.9000000000000004,16.07
LD02240,HM007,F363,D03,2026-08-03 09:30:00,Mid snack,5,0.94,2.175,1.365,1.49,29.295,F363,18.8,43.5,27.3,29.8,0.9400000000000001,2.1750000000000003,1.4900000000000002,29.294999999999998
LD02241,HM007,F236,D03,2026-08-03 09:30:00,Mid snack,10,2.6,1.77,0.0,0.0,26.33,F236,26.0,17.7,0.0,0.0,2.6,1.77,0.0,26.33
LD02242,HM007,F494,D03,2026-08-03 09:30:00,Mid snack,20,3.64,8.76,0.66,6.04,117.56,F494,18.2,43.8,3.3,30.2,3.64,8.76,6.04,117.56
LD02243,HM007,F214,D03,2026-08-03 13:00:00,Lunch,15,1.095,0.06,1.14,3.0,16.92,F214,7.3,0.4,7.6,20.0,1.095,0.06,3.0,16.919999999999998
LD02244,HM007,F126,D03,2026-08-03 13:00:00,Lunch,340,1.7,1.02,5.78,32.64,146.54,F126,0.5,0.3,1.7,9.6,1.7,1.02,32.64,146.54000000000002
LD02245,HM007,F428,D03,2026-08-03 13:00:00,Lunch,25,3.875,16.625,1.675,3.5,179.125,F428,15.5,66.5,6.7,14.0,3.875,16.625,3.5,179.125
LD02246,HM007,F097,D03,2026-08-03 13:00:00,Lunch,15,4.44,7.215,0.9,1.575,88.995,F097,29.6,48.1,6.0,10.5,4.44,7.215,1.575,88.995
LD02247,HM007,F293,D03,2026-08-03 13:00:00,Lunch,5,0.955,2.3,0.165,1.585,30.86,F293,19.1,46.0,3.3,31.7,0.9550000000000001,2.3000000000000003,1.585,30.86
LD02248,HM007,F103,D03,2026-08-03 13:00:00,Lunch,55,11.88,3.245,0.0,0.0,76.725,F103,21.6,5.9,0.0,0.0,11.880000000000003,3.2450000000000006,0.0,76.72500000000001
LD02249,HM007,F363,D03,2026-08-03 16:00:00,Evening Snack,5,0.94,2.175,1.365,1.49,29.295,F363,18.8,43.5,27.3,29.8,0.9400000000000001,2.1750000000000003,1.4900000000000002,29.294999999999998
LD02250,HM007,F195,D03,2026-08-03 16:00:00,Evening Snack,90,0.54,0.18,0.36,6.75,30.78,F195,0.6,0.2,0.4,7.5,0.54,0.18000000000000002,6.75,30.78
LD02251,HM007,F113,D03,2026-08-03 16:00:00,Evening Snack,5,0.045,0.01,0.14,0.47,2.15,F113,0.9,0.2,2.8,9.4,0.045000000000000005,0.010000000000000002,0.47000000000000003,2.15
LD02252,HM007,F386,D03,2026-08-03 16:00:00,Evening Snack,310,3.1,0.62,8.68,12.71,68.82,F386,1.0,0.2,2.8,4.1,3.1,0.6200000000000001,12.709999999999999,68.82000000000001
LD02253,HM007,F193,D03,2026-08-03 16:00:00,Evening Snack,100,0.5,0.3,1.7,9.7,43.5,F193,0.5,0.3,1.7,9.7,0.5,0.3,9.7,43.5
LD02254,HM007,F321,D03,2026-08-03 18:30:00,Dinner,500,3.5,0.5,2.5,19.0,94.5,F321,0.7,0.1,0.5,3.8,3.5,0.5,19.0,94.5
LD02255,HM007,F013,D03,2026-08-03 18:30:00,Dinner,60,4.2,0.24,4.56,11.52,65.04,F013,7.0,0.4,7.6,19.2,4.2,0.24,11.52,65.03999999999999
LD02256,HM007,F005,D03,2026-08-03 18:30:00,Dinner,30,3.12,0.93,1.98,21.78,107.97,F005,10.4,3.1,6.6,72.6,3.12,0.9299999999999999,21.779999999999998,107.97000000000001
LD02257,HM007,F493,D03,2026-08-03 18:30:00,Dinner,10,2.12,4.99,1.25,2.17,62.07,F493,21.2,49.9,12.5,21.7,2.12,4.99,2.17,62.07000000000001
LD02258,HM007,F073,D03,2026-08-03 18:30:00,Dinner,5,0.67,0.095,0.61,3.555,17.755,F073,13.4,1.9,12.2,71.1,0.67,0.095,3.5549999999999997,17.755000000000003
LD02259,HM007,F480,D03,2026-08-03 18:30:00,Dinner,10,0.89,0.26,0.76,2.74,16.86,F480,8.9,2.6,7.6,27.4,0.8900000000000001,0.26,2.74,16.86
LD02260,HM007,F132,D04,2026-08-04 06:30:00,Breakfast,40,0.72,0.08,2.68,29.4,121.2,F132,1.8,0.2,6.7,73.5,0.7200000000000001,0.08000000000000002,29.400000000000002,121.19999999999999
LD02261,HM007,F155,D04,2026-08-04 06:30:00,Breakfast,265,9.275,8.745,0.0,12.455,165.625,F155,3.5,3.3,0.0,4.7,9.275,8.745,12.455,165.625
LD02262,HM007,F067,D04,2026-08-04 06:30:00,Breakfast,25,0.225,0.15,1.075,2.55,12.45,F067,0.9,0.6,4.3,10.2,0.225,0.15,2.55,12.45
LD02263,HM007,F333,D04,2026-08-04 06:30:00,Breakfast,10,0.19,0.02,0.67,7.88,32.46,F333,1.9,0.2,6.7,78.8,0.19,0.020000000000000004,7.88,32.46
LD02264,HM007,F499,D04,2026-08-04 09:30:00,Mid snack,5,1.51,2.455,0.3,0.535,30.275,F499,30.2,49.1,6.0,10.7,1.51,2.455,0.535,30.275
LD02265,HM007,F087,D04,2026-08-04 09:30:00,Mid snack,30,5.37,6.12,0.0,0.75,79.56,F087,17.9,20.4,0.0,2.5,5.369999999999999,6.119999999999999,0.75,79.56
LD02266,HM007,F218,D04,2026-08-04 09:30:00,Mid snack,25,2.075,0.15,1.25,5.2,30.45,F218,8.3,0.6,5.0,20.8,2.075,0.15,5.2,30.450000000000003
LD02267,HM007,F493,D04,2026-08-04 09:30:00,Mid snack,5,1.06,2.495,0.625,1.085,31.035,F493,21.2,49.9,12.5,21.7,1.06,2.495,1.085,31.035000000000004
LD02268,HM007,F347,D04,2026-08-04 13:00:00,Lunch,170,15.3,0.85,10.88,39.95,228.65,F347,9.0,0.5,6.4,23.5,15.299999999999999,0.85,39.949999999999996,228.65
LD02269,HM007,F184,D04,2026-08-04 13:00:00,Lunch,500,3.0,0.5,6.0,17.0,84.5,F184,0.6,0.1,1.2,3.4,3.0,0.5,17.0,84.5
LD02270,HM007,F465,D04,2026-08-04 16:00:00,Evening Snack,45,0.225,0.045,0.63,6.03,25.425,F465,0.5,0.1,1.4,13.4,0.225,0.045000000000000005,6.03,25.425
LD02271,HM007,F327,D04,2026-08-04 16:00:00,Evening Snack,30,0.15,0.09,0.51,3.09,13.77,F327,0.5,0.3,1.7,10.3,0.15,0.09,3.0900000000000003,13.77
LD02272,HM007,F294,D04,2026-08-04 16:00:00,Evening Snack,5,0.8,3.425,0.335,0.72,36.905,F294,16.0,68.5,6.7,14.4,0.8,3.4250000000000003,0.7200000000000001,36.905
LD02273,HM007,F325,D04,2026-08-04 16:00:00,Evening Snack,80,2.16,0.88,4.32,12.0,64.56,F325,2.7,1.1,5.4,15.0,2.16,0.8800000000000001,12.0,64.56
LD02274,HM007,F160,D04,2026-08-04 18:30:00,Dinner,5,0.75,3.225,0.335,0.68,34.745,F160,15.0,64.5,6.7,13.6,0.75,3.225,0.68,34.745000000000005
LD02275,HM007,F451,D04,2026-08-04 18:30:00,Dinner,175,1.75,0.35,5.25,10.675,52.85,F451,1.0,0.2,3.0,6.1,1.75,0.35000000000000003,10.674999999999999,52.85
LD02276,HM007,F424,D04,2026-08-04 18:30:00,Dinner,210,6.93,7.14,0.0,10.29,133.14,F424,3.3,3.4,0.0,4.9,6.93,7.14,10.290000000000001,133.14
LD02277,HM007,F338,D04,2026-08-04 18:30:00,Dinner,30,2.25,0.39,3.45,22.26,101.55,F338,7.5,1.3,11.5,74.2,2.25,0.39,22.26,101.55000000000001
LD02278,HM007,F365,D05,2026-08-05 06:30:00,Breakfast,20,6.22,10.12,1.2,2.2,124.76,F365,31.1,50.6,6.0,11.0,6.220000000000001,10.120000000000001,2.2,124.75999999999999
LD02279,HM007,F175,D05,2026-08-05 06:30:00,Breakfast,70,13.16,1.05,0.0,0.0,62.09,F175,18.8,1.5,0.0,0.0,13.16,1.0499999999999998,0.0,62.09
LD02280,HM007,F245,D05,2026-08-05 06:30:00,Breakfast,60,1.5,0.24,1.98,4.5,26.16,F245,2.5,0.4,3.3,7.5,1.5,0.24,4.5,26.16
LD02281,HM007,F400,D05,2026-08-05 06:30:00,Breakfast,20,0.38,0.04,1.34,15.44,63.64,F400,1.9,0.2,6.7,77.2,0.38,0.04000000000000001,15.440000000000001,63.64
LD02282,HM007,F426,D05,2026-08-05 09:30:00,Mid snack,10,2.16,5.09,1.25,2.21,63.29,F426,21.6,50.9,12.5,22.1,2.16,5.09,2.2100000000000004,63.290000000000006
LD02283,HM007,F119,D05,2026-08-05 09:30:00,Mid snack,165,1.485,0.33,1.98,6.27,33.99,F119,0.9,0.2,1.2,3.8,1.4849999999999999,0.33,6.27,33.99
LD02284,HM007,F038,D05,2026-08-05 09:30:00,Mid snack,5,1.25,0.55,0.0,0.0,9.95,F038,25.0,11.0,0.0,0.0,1.25,0.55,0.0,9.95
LD02285,HM007,F353,D05,2026-08-05 13:00:00,Lunch,65,11.115,6.045,3.9,6.63,125.385,F353,17.1,9.3,6.0,10.2,11.115000000000002,6.045000000000001,6.63,125.385
LD02286,HM007,F296,D05,2026-08-05 13:00:00,Lunch,10,1.92,4.43,2.73,3.03,59.67,F296,19.2,44.3,27.3,30.3,1.92,4.43,3.0300000000000002,59.669999999999995
LD02287,HM007,F423,D05,2026-08-05 13:00:00,Lunch,230,8.28,7.82,0.0,11.04,147.66,F423,3.6,3.4,0.0,4.8,8.28,7.819999999999999,11.04,147.66
LD02288,HM007,F333,D05,2026-08-05 13:00:00,Lunch,5,0.095,0.01,0.335,3.94,16.23,F333,1.9,0.2,6.7,78.8,0.095,0.010000000000000002,3.94,16.23
LD02289,HM007,F121,D05,2026-08-05 16:00:00,Evening Snack,180,1.98,0.18,3.06,16.38,75.06,F121,1.1,0.1,1.7,9.1,1.9800000000000002,0.18000000000000002,16.38,75.06
LD02290,HM007,F109,D05,2026-08-05 16:00:00,Evening Snack,25,0.725,0.075,0.6,0.925,7.275,F109,2.9,0.3,2.4,3.7,0.725,0.075,0.925,7.2749999999999995
LD02291,HM007,F247,D05,2026-08-05 16:00:00,Evening Snack,50,0.45,0.1,1.4,5.0,22.7,F247,0.9,0.2,2.8,10.0,0.45,0.1,5.0,22.7
LD02292,HM007,F319,D05,2026-08-05 16:00:00,Evening Snack,15,0.165,0.03,0.42,0.63,3.45,F319,1.1,0.2,2.8,4.2,0.165,0.03,0.63,3.45
LD02293,HM007,F059,D05,2026-08-05 18:30:00,Dinner,165,0.825,0.495,2.805,16.17,72.435,F059,0.5,0.3,1.7,9.8,0.825,0.49499999999999994,16.17,72.435
LD02294,HM007,F394,D05,2026-08-05 18:30:00,Dinner,230,1.15,0.69,3.91,23.23,103.73,F394,0.5,0.3,1.7,10.1,1.15,0.69,23.229999999999997,103.72999999999999
LD02295,HM007,F213,D05,2026-08-05 18:30:00,Dinner,70,6.3,0.35,4.48,16.59,94.71,F213,9.0,0.5,6.4,23.7,6.3,0.35,16.59,94.71000000000001
LD02296,HM007,F112,D05,2026-08-05 18:30:00,Dinner,15,0.27,0.06,0.345,0.735,4.56,F112,1.8,0.4,2.3,4.9,0.27,0.06,0.735,4.56
LD02297,HM007,F463,D06,2026-08-06 06:30:00,Breakfast,225,1.35,0.45,0.9,17.55,79.65,F463,0.6,0.2,0.4,7.8,1.3499999999999999,0.45,17.55,79.65
LD02298,HM007,F111,D06,2026-08-06 06:30:00,Breakfast,500,12.0,2.0,16.5,35.5,208.0,F111,2.4,0.4,3.3,7.1,12.0,2.0,35.5,208.0
LD02299,HM007,F241,D06,2026-08-06 09:30:00,Mid snack,10,2.5,0.1,0.0,0.0,10.9,F241,25.0,1.0,0.0,0.0,2.5,0.1,0.0,10.9
LD02300,HM007,F489,D06,2026-08-06 09:30:00,Mid snack,45,8.235,9.36,0.0,1.125,121.68,F489,18.3,20.8,0.0,2.5,8.235000000000001,9.360000000000001,1.125,121.67999999999999
LD02301,HM007,F384,D06,2026-08-06 13:00:00,Lunch,425,4.25,0.85,12.75,26.35,130.05,F384,1.0,0.2,3.0,6.2,4.25,0.8500000000000001,26.35,130.05
LD02302,HM007,F168,D06,2026-08-06 13:00:00,Lunch,110,28.27,11.88,0.0,0.0,220.0,F168,25.7,10.8,0.0,0.0,28.270000000000003,11.880000000000003,0.0,220.0
LD02303,HM007,F325,D06,2026-08-06 13:00:00,Lunch,45,1.215,0.495,2.43,6.75,36.315,F325,2.7,1.1,5.4,15.0,1.215,0.49500000000000005,6.75,36.315
LD02304,HM007,F125,D06,2026-08-06 16:00:00,Evening Snack,60,0.54,0.06,1.44,6.96,30.54,F125,0.9,0.1,2.4,11.6,0.54,0.06,6.96,30.54
LD02305,HM007,F064,D06,2026-08-06 16:00:00,Evening Snack,130,0.91,0.26,1.17,23.53,100.1,F064,0.7,0.2,0.9,18.1,0.9099999999999999,0.26,23.53,100.10000000000001
LD02306,HM007,F203,D06,2026-08-06 18:30:00,Dinner,110,2.97,0.99,1.98,26.29,125.95,F203,2.7,0.9,1.8,23.9,2.9700000000000006,0.9900000000000001,26.29,125.94999999999999
LD02307,HM007,F205,D06,2026-08-06 18:30:00,Dinner,10,1.14,0.52,1.1,6.97,37.12,F205,11.4,5.2,11.0,69.7,1.1400000000000001,0.52,6.970000000000001,37.12
LD02308,HM007,F228,D06,2026-08-06 18:30:00,Dinner,20,3.44,6.38,6.88,8.76,106.22,F228,17.2,31.9,34.4,43.8,3.44,6.38,8.76,106.22
LD02309,HM007,F476,D06,2026-08-06 18:30:00,Dinner,10,1.32,0.65,1.01,6.77,38.21,F476,13.2,6.5,10.1,67.7,1.32,0.65,6.7700000000000005,38.21
LD02310,HM007,F252,D07,2026-08-07 06:30:00,Breakfast,330,3.3,0.66,9.24,13.86,74.58,F252,1.0,0.2,2.8,4.2,3.3,0.66,13.86,74.58
LD02311,HM007,F208,D07,2026-08-07 06:30:00,Breakfast,25,3.425,1.7,2.525,17.6,99.4,F208,13.7,6.8,10.1,70.4,3.425,1.7,17.6,99.4
LD02312,HM007,F296,D07,2026-08-07 06:30:00,Breakfast,5,0.96,2.215,1.365,1.515,29.835,F296,19.2,44.3,27.3,30.3,0.96,2.215,1.5150000000000001,29.834999999999997
LD02313,HM007,F057,D07,2026-08-07 06:30:00,Breakfast,10,0.26,0.1,0.54,1.43,7.66,F057,2.6,1.0,5.4,14.3,0.26,0.1,1.4300000000000002,7.66
LD02314,HM007,F457,D07,2026-08-07 06:30:00,Breakfast,420,13.44,1.26,4.2,14.28,122.22,F457,3.2,0.3,1.0,3.4,13.440000000000001,1.26,14.28,122.22
LD02315,HM007,F156,D07,2026-08-07 06:30:00,Breakfast,110,3.52,3.63,0.0,5.28,67.87,F156,3.2,3.3,0.0,4.8,3.5200000000000005,3.63,5.28,67.87
LD02316,HM007,F029,D07,2026-08-07 09:30:00,Mid snack,5,0.885,2.485,0.59,1.17,30.585,F029,17.7,49.7,11.8,23.4,0.885,2.4850000000000003,1.17,30.584999999999997
LD02317,HM007,F295,D07,2026-08-07 09:30:00,Mid snack,5,0.865,1.61,1.72,2.21,26.79,F295,17.3,32.2,34.4,44.2,0.8650000000000001,1.6100000000000003,2.2100000000000004,26.79
LD02318,HM007,F351,D07,2026-08-07 09:30:00,Mid snack,5,0.41,0.075,0.35,1.135,6.855,F351,8.2,1.5,7.0,22.7,0.41,0.07500000000000001,1.135,6.8549999999999995
LD02319,HM007,F434,D07,2026-08-07 09:30:00,Mid snack,155,17.205,0.31,0.0,1.085,75.95,F434,11.1,0.2,0.0,0.7,17.205,0.31000000000000005,1.085,75.95
LD02320,HM007,F220,D07,2026-08-07 09:30:00,Mid snack,30,2.49,1.5,0.09,0.6,25.86,F220,8.3,5.0,0.3,2.0,2.49,1.5,0.6,25.86
LD02321,HM007,F295,D07,2026-08-07 13:00:00,Lunch,15,2.595,4.83,5.16,6.63,80.37,F295,17.3,32.2,34.4,44.2,2.595,4.83,6.63,80.37
LD02322,HM007,F053,D07,2026-08-07 13:00:00,Lunch,365,2.555,0.365,1.825,13.14,66.065,F053,0.7,0.1,0.5,3.6,2.5549999999999997,0.365,13.14,66.065
LD02323,HM007,F256,D07,2026-08-07 13:00:00,Lunch,65,2.08,0.195,0.65,2.21,18.915,F256,3.2,0.3,1.0,3.4,2.08,0.195,2.21,18.915
LD02324,HM007,F386,D07,2026-08-07 13:00:00,Lunch,440,4.4,0.88,12.32,18.04,97.68,F386,1.0,0.2,2.8,4.1,4.4,0.8800000000000001,18.04,97.67999999999999
LD02325,HM007,F228,D07,2026-08-07 13:00:00,Lunch,35,6.02,11.165,12.04,15.33,185.885,F228,17.2,31.9,34.4,43.8,6.02,11.165,15.329999999999998,185.885
LD02326,HM007,F103,D07,2026-08-07 13:00:00,Lunch,20,4.32,1.18,0.0,0.0,27.9,F103,21.6,5.9,0.0,0.0,4.32,1.1800000000000002,0.0,27.9
LD02327,HM007,F343,D07,2026-08-07 16:00:00,Evening Snack,5,0.36,0.05,0.05,3.965,17.75,F343,7.2,1.0,1.0,79.3,0.36000000000000004,0.05,3.965,17.75
LD02328,HM007,F265,D07,2026-08-07 16:00:00,Evening Snack,5,0.035,0.01,0.045,0.94,3.99,F265,0.7,0.2,0.9,18.8,0.034999999999999996,0.010000000000000002,0.9400000000000001,3.9899999999999998
LD02329,HM007,F027,D07,2026-08-07 16:00:00,Evening Snack,10,1.65,3.07,3.44,4.21,51.07,F027,16.5,30.7,34.4,42.1,1.6500000000000001,3.0700000000000003,4.21,51.06999999999999
LD02330,HM007,F059,D07,2026-08-07 16:00:00,Evening Snack,5,0.025,0.015,0.085,0.49,2.195,F059,0.5,0.3,1.7,9.8,0.025,0.015,0.49000000000000005,2.1950000000000003
LD02331,HM007,F004,D07,2026-08-07 16:00:00,Evening Snack,30,3.3,1.5,3.3,20.1,107.1,F004,11.0,5.0,11.0,67.0,3.3,1.5,20.099999999999998,107.10000000000001
LD02332,HM007,F492,D07,2026-08-07 16:00:00,Evening Snack,5,1.29,2.46,0.425,0.805,30.52,F492,25.8,49.2,8.5,16.1,1.29,2.4600000000000004,0.8050000000000002,30.520000000000003
LD02333,HM007,F062,D07,2026-08-07 18:30:00,Dinner,165,1.32,0.66,2.64,24.75,110.22,F062,0.8,0.4,1.6,15.0,1.32,0.66,24.75,110.22
LD02334,HM007,F312,D07,2026-08-07 18:30:00,Dinner,335,8.375,1.34,11.055,25.46,147.4,F312,2.5,0.4,3.3,7.6,8.375,1.34,25.46,147.4
LD02335,HM007,F384,D07,2026-08-07 18:30:00,Dinner,130,1.3,0.26,3.9,8.06,39.78,F384,1.0,0.2,3.0,6.2,1.3,0.26,8.06,39.78
LD02336,HM007,F306,D07,2026-08-07 18:30:00,Dinner,25,6.55,2.9,0.0,0.0,52.3,F306,26.2,11.6,0.0,0.0,6.55,2.9,0.0,52.3
LD02337,HM007,F176,D07,2026-08-07 18:30:00,Dinner,165,4.95,0.495,3.96,6.27,49.335,F176,3.0,0.3,2.4,3.8,4.949999999999999,0.49499999999999994,6.27,49.334999999999994
LD02338,HM007,F275,D08,2026-08-08 06:30:00,Breakfast,25,3.475,1.7,2.525,17.775,100.3,F275,13.9,6.8,10.1,71.1,3.475,1.7,17.775,100.3
LD02339,HM007,F031,D08,2026-08-08 06:30:00,Breakfast,145,18.27,15.37,0.0,1.595,217.79,F031,12.6,10.6,0.0,1.1,18.27,15.37,1.595,217.78999999999996
LD02340,HM007,F453,D08,2026-08-08 09:30:00,Mid snack,75,0.75,0.15,2.1,3.075,16.65,F453,1.0,0.2,2.8,4.1,0.75,0.15000000000000002,3.0749999999999997,16.650000000000002
LD02341,HM007,F021,D08,2026-08-08 09:30:00,Mid snack,175,6.125,5.775,0.0,8.225,109.375,F021,3.5,3.3,0.0,4.7,6.125,5.7749999999999995,8.225,109.375
LD02342,HM007,F245,D08,2026-08-08 13:00:00,Lunch,350,8.75,1.4,11.55,26.25,152.6,F245,2.5,0.4,3.3,7.5,8.75,1.4000000000000001,26.25,152.6
LD02343,HM007,F142,D08,2026-08-08 13:00:00,Lunch,65,4.485,0.65,0.65,49.53,221.91,F142,6.9,1.0,1.0,76.2,4.485,0.65,49.53,221.91
LD02344,HM007,F464,D08,2026-08-08 16:00:00,Evening Snack,175,1.4,0.7,2.8,26.775,119.0,F464,0.8,0.4,1.6,15.3,1.4000000000000001,0.7000000000000001,26.775000000000002,118.99999999999999
LD02345,HM007,F360,D08,2026-08-08 16:00:00,Evening Snack,5,0.935,2.255,0.165,1.555,30.255,F360,18.7,45.1,3.3,31.1,0.935,2.2550000000000003,1.5550000000000002,30.255
LD02346,HM007,F084,D08,2026-08-08 18:30:00,Dinner,90,7.02,0.54,4.5,17.64,103.5,F084,7.8,0.6,5.0,19.6,7.02,0.54,17.64,103.5
LD02347,HM007,F071,D08,2026-08-08 18:30:00,Dinner,5,0.54,0.245,0.55,3.285,17.505,F071,10.8,4.9,11.0,65.7,0.54,0.24500000000000002,3.285,17.505000000000003
LD02348,HM007,F244,D08,2026-08-08 18:30:00,Dinner,10,0.62,0.1,0.8,0.83,6.7,F244,6.2,1.0,8.0,8.3,0.6200000000000001,0.1,0.8300000000000001,6.7
LD02349,HM007,F377,D08,2026-08-08 18:30:00,Dinner,500,15.5,1.5,12.0,19.5,153.5,F377,3.1,0.3,2.4,3.9,15.5,1.5,19.5,153.5
LD02350,HM007,F455,D09,2026-08-09 06:30:00,Breakfast,500,3.5,0.5,2.5,18.5,92.5,F455,0.7,0.1,0.5,3.7,3.5,0.5,18.5,92.5
LD02351,HM007,F265,D09,2026-08-09 06:30:00,Breakfast,125,0.875,0.25,1.125,23.5,99.75,F265,0.7,0.2,0.9,18.8,0.875,0.25,23.5,99.75
LD02352,HM007,F456,D09,2026-08-09 06:30:00,Breakfast,300,3.3,0.3,5.1,28.5,129.9,F456,1.1,0.1,1.7,9.5,3.3000000000000003,0.30000000000000004,28.5,129.9
LD02353,HM007,F486,D09,2026-08-09 09:30:00,Mid snack,65,5.2,0.39,3.25,13.0,76.31,F486,8.0,0.6,5.0,20.0,5.2,0.39,13.0,76.31
LD02354,HM007,F485,D09,2026-08-09 09:30:00,Mid snack,40,3.2,0.6,2.8,8.8,53.4,F485,8.0,1.5,7.0,22.0,3.2,0.6000000000000001,8.8,53.4
LD02355,HM007,F101,D09,2026-08-09 13:00:00,Lunch,145,36.975,15.515,0.0,0.0,287.535,F101,25.5,10.7,0.0,0.0,36.975,15.514999999999999,0.0,287.53499999999997
LD02356,HM007,F417,D09,2026-08-09 13:00:00,Lunch,100,9.2,0.4,7.9,20.4,122.0,F417,9.2,0.4,7.9,20.4,9.2,0.4,20.4,121.99999999999999
LD02357,HM007,F388,D09,2026-08-09 16:00:00,Evening Snack,435,3.045,0.435,2.175,16.095,80.475,F388,0.7,0.1,0.5,3.7,3.0449999999999995,0.435,16.095,80.47500000000001
LD02358,HM007,F261,D09,2026-08-09 16:00:00,Evening Snack,30,0.54,0.36,1.2,5.82,28.68,F261,1.8,1.2,4.0,19.4,0.54,0.36,5.819999999999999,28.68
LD02359,HM007,F112,D09,2026-08-09 16:00:00,Evening Snack,60,1.08,0.24,1.38,2.94,18.24,F112,1.8,0.4,2.3,4.9,1.08,0.24,2.94,18.24
LD02360,HM007,F263,D09,2026-08-09 16:00:00,Evening Snack,5,0.04,0.02,0.08,0.78,3.46,F263,0.8,0.4,1.6,15.6,0.04000000000000001,0.020000000000000004,0.78,3.4600000000000004
LD02361,HM007,F079,D09,2026-08-09 18:30:00,Dinner,35,2.975,0.175,2.24,7.805,44.695,F079,8.5,0.5,6.4,22.3,2.9749999999999996,0.175,7.805,44.695
LD02362,HM007,F319,D09,2026-08-09 18:30:00,Dinner,415,4.565,0.83,11.62,17.43,95.45,F319,1.1,0.2,2.8,4.2,4.565,0.8300000000000001,17.430000000000003,95.45
LD02363,HM007,F216,D09,2026-08-09 18:30:00,Dinner,135,12.69,0.54,10.665,28.08,167.94,F216,9.4,0.4,7.9,20.8,12.690000000000001,0.54,28.080000000000002,167.94
LD02364,HM007,F313,D10,2026-08-10 06:30:00,Breakfast,445,8.455,1.78,10.235,23.14,142.4,F313,1.9,0.4,2.3,5.2,8.455,1.7800000000000002,23.14,142.4
LD02365,HM007,F180,D10,2026-08-10 06:30:00,Breakfast,150,1.35,0.3,4.2,14.25,65.1,F180,0.9,0.2,2.8,9.5,1.35,0.30000000000000004,14.25,65.1
LD02366,HM007,F271,D10,2026-08-10 06:30:00,Breakfast,5,0.385,0.07,0.575,3.78,17.29,F271,7.7,1.4,11.5,75.6,0.385,0.06999999999999999,3.78,17.29
LD02367,HM007,F109,D10,2026-08-10 13:00:00,Lunch,105,3.045,0.315,2.52,3.885,30.555,F109,2.9,0.3,2.4,3.7,3.045,0.315,3.8850000000000002,30.555
LD02368,HM007,F441,D10,2026-08-10 13:00:00,Lunch,195,57.72,1.95,0.0,0.0,248.43,F441,29.6,1.0,0.0,0.0,57.72,1.95,0.0,248.43
LD02369,HM007,F407,D10,2026-08-10 13:00:00,Lunch,10,1.06,0.32,0.66,7.41,36.76,F407,10.6,3.2,6.6,74.1,1.06,0.32000000000000006,7.41,36.760000000000005
LD02370,HM007,F139,D10,2026-08-10 18:30:00,Dinner,55,5.665,1.705,3.63,39.545,196.185,F139,10.3,3.1,6.6,71.9,5.665000000000001,1.7050000000000003,39.54500000000001,196.185
LD02371,HM007,F032,D10,2026-08-10 18:30:00,Dinner,115,12.535,0.23,0.0,0.805,55.43,F032,10.9,0.2,0.0,0.7,12.535,0.22999999999999998,0.8049999999999999,55.43
LD02372,HM007,F404,D11,2026-08-11 06:30:00,Breakfast,115,3.105,1.035,2.07,27.025,129.835,F404,2.7,0.9,1.8,23.5,3.105,1.035,27.025,129.835
LD02373,HM007,F102,D11,2026-08-11 06:30:00,Breakfast,5,1.225,0.835,0.0,0.0,12.415,F102,24.5,16.7,0.0,0.0,1.225,0.835,0.0,12.415
LD02374,HM007,F149,D11,2026-08-11 06:30:00,Breakfast,40,3.56,0.16,3.16,7.92,47.36,F149,8.9,0.4,7.9,19.8,3.5600000000000005,0.16000000000000003,7.920000000000001,47.36
LD02375,HM007,F443,D11,2026-08-11 09:30:00,Mid snack,5,0.97,0.075,0.0,0.0,4.555,F443,19.4,1.5,0.0,0.0,0.97,0.07500000000000001,0.0,4.555
LD02376,HM007,F220,D11,2026-08-11 09:30:00,Mid snack,5,0.415,0.25,0.015,0.1,4.31,F220,8.3,5.0,0.3,2.0,0.41500000000000004,0.25,0.1,4.3100000000000005
LD02377,HM007,F481,D11,2026-08-11 09:30:00,Mid snack,50,4.35,0.25,3.2,11.4,65.25,F481,8.7,0.5,6.4,22.8,4.35,0.25,11.4,65.25
LD02378,HM007,F134,D11,2026-08-11 13:00:00,Lunch,45,0.405,0.27,1.935,4.5,22.05,F134,0.9,0.6,4.3,10.0,0.405,0.27,4.5,22.05
LD02379,HM007,F171,D11,2026-08-11 13:00:00,Lunch,165,32.67,8.25,0.0,0.0,204.93,F171,19.8,5.0,0.0,0.0,32.67,8.25,0.0,204.93
LD02380,HM007,F257,D11,2026-08-11 18:30:00,Dinner,5,0.055,0.015,0.13,1.185,5.095,F257,1.1,0.3,2.6,23.7,0.05500000000000001,0.015,1.185,5.095
LD02381,HM007,F248,D11,2026-08-11 18:30:00,Dinner,345,5.865,0.69,9.66,34.5,167.67,F248,1.7,0.2,2.8,10.0,5.865,0.6900000000000001,34.5,167.67000000000002
LD02382,HM007,F362,D12,2026-08-12 06:30:00,Breakfast,10,1.7,3.16,3.44,4.34,52.6,F362,17.0,31.6,34.4,43.4,1.7000000000000002,3.16,4.34,52.6
LD02383,HM007,F210,D12,2026-08-12 06:30:00,Breakfast,10,1.32,0.11,0.39,7.57,36.55,F210,13.2,1.1,3.9,75.7,1.32,0.11000000000000001,7.57,36.550000000000004
LD02384,HM007,F087,D12,2026-08-12 06:30:00,Breakfast,50,8.95,10.2,0.0,1.25,132.6,F087,17.9,20.4,0.0,2.5,8.95,10.2,1.25,132.6
LD02385,HM007,F287,D12,2026-08-12 06:30:00,Breakfast,25,2.1,1.25,0.075,0.5,21.65,F287,8.4,5.0,0.3,2.0,2.1,1.25,0.5,21.65
LD02386,HM007,F345,D12,2026-08-12 09:30:00,Mid snack,10,0.45,0.2,0.28,2.19,12.36,F345,4.5,2.0,2.8,21.9,0.45,0.2,2.19,12.360000000000001
LD02387,HM007,F454,D12,2026-08-12 09:30:00,Mid snack,265,2.385,0.53,3.18,10.6,56.71,F454,0.9,0.2,1.2,4.0,2.385,0.53,10.6,56.71
LD02388,HM007,F365,D12,2026-08-12 09:30:00,Mid snack,5,1.555,2.53,0.3,0.55,31.19,F365,31.1,50.6,6.0,11.0,1.5550000000000002,2.5300000000000002,0.55,31.189999999999998
LD02389,HM007,F283,D12,2026-08-12 09:30:00,Mid snack,10,0.95,0.04,0.79,2.1,12.56,F283,9.5,0.4,7.9,21.0,0.9500000000000001,0.04000000000000001,2.1,12.559999999999999
LD02390,HM007,F481,D12,2026-08-12 13:00:00,Lunch,150,13.05,0.75,9.6,34.2,195.75,F481,8.7,0.5,6.4,22.8,13.049999999999999,0.75,34.2,195.75
LD02391,HM007,F096,D12,2026-08-12 13:00:00,Lunch,15,2.595,7.305,1.77,3.435,89.865,F096,17.3,48.7,11.8,22.9,2.595,7.305,3.4349999999999996,89.86500000000001
LD02392,HM007,F115,D12,2026-08-12 13:00:00,Lunch,40,0.76,0.08,1.28,2.92,15.44,F115,1.9,0.2,3.2,7.3,0.76,0.08000000000000002,2.92,15.44
LD02393,HM007,F321,D12,2026-08-12 18:30:00,Dinner,500,3.5,0.5,2.5,19.0,94.5,F321,0.7,0.1,0.5,3.8,3.5,0.5,19.0,94.5
LD02394,HM007,F179,D12,2026-08-12 18:30:00,Dinner,40,0.72,0.16,0.92,2.0,12.32,F179,1.8,0.4,2.3,5.0,0.7200000000000001,0.16000000000000003,2.0,12.319999999999999
LD02395,HM007,F114,D13,2026-08-13 06:30:00,Breakfast,285,4.56,0.57,7.98,26.79,130.53,F114,1.6,0.2,2.8,9.4,4.5600000000000005,0.5700000000000001,26.790000000000003,130.53
LD02396,HM007,F034,D13,2026-08-13 06:30:00,Breakfast,5,1.3,0.545,0.0,0.0,10.105,F034,26.0,10.9,0.0,0.0,1.3,0.545,0.0,10.105
LD02397,HM007,F115,D13,2026-08-13 06:30:00,Breakfast,330,6.27,0.66,10.56,24.09,127.38,F115,1.9,0.2,3.2,7.3,6.27,0.66,24.09,127.38
LD02398,HM007,F447,D13,2026-08-13 06:30:00,Breakfast,215,3.87,0.86,4.945,10.965,67.08,F447,1.8,0.4,2.3,5.1,3.87,0.86,10.964999999999998,67.08
LD02399,HM007,F113,D13,2026-08-13 06:30:00,Breakfast,40,0.36,0.08,1.12,3.76,17.2,F113,0.9,0.2,2.8,9.4,0.36000000000000004,0.08000000000000002,3.7600000000000002,17.2
LD02400,HM007,F164,D13,2026-08-13 06:30:00,Breakfast,5,1.495,2.43,0.3,0.53,29.97,F164,29.9,48.6,6.0,10.6,1.495,2.43,0.53,29.970000000000002
LD02401,HM007,F036,D13,2026-08-13 09:30:00,Mid snack,55,12.1,3.3,0.0,0.0,78.1,F036,22.0,6.0,0.0,0.0,12.100000000000001,3.3000000000000003,0.0,78.1
LD02402,HM007,F284,D13,2026-08-13 09:30:00,Mid snack,15,1.26,0.24,1.05,3.465,21.06,F284,8.4,1.6,7.0,23.1,1.26,0.24,3.4650000000000003,21.06
LD02403,HM007,F432,D13,2026-08-13 09:30:00,Mid snack,10,3.08,5.01,0.6,1.09,61.77,F432,30.8,50.1,6.0,10.9,3.08,5.010000000000001,1.09,61.769999999999996
LD02404,HM007,F435,D13,2026-08-13 13:00:00,Lunch,135,42.66,4.995,0.0,0.0,215.595,F435,31.6,3.7,0.0,0.0,42.660000000000004,4.995000000000001,0.0,215.59499999999997
LD02405,HM007,F227,D13,2026-08-13 13:00:00,Lunch,5,0.79,3.39,0.335,0.71,36.51,F227,15.8,67.8,6.7,14.2,0.79,3.39,0.71,36.510000000000005
LD02406,HM007,F187,D13,2026-08-13 13:00:00,Lunch,295,2.065,0.295,1.475,10.62,53.395,F187,0.7,0.1,0.5,3.6,2.065,0.29500000000000004,10.620000000000001,53.394999999999996
LD02407,HM007,F062,D13,2026-08-13 13:00:00,Lunch,165,1.32,0.66,2.64,24.75,110.22,F062,0.8,0.4,1.6,15.0,1.32,0.66,24.75,110.22
LD02408,HM007,F072,D13,2026-08-13 13:00:00,Lunch,5,0.51,0.15,0.33,3.555,17.61,F072,10.2,3.0,6.6,71.1,0.51,0.15000000000000002,3.5549999999999997,17.610000000000003
LD02409,HM007,F015,D13,2026-08-13 13:00:00,Lunch,70,6.3,0.28,5.53,14.0,83.72,F015,9.0,0.4,7.9,20.0,6.3,0.27999999999999997,14.0,83.72
LD02410,HM007,F063,D13,2026-08-13 16:00:00,Evening Snack,40,0.2,0.04,0.56,5.24,22.12,F063,0.5,0.1,1.4,13.1,0.2,0.04000000000000001,5.24,22.12
LD02411,HM007,F429,D13,2026-08-13 16:00:00,Evening Snack,10,1.68,3.13,3.44,4.29,52.05,F429,16.8,31.3,34.4,42.9,1.6800000000000002,3.1300000000000003,4.29,52.05
LD02412,HM007,F472,D13,2026-08-13 16:00:00,Evening Snack,15,1.095,0.195,1.725,10.8,49.335,F472,7.3,1.3,11.5,72.0,1.095,0.195,10.799999999999999,49.33500000000001
LD02413,HM007,F497,D13,2026-08-13 16:00:00,Evening Snack,5,0.915,2.11,1.365,1.445,28.43,F497,18.3,42.2,27.3,28.9,0.915,2.1100000000000003,1.445,28.43
LD02414,HM007,F118,D13,2026-08-13 16:00:00,Evening Snack,5,0.05,0.01,0.14,0.195,1.07,F118,1.0,0.2,2.8,3.9,0.05,0.010000000000000002,0.195,1.07
LD02415,HM007,F473,D13,2026-08-13 18:30:00,Dinner,20,2.2,1.0,2.2,13.4,71.4,F473,11.0,5.0,11.0,67.0,2.2,1.0,13.4,71.4
LD02416,HM007,F332,D13,2026-08-13 18:30:00,Dinner,10,0.07,0.02,0.09,1.9,8.06,F332,0.7,0.2,0.9,19.0,0.06999999999999999,0.020000000000000004,1.9000000000000001,8.06
LD02417,HM007,F147,D13,2026-08-13 18:30:00,Dinner,30,2.07,0.12,2.28,5.7,32.16,F147,6.9,0.4,7.6,19.0,2.07,0.12,5.7,32.16
LD02418,HM007,F090,D13,2026-08-13 18:30:00,Dinner,40,10.12,19.28,3.4,6.32,239.28,F090,25.3,48.2,8.5,15.8,10.120000000000001,19.28,6.32,239.28
LD02419,HM007,F216,D13,2026-08-13 18:30:00,Dinner,50,4.7,0.2,3.95,10.4,62.2,F216,9.4,0.4,7.9,20.8,4.7,0.2,10.4,62.2
LD02420,HM007,F442,D14,2026-08-14 06:30:00,Breakfast,265,64.925,2.65,0.0,0.0,283.55,F442,24.5,1.0,0.0,0.0,64.925,2.65,0.0,283.55
LD02421,HM007,F333,D14,2026-08-14 06:30:00,Breakfast,15,0.285,0.03,1.005,11.82,48.69,F333,1.9,0.2,6.7,78.8,0.285,0.03,11.819999999999999,48.690000000000005
LD02422,HM007,F241,D14,2026-08-14 06:30:00,Breakfast,85,21.25,0.85,0.0,0.0,92.65,F241,25.0,1.0,0.0,0.0,21.25,0.85,0.0,92.65
LD02423,HM007,F097,D14,2026-08-14 06:30:00,Breakfast,5,1.48,2.405,0.3,0.525,29.665,F097,29.6,48.1,6.0,10.5,1.4800000000000002,2.4050000000000002,0.525,29.665
LD02424,HM007,F417,D14,2026-08-14 09:30:00,Mid snack,60,5.52,0.24,4.74,12.24,73.2,F417,9.2,0.4,7.9,20.4,5.52,0.24,12.239999999999998,73.19999999999999
LD02425,HM007,F355,D14,2026-08-14 09:30:00,Mid snack,5,0.94,1.07,0.0,0.13,13.91,F355,18.8,21.4,0.0,2.6,0.9400000000000001,1.07,0.13,13.91
LD02426,HM007,F224,D14,2026-08-14 09:30:00,Mid snack,10,2.68,5.12,0.85,1.67,63.48,F224,26.8,51.2,8.5,16.7,2.68,5.120000000000001,1.67,63.48
LD02427,HM007,F378,D14,2026-08-14 09:30:00,Mid snack,40,2.48,0.4,3.2,3.28,26.64,F378,6.2,1.0,8.0,8.2,2.4800000000000004,0.4,3.28,26.64
LD02428,HM007,F256,D14,2026-08-14 13:00:00,Lunch,50,1.6,0.15,0.5,1.7,14.55,F256,3.2,0.3,1.0,3.4,1.6,0.15,1.7,14.549999999999999
LD02429,HM007,F157,D14,2026-08-14 13:00:00,Lunch,40,10.2,19.48,3.4,6.36,241.56,F157,25.5,48.7,8.5,15.9,10.200000000000001,19.480000000000004,6.36,241.56
LD02430,HM007,F498,D14,2026-08-14 13:00:00,Lunch,35,6.195,17.395,4.13,8.19,214.095,F498,17.7,49.7,11.8,23.4,6.194999999999999,17.395,8.19,214.095
LD02431,HM007,F311,D14,2026-08-14 13:00:00,Lunch,45,2.835,0.495,3.6,3.78,30.915,F311,6.3,1.1,8.0,8.4,2.835,0.49500000000000005,3.7800000000000002,30.915
LD02432,HM007,F322,D14,2026-08-14 16:00:00,Evening Snack,100,1.2,0.1,1.7,9.8,44.9,F322,1.2,0.1,1.7,9.8,1.2,0.1,9.8,44.9
LD02433,HM007,F072,D14,2026-08-14 16:00:00,Evening Snack,15,1.53,0.45,0.99,10.665,52.83,F072,10.2,3.0,6.6,71.1,1.5299999999999998,0.44999999999999996,10.665,52.82999999999999
LD02434,HM007,F255,D14,2026-08-14 16:00:00,Evening Snack,165,1.815,0.165,2.805,16.005,72.765,F255,1.1,0.1,1.7,9.7,1.815,0.165,16.005,72.765
LD02435,HM007,F428,D14,2026-08-14 18:30:00,Dinner,25,3.875,16.625,1.675,3.5,179.125,F428,15.5,66.5,6.7,14.0,3.875,16.625,3.5,179.125
LD02436,HM007,F232,D14,2026-08-14 18:30:00,Dinner,65,8.515,7.15,0.0,0.715,101.27,F232,13.1,11.0,0.0,1.1,8.515,7.15,0.7150000000000001,101.27000000000001
LD02437,HM007,F086,D14,2026-08-14 18:30:00,Dinner,160,12.48,7.52,0.48,3.04,129.76,F086,7.8,4.7,0.3,1.9,12.48,7.5200000000000005,3.04,129.76
LD02438,HM007,F283,D14,2026-08-14 18:30:00,Dinner,10,0.95,0.04,0.79,2.1,12.56,F283,9.5,0.4,7.9,21.0,0.9500000000000001,0.04000000000000001,2.1,12.559999999999999
LD02439,HM007,F251,D14,2026-08-14 18:30:00,Dinner,105,0.63,0.105,1.26,3.675,18.165,F251,0.6,0.1,1.2,3.5,0.63,0.10500000000000001,3.6750000000000003,18.165
LD02440,HM007,F292,D14,2026-08-14 18:30:00,Dinner,5,1.115,2.62,0.625,1.14,32.6,F292,22.3,52.4,12.5,22.8,1.115,2.62,1.1400000000000001,32.6
LD02441,HM007,F032,D15,2026-08-15 06:30:00,Breakfast,90,9.81,0.18,0.0,0.63,43.38,F032,10.9,0.2,0.0,0.7,9.81,0.18000000000000002,0.63,43.38
LD02442,HM007,F500,D15,2026-08-15 06:30:00,Breakfast,30,3.78,3.18,0.0,0.33,45.06,F500,12.6,10.6,0.0,1.1,3.78,3.1799999999999997,0.33,45.06
LD02443,HM007,F438,D15,2026-08-15 06:30:00,Breakfast,135,30.24,8.235,0.0,0.0,195.075,F438,22.4,6.1,0.0,0.0,30.24,8.235,0.0,195.075
LD02444,HM007,F042,D15,2026-08-15 06:30:00,Breakfast,215,6.45,0.645,5.16,8.17,64.285,F042,3.0,0.3,2.4,3.8,6.449999999999999,0.6449999999999999,8.17,64.285
LD02445,HM007,F280,D15,2026-08-15 09:30:00,Mid snack,25,2.275,0.125,1.6,5.975,34.125,F280,9.1,0.5,6.4,23.9,2.275,0.125,5.975,34.125
LD02446,HM007,F249,D15,2026-08-15 09:30:00,Mid snack,135,2.7,0.27,4.32,10.53,55.35,F249,2.0,0.2,3.2,7.8,2.7,0.27,10.530000000000001,55.35
LD02447,HM007,F300,D15,2026-08-15 09:30:00,Mid snack,25,2.85,0.05,0.0,0.175,12.55,F300,11.4,0.2,0.0,0.7,2.85,0.05,0.175,12.549999999999999
LD02448,HM007,F436,D15,2026-08-15 09:30:00,Mid snack,15,3.975,1.665,0.0,0.0,30.885,F436,26.5,11.1,0.0,0.0,3.9749999999999996,1.6649999999999998,0.0,30.884999999999998
LD02449,HM007,F275,D15,2026-08-15 13:00:00,Lunch,5,0.695,0.34,0.505,3.555,20.06,F275,13.9,6.8,10.1,71.1,0.6950000000000001,0.34,3.5549999999999997,20.06
LD02450,HM007,F339,D15,2026-08-15 13:00:00,Lunch,15,1.695,0.78,1.65,10.35,55.2,F339,11.3,5.2,11.0,69.0,1.695,0.78,10.35,55.2
LD02451,HM007,F405,D15,2026-08-15 13:00:00,Lunch,100,7.4,1.3,11.5,73.4,334.9,F405,7.4,1.3,11.5,73.4,7.4,1.3,73.4,334.90000000000003
LD02452,HM007,F274,D15,2026-08-15 16:00:00,Evening Snack,10,1.44,0.2,1.22,7.62,38.04,F274,14.4,2.0,12.2,76.2,1.4400000000000002,0.2,7.620000000000001,38.04
LD02453,HM007,F388,D15,2026-08-15 16:00:00,Evening Snack,10,0.07,0.01,0.05,0.37,1.85,F388,0.7,0.1,0.5,3.7,0.06999999999999999,0.010000000000000002,0.37000000000000005,1.85
LD02454,HM007,F378,D15,2026-08-15 16:00:00,Evening Snack,110,6.82,1.1,8.8,9.02,73.26,F378,6.2,1.0,8.0,8.2,6.820000000000001,1.1,9.02,73.26
LD02455,HM007,F454,D15,2026-08-15 18:30:00,Dinner,330,2.97,0.66,3.96,13.2,70.62,F454,0.9,0.2,1.2,4.0,2.9699999999999998,0.66,13.2,70.61999999999999
LD02456,HM007,F044,D15,2026-08-15 18:30:00,Dinner,280,6.72,1.12,9.24,20.16,117.6,F044,2.4,0.4,3.3,7.2,6.72,1.1199999999999999,20.16,117.6
LD02457,HM007,F349,D15,2026-08-15 18:30:00,Dinner,110,8.14,1.1,5.61,22.66,133.1,F349,7.4,1.0,5.1,20.6,8.14,1.1,22.660000000000004,133.1
LD02458,HM007,F193,D16,2026-08-16 06:30:00,Breakfast,145,0.725,0.435,2.465,14.065,63.075,F193,0.5,0.3,1.7,9.7,0.725,0.435,14.064999999999998,63.074999999999996
LD02459,HM007,F098,D16,2026-08-16 06:30:00,Breakfast,40,4.92,4.16,0.0,0.44,58.88,F098,12.3,10.4,0.0,1.1,4.920000000000001,4.16,0.44000000000000006,58.879999999999995
LD02460,HM007,F216,D16,2026-08-16 06:30:00,Breakfast,115,10.81,0.46,9.085,23.92,143.06,F216,9.4,0.4,7.9,20.8,10.809999999999999,0.45999999999999996,23.919999999999998,143.06
LD02461,HM007,F042,D16,2026-08-16 06:30:00,Breakfast,340,10.2,1.02,8.16,12.92,101.66,F042,3.0,0.3,2.4,3.8,10.2,1.02,12.92,101.66
LD02462,HM007,F250,D16,2026-08-16 06:30:00,Breakfast,155,1.55,0.31,4.65,9.61,47.43,F250,1.0,0.2,3.0,6.2,1.55,0.31000000000000005,9.610000000000001,47.43
LD02463,HM007,F441,D16,2026-08-16 06:30:00,Breakfast,35,10.36,0.35,0.0,0.0,44.59,F441,29.6,1.0,0.0,0.0,10.36,0.35,0.0,44.589999999999996
LD02464,HM007,F447,D16,2026-08-16 09:30:00,Mid snack,105,1.89,0.42,2.415,5.355,32.76,F447,1.8,0.4,2.3,5.1,1.8900000000000001,0.42000000000000004,5.3549999999999995,32.76
LD02465,HM007,F309,D16,2026-08-16 09:30:00,Mid snack,110,21.89,1.76,0.0,0.0,103.4,F309,19.9,1.6,0.0,0.0,21.89,1.7600000000000002,0.0,103.4
LD02466,HM007,F353,D16,2026-08-16 09:30:00,Mid snack,30,5.13,2.79,1.8,3.06,57.87,F353,17.1,9.3,6.0,10.2,5.13,2.79,3.0599999999999996,57.87
LD02467,HM007,F404,D16,2026-08-16 13:00:00,Lunch,100,2.7,0.9,1.8,23.5,112.9,F404,2.7,0.9,1.8,23.5,2.7,0.9,23.5,112.89999999999999
LD02468,HM007,F080,D16,2026-08-16 13:00:00,Lunch,70,4.83,0.28,5.32,13.16,74.48,F080,6.9,0.4,7.6,18.8,4.83,0.27999999999999997,13.16,74.48
LD02469,HM007,F282,D16,2026-08-16 13:00:00,Lunch,300,22.8,3.3,15.3,63.0,372.9,F282,7.6,1.1,5.1,21.0,22.799999999999997,3.3000000000000003,63.0,372.9
LD02470,HM007,F313,D16,2026-08-16 16:00:00,Evening Snack,100,1.9,0.4,2.3,5.2,32.0,F313,1.9,0.4,2.3,5.2,1.9,0.4,5.2,32.0
LD02471,HM007,F329,D16,2026-08-16 16:00:00,Evening Snack,160,0.96,0.32,0.64,12.8,57.92,F329,0.6,0.2,0.4,8.0,0.96,0.32000000000000006,12.8,57.92000000000001
LD02472,HM007,F009,D16,2026-08-16 16:00:00,Evening Snack,5,0.635,0.055,0.195,3.64,17.595,F009,12.7,1.1,3.9,72.8,0.635,0.05500000000000001,3.64,17.595000000000002
LD02473,HM007,F114,D16,2026-08-16 16:00:00,Evening Snack,75,1.2,0.15,2.1,7.05,34.35,F114,1.6,0.2,2.8,9.4,1.2000000000000002,0.15000000000000002,7.050000000000001,34.35
LD02474,HM007,F024,D16,2026-08-16 16:00:00,Evening Snack,5,1.06,2.495,0.625,1.085,31.035,F024,21.2,49.9,12.5,21.7,1.06,2.495,1.085,31.035000000000004
LD02475,HM007,F253,D16,2026-08-16 16:00:00,Evening Snack,210,1.89,0.42,2.52,8.61,45.78,F253,0.9,0.2,1.2,4.1,1.8900000000000001,0.42000000000000004,8.61,45.78
LD02476,HM007,F216,D16,2026-08-16 18:30:00,Dinner,5,0.47,0.02,0.395,1.04,6.22,F216,9.4,0.4,7.9,20.8,0.47000000000000003,0.020000000000000004,1.04,6.22
LD02477,HM007,F233,D16,2026-08-16 18:30:00,Dinner,120,13.56,0.24,0.0,0.84,59.76,F233,11.3,0.2,0.0,0.7,13.56,0.24,0.84,59.760000000000005
LD02478,HM007,F103,D16,2026-08-16 18:30:00,Dinner,160,34.56,9.44,0.0,0.0,223.2,F103,21.6,5.9,0.0,0.0,34.56,9.440000000000001,0.0,223.2
LD02479,HM007,F287,D16,2026-08-16 18:30:00,Dinner,255,21.42,12.75,0.765,5.1,220.83,F287,8.4,5.0,0.3,2.0,21.419999999999998,12.75,5.1,220.83
LD02480,HM007,F326,D17,2026-08-17 06:30:00,Breakfast,35,0.315,0.035,0.84,4.34,18.935,F326,0.9,0.1,2.4,12.4,0.315,0.034999999999999996,4.34,18.935000000000002
LD02481,HM007,F339,D17,2026-08-17 06:30:00,Breakfast,5,0.565,0.26,0.55,3.45,18.4,F339,11.3,5.2,11.0,69.0,0.5650000000000001,0.26,3.45,18.400000000000002
LD02482,HM007,F192,D17,2026-08-17 06:30:00,Breakfast,155,1.395,0.155,3.72,18.135,79.515,F192,0.9,0.1,2.4,11.7,1.395,0.15500000000000003,18.134999999999998,79.515
LD02483,HM007,F245,D17,2026-08-17 06:30:00,Breakfast,130,3.25,0.52,4.29,9.75,56.68,F245,2.5,0.4,3.3,7.5,3.25,0.52,9.75,56.68
LD02484,HM007,F185,D17,2026-08-17 13:00:00,Lunch,500,5.0,1.0,14.0,20.0,109.0,F185,1.0,0.2,2.8,4.0,5.0,1.0,20.0,109.0
LD02485,HM007,F211,D17,2026-08-17 13:00:00,Lunch,30,1.38,0.6,0.84,6.66,37.56,F211,4.6,2.0,2.8,22.2,1.38,0.6,6.659999999999999,37.559999999999995
LD02486,HM007,F229,D17,2026-08-17 13:00:00,Lunch,5,0.95,2.195,1.365,1.505,29.575,F229,19.0,43.9,27.3,30.1,0.9500000000000001,2.195,1.5050000000000001,29.575
LD02487,HM007,F322,D17,2026-08-17 13:00:00,Lunch,70,0.84,0.07,1.19,6.86,31.43,F322,1.2,0.1,1.7,9.8,0.84,0.06999999999999999,6.86,31.43
LD02488,HM007,F315,D17,2026-08-17 16:00:00,Evening Snack,60,1.02,0.12,1.68,6.06,29.4,F315,1.7,0.2,2.8,10.1,1.02,0.12,6.06,29.4
LD02489,HM007,F131,D17,2026-08-17 16:00:00,Evening Snack,55,0.385,0.11,0.495,9.735,41.47,F131,0.7,0.2,0.9,17.7,0.385,0.11000000000000001,9.735000000000001,41.47
LD02490,HM007,F339,D17,2026-08-17 18:30:00,Dinner,5,0.565,0.26,0.55,3.45,18.4,F339,11.3,5.2,11.0,69.0,0.5650000000000001,0.26,3.45,18.400000000000002
LD02491,HM007,F455,D17,2026-08-17 18:30:00,Dinner,500,3.5,0.5,2.5,18.5,92.5,F455,0.7,0.1,0.5,3.7,3.5,0.5,18.5,92.5
LD02492,HM007,F310,D18,2026-08-18 06:30:00,Breakfast,30,0.96,0.09,0.72,1.2,9.45,F310,3.2,0.3,2.4,4.0,0.96,0.09,1.2,9.450000000000001
LD02493,HM007,F285,D18,2026-08-18 06:30:00,Breakfast,95,7.98,0.57,4.75,19.95,116.85,F285,8.4,0.6,5.0,21.0,7.9799999999999995,0.57,19.95,116.85
LD02494,HM007,F078,D18,2026-08-18 06:30:00,Breakfast,100,8.7,2.5,7.6,26.9,164.9,F078,8.7,2.5,7.6,26.9,8.7,2.5,26.9,164.89999999999998
LD02495,HM007,F049,D18,2026-08-18 06:30:00,Breakfast,5,0.05,0.01,0.15,0.3,1.49,F049,1.0,0.2,3.0,6.0,0.05,0.010000000000000002,0.30000000000000004,1.49
LD02496,HM007,F046,D18,2026-08-18 09:30:00,Mid snack,180,1.62,0.36,5.04,17.28,78.84,F046,0.9,0.2,2.8,9.6,1.62,0.36000000000000004,17.28,78.84
LD02497,HM007,F235,D18,2026-08-18 09:30:00,Mid snack,15,4.05,1.695,0.0,0.0,31.455,F235,27.0,11.3,0.0,0.0,4.05,1.695,0.0,31.455
LD02498,HM007,F290,D18,2026-08-18 09:30:00,Mid snack,5,0.17,0.175,0.0,0.25,3.255,F290,3.4,3.5,0.0,5.0,0.17,0.17500000000000002,0.25,3.255
LD02499,HM007,F010,D18,2026-08-18 13:00:00,Lunch,145,6.38,2.755,4.06,30.885,173.855,F010,4.4,1.9,2.8,21.3,6.38,2.755,30.885,173.855
LD02500,HM007,F468,D18,2026-08-18 13:00:00,Lunch,30,0.96,0.15,1.11,24.24,102.15,F468,3.2,0.5,3.7,80.8,0.96,0.15,24.24,102.14999999999999
LD02501,HM007,F484,D18,2026-08-18 13:00:00,Lunch,70,6.3,0.28,5.53,14.0,83.72,F484,9.0,0.4,7.9,20.0,6.3,0.27999999999999997,14.0,83.72
LD02502,HM007,F494,D18,2026-08-18 16:00:00,Evening Snack,5,0.91,2.19,0.165,1.51,29.39,F494,18.2,43.8,3.3,30.2,0.91,2.19,1.51,29.39
LD02503,HM007,F043,D18,2026-08-18 16:00:00,Evening Snack,50,3.0,0.5,4.0,4.0,32.5,F043,6.0,1.0,8.0,8.0,3.0,0.5,4.0,32.5
LD02504,HM007,F447,D18,2026-08-18 16:00:00,Evening Snack,185,3.33,0.74,4.255,9.435,57.72,F447,1.8,0.4,2.3,5.1,3.33,0.7400000000000001,9.435,57.72
LD02505,HM007,F172,D18,2026-08-18 16:00:00,Evening Snack,5,1.24,0.545,0.0,0.0,9.865,F172,24.8,10.9,0.0,0.0,1.2400000000000002,0.545,0.0,9.865
LD02506,HM007,F330,D18,2026-08-18 18:30:00,Dinner,420,3.36,1.68,6.72,66.36,294.0,F330,0.8,0.4,1.6,15.8,3.3600000000000003,1.6800000000000002,66.36,294.0
LD02507,HM007,F130,D18,2026-08-18 18:30:00,Dinner,20,0.1,0.02,0.28,2.56,10.82,F130,0.5,0.1,1.4,12.8,0.1,0.020000000000000004,2.5600000000000005,10.82
LD02508,HM007,F123,D19,2026-08-19 06:30:00,Breakfast,175,1.925,0.525,4.55,39.025,168.525,F123,1.1,0.3,2.6,22.3,1.9250000000000003,0.525,39.025,168.52499999999998
LD02509,HM007,F209,D19,2026-08-19 06:30:00,Breakfast,20,1.46,0.2,0.2,16.02,71.72,F209,7.3,1.0,1.0,80.1,1.46,0.2,16.02,71.72
LD02510,HM007,F013,D19,2026-08-19 09:30:00,Mid snack,15,1.05,0.06,1.14,2.88,16.26,F013,7.0,0.4,7.6,19.2,1.05,0.06,2.88,16.259999999999998
LD02511,HM007,F439,D19,2026-08-19 09:30:00,Mid snack,10,2.04,0.51,0.0,0.0,12.75,F439,20.4,5.1,0.0,0.0,2.04,0.51,0.0,12.75
LD02512,HM007,F090,D19,2026-08-19 09:30:00,Mid snack,5,1.265,2.41,0.425,0.79,29.91,F090,25.3,48.2,8.5,15.8,1.2650000000000001,2.41,0.79,29.91
LD02513,HM007,F230,D19,2026-08-19 09:30:00,Mid snack,10,1.84,5.17,1.18,2.43,63.61,F230,18.4,51.7,11.8,24.3,1.8399999999999999,5.170000000000001,2.43,63.61
LD02514,HM007,F479,D19,2026-08-19 13:00:00,Lunch,15,0.66,0.285,0.42,3.195,17.985,F479,4.4,1.9,2.8,21.3,0.66,0.285,3.195,17.985
LD02515,HM007,F164,D19,2026-08-19 13:00:00,Lunch,10,2.99,4.86,0.6,1.06,59.94,F164,29.9,48.6,6.0,10.6,2.99,4.86,1.06,59.940000000000005
LD02516,HM007,F239,D19,2026-08-19 13:00:00,Lunch,45,11.7,5.13,0.0,0.0,92.97,F239,26.0,11.4,0.0,0.0,11.700000000000001,5.13,0.0,92.97
LD02517,HM007,F070,D19,2026-08-19 13:00:00,Lunch,30,2.16,0.39,3.45,21.18,96.87,F070,7.2,1.3,11.5,70.6,2.16,0.39,21.179999999999996,96.87
LD02518,HM007,F260,D19,2026-08-19 18:30:00,Dinner,480,2.4,1.44,8.16,48.96,218.4,F260,0.5,0.3,1.7,10.2,2.4,1.44,48.959999999999994,218.4
LD02519,HM007,F241,D19,2026-08-19 18:30:00,Dinner,10,2.5,0.1,0.0,0.0,10.9,F241,25.0,1.0,0.0,0.0,2.5,0.1,0.0,10.9
LD02520,HM007,F107,D20,2026-08-20 06:30:00,Breakfast,110,25.85,1.1,0.0,0.0,113.3,F107,23.5,1.0,0.0,0.0,25.85,1.1,0.0,113.30000000000001
LD02521,HM007,F376,D20,2026-08-20 06:30:00,Breakfast,100,19.6,1.5,0.0,0.0,91.9,F376,19.6,1.5,0.0,0.0,19.6,1.5,0.0,91.9
LD02522,HM007,F233,D20,2026-08-20 06:30:00,Breakfast,25,2.825,0.05,0.0,0.175,12.45,F233,11.3,0.2,0.0,0.7,2.825,0.05,0.175,12.45
LD02523,HM007,F375,D20,2026-08-20 06:30:00,Breakfast,120,29.64,1.2,0.0,0.0,129.36,F375,24.7,1.0,0.0,0.0,29.639999999999997,1.2,0.0,129.36
LD02524,HM007,F464,D20,2026-08-20 06:30:00,Breakfast,135,1.08,0.54,2.16,20.655,91.8,F464,0.8,0.4,1.6,15.3,1.08,0.54,20.655,91.8
LD02525,HM007,F283,D20,2026-08-20 09:30:00,Mid snack,30,2.85,0.12,2.37,6.3,37.68,F283,9.5,0.4,7.9,21.0,2.85,0.12,6.3,37.68
LD02526,HM007,F427,D20,2026-08-20 09:30:00,Mid snack,10,1.86,4.47,0.33,3.08,59.99,F427,18.6,44.7,3.3,30.8,1.8600000000000003,4.470000000000001,3.08,59.989999999999995
LD02527,HM007,F226,D20,2026-08-20 09:30:00,Mid snack,10,1.89,4.56,0.33,3.14,61.16,F226,18.9,45.6,3.3,31.4,1.89,4.5600000000000005,3.14,61.16
LD02528,HM007,F027,D20,2026-08-20 13:00:00,Lunch,55,9.075,16.885,18.92,23.155,280.885,F027,16.5,30.7,34.4,42.1,9.075000000000001,16.885,23.155,280.885
LD02529,HM007,F445,D20,2026-08-20 13:00:00,Lunch,35,2.135,0.35,2.8,2.87,23.17,F445,6.1,1.0,8.0,8.2,2.135,0.35,2.8699999999999997,23.169999999999998
LD02530,HM007,F100,D20,2026-08-20 13:00:00,Lunch,5,1.52,0.175,0.0,0.0,7.655,F100,30.4,3.5,0.0,0.0,1.52,0.17500000000000002,0.0,7.655
LD02531,HM007,F021,D20,2026-08-20 13:00:00,Lunch,85,2.975,2.805,0.0,3.995,53.125,F021,3.5,3.3,0.0,4.7,2.975,2.8049999999999997,3.995,53.125
LD02532,HM007,F376,D20,2026-08-20 13:00:00,Lunch,50,9.8,0.75,0.0,0.0,45.95,F376,19.6,1.5,0.0,0.0,9.8,0.75,0.0,45.95
LD02533,HM007,F443,D20,2026-08-20 13:00:00,Lunch,70,13.58,1.05,0.0,0.0,63.77,F443,19.4,1.5,0.0,0.0,13.579999999999998,1.0499999999999998,0.0,63.77
LD02534,HM007,F320,D20,2026-08-20 16:00:00,Evening Snack,5,0.045,0.01,0.06,0.205,1.09,F320,0.9,0.2,1.2,4.1,0.045000000000000005,0.010000000000000002,0.205,1.09
LD02535,HM007,F402,D20,2026-08-20 16:00:00,Evening Snack,25,0.225,0.15,1.075,2.625,12.75,F402,0.9,0.6,4.3,10.5,0.225,0.15,2.625,12.75
LD02536,HM007,F007,D20,2026-08-20 16:00:00,Evening Snack,5,0.66,0.325,0.505,3.385,19.105,F007,13.2,6.5,10.1,67.7,0.66,0.325,3.3850000000000002,19.105
LD02537,HM007,F335,D20,2026-08-20 16:00:00,Evening Snack,50,0.45,0.3,2.15,5.35,25.9,F335,0.9,0.6,4.3,10.7,0.45,0.3,5.35,25.9
LD02538,HM007,F027,D20,2026-08-20 16:00:00,Evening Snack,5,0.825,1.535,1.72,2.105,25.535,F027,16.5,30.7,34.4,42.1,0.8250000000000001,1.5350000000000001,2.105,25.534999999999997
LD02539,HM007,F228,D20,2026-08-20 16:00:00,Evening Snack,20,3.44,6.38,6.88,8.76,106.22,F228,17.2,31.9,34.4,43.8,3.44,6.38,8.76,106.22
LD02540,HM007,F075,D20,2026-08-20 18:30:00,Dinner,10,0.69,0.1,0.1,7.55,33.86,F075,6.9,1.0,1.0,75.5,0.6900000000000001,0.1,7.550000000000001,33.86
LD02541,HM007,F122,D20,2026-08-20 18:30:00,Dinner,485,14.55,1.455,4.85,15.52,133.375,F122,3.0,0.3,1.0,3.2,14.549999999999999,1.4549999999999998,15.52,133.375
LD02542,HM007,F152,D20,2026-08-20 18:30:00,Dinner,85,13.94,7.565,5.1,8.33,157.165,F152,16.4,8.9,6.0,9.8,13.939999999999998,7.565,8.33,157.16500000000002
LD02543,HM007,F434,D20,2026-08-20 18:30:00,Dinner,85,9.435,0.17,0.0,0.595,41.65,F434,11.1,0.2,0.0,0.7,9.434999999999999,0.17,0.595,41.650000000000006
LD02544,HM007,F363,D20,2026-08-20 18:30:00,Dinner,5,0.94,2.175,1.365,1.49,29.295,F363,18.8,43.5,27.3,29.8,0.9400000000000001,2.1750000000000003,1.4900000000000002,29.294999999999998
LD02545,HM007,F057,D20,2026-08-20 18:30:00,Dinner,55,1.43,0.55,2.97,7.865,42.13,F057,2.6,1.0,5.4,14.3,1.4300000000000002,0.55,7.865000000000001,42.13
LD02546,HM007,F161,D21,2026-08-21 06:30:00,Breakfast,10,1.63,3.04,3.44,4.17,50.56,F161,16.3,30.4,34.4,41.7,1.6300000000000001,3.04,4.170000000000001,50.56
LD02547,HM007,F122,D21,2026-08-21 06:30:00,Breakfast,315,9.45,0.945,3.15,10.08,86.625,F122,3.0,0.3,1.0,3.2,9.45,0.945,10.08,86.625
LD02548,HM007,F147,D21,2026-08-21 06:30:00,Breakfast,290,20.01,1.16,22.04,55.1,310.88,F147,6.9,0.4,7.6,19.0,20.01,1.16,55.1,310.88
LD02549,HM007,F335,D21,2026-08-21 09:30:00,Mid snack,150,1.35,0.9,6.45,16.05,77.7,F335,0.9,0.6,4.3,10.7,1.35,0.8999999999999999,16.049999999999997,77.7
LD02550,HM007,F079,D21,2026-08-21 09:30:00,Mid snack,65,5.525,0.325,4.16,14.495,83.005,F079,8.5,0.5,6.4,22.3,5.525,0.325,14.495000000000001,83.005
LD02551,HM007,F083,D21,2026-08-21 09:30:00,Mid snack,5,0.39,0.075,0.35,1.08,6.555,F083,7.8,1.5,7.0,21.6,0.39,0.07500000000000001,1.08,6.555000000000001
LD02552,HM007,F157,D21,2026-08-21 09:30:00,Mid snack,5,1.275,2.435,0.425,0.795,30.195,F157,25.5,48.7,8.5,15.9,1.2750000000000001,2.4350000000000005,0.795,30.195
LD02553,HM007,F050,D21,2026-08-21 13:00:00,Lunch,500,3.0,0.5,6.0,17.0,84.5,F050,0.6,0.1,1.2,3.4,3.0,0.5,17.0,84.5
LD02554,HM007,F299,D21,2026-08-21 13:00:00,Lunch,50,6.6,5.55,0.0,0.6,78.75,F299,13.2,11.1,0.0,1.2,6.6,5.55,0.6,78.75
LD02555,HM007,F026,D21,2026-08-21 13:00:00,Lunch,40,6.08,26.08,2.68,5.48,280.96,F026,15.2,65.2,6.7,13.7,6.08,26.080000000000002,5.48,280.96
LD02556,HM007,F453,D21,2026-08-21 13:00:00,Lunch,360,3.6,0.72,10.08,14.76,79.92,F453,1.0,0.2,2.8,4.1,3.6,0.7200000000000001,14.76,79.92
LD02557,HM007,F026,D21,2026-08-21 16:00:00,Evening Snack,15,2.28,9.78,1.005,2.055,105.36,F026,15.2,65.2,6.7,13.7,2.28,9.78,2.0549999999999997,105.36
LD02558,HM007,F062,D21,2026-08-21 16:00:00,Evening Snack,45,0.36,0.18,0.72,6.75,30.06,F062,0.8,0.4,1.6,15.0,0.36000000000000004,0.18000000000000002,6.75,30.060000000000002
LD02559,HM007,F293,D21,2026-08-21 16:00:00,Evening Snack,10,1.91,4.6,0.33,3.17,61.72,F293,19.1,46.0,3.3,31.7,1.9100000000000001,4.6000000000000005,3.17,61.72
LD02560,HM007,F457,D21,2026-08-21 18:30:00,Dinner,500,16.0,1.5,5.0,17.0,145.5,F457,3.2,0.3,1.0,3.4,16.0,1.5,17.0,145.5
LD02561,HM007,F134,D21,2026-08-21 18:30:00,Dinner,325,2.925,1.95,13.975,32.5,159.25,F134,0.9,0.6,4.3,10.0,2.9250000000000003,1.95,32.5,159.25
LD02562,HM007,F108,D21,2026-08-21 18:30:00,Dinner,10,1.86,0.15,0.0,0.0,8.79,F108,18.6,1.5,0.0,0.0,1.8600000000000003,0.15000000000000002,0.0,8.790000000000001
LD02563,HM007,F328,D21,2026-08-21 18:30:00,Dinner,20,0.36,0.26,0.8,3.92,19.46,F328,1.8,1.3,4.0,19.6,0.36000000000000004,0.26,3.9200000000000004,19.46
LD02564,HM007,F441,D22,2026-08-22 06:30:00,Breakfast,65,19.24,0.65,0.0,0.0,82.81,F441,29.6,1.0,0.0,0.0,19.240000000000002,0.65,0.0,82.80999999999999
LD02565,HM007,F500,D22,2026-08-22 06:30:00,Breakfast,105,13.23,11.13,0.0,1.155,157.71,F500,12.6,10.6,0.0,1.1,13.23,11.13,1.1550000000000002,157.71
LD02566,HM007,F184,D22,2026-08-22 13:00:00,Lunch,500,3.0,0.5,6.0,17.0,84.5,F184,0.6,0.1,1.2,3.4,3.0,0.5,17.0,84.5
LD02567,HM007,F450,D22,2026-08-22 13:00:00,Lunch,120,2.28,0.24,3.84,9.24,48.24,F450,1.9,0.2,3.2,7.7,2.28,0.24,9.24,48.239999999999995
LD02568,HM007,F099,D22,2026-08-22 13:00:00,Lunch,35,3.745,0.07,0.0,0.245,16.59,F099,10.7,0.2,0.0,0.7,3.7449999999999997,0.06999999999999999,0.24499999999999997,16.59
LD02569,HM007,F170,D22,2026-08-22 18:30:00,Dinner,145,31.61,8.555,0.0,0.0,203.435,F170,21.8,5.9,0.0,0.0,31.61,8.555,0.0,203.435
LD02570,HM007,F288,D22,2026-08-22 18:30:00,Dinner,15,2.88,3.27,0.0,0.39,42.51,F288,19.2,21.8,0.0,2.6,2.88,3.27,0.39,42.51
LD02571,HM008,F318,D01,2026-08-01 06:30:00,Breakfast,500,3.0,0.5,6.0,18.0,88.5,F318,0.6,0.1,1.2,3.6,3.0,0.5,18.0,88.5
LD02572,HM008,F071,D01,2026-08-01 06:30:00,Breakfast,5,0.54,0.245,0.55,3.285,17.505,F071,10.8,4.9,11.0,65.7,0.54,0.24500000000000002,3.285,17.505000000000003
LD02573,HM008,F315,D01,2026-08-01 06:30:00,Breakfast,220,3.74,0.44,6.16,22.22,107.8,F315,1.7,0.2,2.8,10.1,3.74,0.44000000000000006,22.220000000000002,107.8
LD02574,HM008,F410,D01,2026-08-01 06:30:00,Breakfast,35,2.485,0.35,0.35,27.475,122.99,F410,7.1,1.0,1.0,78.5,2.485,0.35,27.474999999999998,122.99000000000001
LD02575,HM008,F200,D01,2026-08-01 06:30:00,Breakfast,10,0.31,0.05,0.37,7.84,33.05,F200,3.1,0.5,3.7,78.4,0.31000000000000005,0.05,7.840000000000001,33.050000000000004
LD02576,HM008,F493,D01,2026-08-01 09:30:00,Mid snack,5,1.06,2.495,0.625,1.085,31.035,F493,21.2,49.9,12.5,21.7,1.06,2.495,1.085,31.035000000000004
LD02577,HM008,F346,D01,2026-08-01 09:30:00,Mid snack,30,2.76,0.81,2.28,8.46,52.17,F346,9.2,2.7,7.6,28.2,2.76,0.81,8.459999999999999,52.17
LD02578,HM008,F033,D01,2026-08-01 09:30:00,Mid snack,15,4.65,0.54,0.0,0.0,23.46,F033,31.0,3.6,0.0,0.0,4.6499999999999995,0.54,0.0,23.46
LD02579,HM008,F077,D01,2026-08-01 09:30:00,Mid snack,5,0.215,0.095,0.14,1.045,5.895,F077,4.3,1.9,2.8,20.9,0.215,0.095,1.045,5.895
LD02580,HM008,F254,D01,2026-08-01 09:30:00,Mid snack,135,0.945,0.135,0.675,4.995,24.975,F254,0.7,0.1,0.5,3.7,0.945,0.135,4.995000000000001,24.975
LD02581,HM008,F184,D01,2026-08-01 09:30:00,Mid snack,65,0.39,0.065,0.78,2.21,10.985,F184,0.6,0.1,1.2,3.4,0.39,0.065,2.21,10.985
LD02582,HM008,F003,D01,2026-08-01 13:00:00,Lunch,5,0.365,0.065,0.575,3.6,16.445,F003,7.3,1.3,11.5,72.0,0.365,0.065,3.6,16.445
LD02583,HM008,F097,D01,2026-08-01 13:00:00,Lunch,35,10.36,16.835,2.1,3.675,207.655,F097,29.6,48.1,6.0,10.5,10.36,16.835,3.675,207.65500000000003
LD02584,HM008,F291,D01,2026-08-01 13:00:00,Lunch,35,9.485,18.095,2.975,5.915,224.455,F291,27.1,51.7,8.5,16.9,9.485,18.095,5.914999999999999,224.45499999999998
LD02585,HM008,F404,D01,2026-08-01 16:00:00,Evening Snack,5,0.135,0.045,0.09,1.175,5.645,F404,2.7,0.9,1.8,23.5,0.135,0.045000000000000005,1.175,5.6450000000000005
LD02586,HM008,F110,D01,2026-08-01 16:00:00,Evening Snack,95,5.605,0.95,7.6,7.41,60.61,F110,5.9,1.0,8.0,7.8,5.605,0.95,7.409999999999999,60.61
LD02587,HM008,F186,D01,2026-08-01 16:00:00,Evening Snack,235,2.115,0.47,2.82,9.165,49.35,F186,0.9,0.2,1.2,3.9,2.115,0.47000000000000003,9.165000000000001,49.349999999999994
LD02588,HM008,F026,D01,2026-08-01 16:00:00,Evening Snack,5,0.76,3.26,0.335,0.685,35.12,F026,15.2,65.2,6.7,13.7,0.76,3.2600000000000002,0.685,35.12
LD02589,HM008,F069,D01,2026-08-01 16:00:00,Evening Snack,10,0.25,0.09,0.18,2.25,10.81,F069,2.5,0.9,1.8,22.5,0.25,0.09000000000000001,2.25,10.81
LD02590,HM008,F037,D01,2026-08-01 18:30:00,Dinner,70,14.0,3.5,0.0,0.0,87.5,F037,20.0,5.0,0.0,0.0,14.0,3.5,0.0,87.5
LD02591,HM008,F413,D01,2026-08-01 18:30:00,Dinner,15,1.365,0.405,1.14,4.185,25.845,F413,9.1,2.7,7.6,27.9,1.365,0.405,4.185,25.845
LD02592,HM008,F101,D01,2026-08-01 18:30:00,Dinner,5,1.275,0.535,0.0,0.0,9.915,F101,25.5,10.7,0.0,0.0,1.2750000000000001,0.535,0.0,9.915
LD02593,HM008,F312,D01,2026-08-01 18:30:00,Dinner,20,0.5,0.08,0.66,1.52,8.8,F312,2.5,0.4,3.3,7.6,0.5,0.08000000000000002,1.52,8.8
LD02594,HM008,F282,D01,2026-08-01 18:30:00,Dinner,190,14.44,2.09,9.69,39.9,236.17,F282,7.6,1.1,5.1,21.0,14.44,2.09,39.9,236.17
LD02595,HM008,F422,D02,2026-08-02 06:30:00,Breakfast,45,8.415,9.54,0.0,1.125,124.02,F422,18.7,21.2,0.0,2.5,8.415,9.54,1.125,124.01999999999998
LD02596,HM008,F101,D02,2026-08-02 06:30:00,Breakfast,30,7.65,3.21,0.0,0.0,59.49,F101,25.5,10.7,0.0,0.0,7.6499999999999995,3.2099999999999995,0.0,59.49
LD02597,HM008,F034,D02,2026-08-02 06:30:00,Breakfast,5,1.3,0.545,0.0,0.0,10.105,F034,26.0,10.9,0.0,0.0,1.3,0.545,0.0,10.105
LD02598,HM008,F277,D02,2026-08-02 06:30:00,Breakfast,5,0.665,0.06,0.195,3.82,18.48,F277,13.3,1.2,3.9,76.4,0.665,0.06,3.8200000000000003,18.479999999999997
LD02599,HM008,F183,D02,2026-08-02 06:30:00,Breakfast,460,4.6,0.92,13.8,27.14,135.24,F183,1.0,0.2,3.0,5.9,4.6,0.9199999999999999,27.14,135.24
LD02600,HM008,F112,D02,2026-08-02 09:30:00,Mid snack,40,0.72,0.16,0.92,1.96,12.16,F112,1.8,0.4,2.3,4.9,0.7200000000000001,0.16000000000000003,1.9600000000000002,12.159999999999998
LD02601,HM008,F247,D02,2026-08-02 09:30:00,Mid snack,5,0.045,0.01,0.14,0.5,2.27,F247,0.9,0.2,2.8,10.0,0.045000000000000005,0.010000000000000002,0.5,2.27
LD02602,HM008,F054,D02,2026-08-02 09:30:00,Mid snack,30,0.33,0.03,0.51,2.79,12.75,F054,1.1,0.1,1.7,9.3,0.33,0.03,2.79,12.75
LD02603,HM008,F256,D02,2026-08-02 09:30:00,Mid snack,110,3.52,0.33,1.1,3.74,32.01,F256,3.2,0.3,1.0,3.4,3.5200000000000005,0.33,3.74,32.01
LD02604,HM008,F158,D02,2026-08-02 09:30:00,Mid snack,10,2.1,4.94,1.25,2.15,61.46,F158,21.0,49.4,12.5,21.5,2.1,4.94,2.15,61.46
LD02605,HM008,F188,D02,2026-08-02 09:30:00,Mid snack,60,0.66,0.06,1.02,5.52,25.26,F188,1.1,0.1,1.7,9.2,0.66,0.06,5.52,25.259999999999998
LD02606,HM008,F044,D02,2026-08-02 13:00:00,Lunch,135,3.24,0.54,4.455,9.72,56.7,F044,2.4,0.4,3.3,7.2,3.24,0.54,9.72,56.7
LD02607,HM008,F155,D02,2026-08-02 13:00:00,Lunch,95,3.325,3.135,0.0,4.465,59.375,F155,3.5,3.3,0.0,4.7,3.3249999999999997,3.135,4.465,59.375
LD02608,HM008,F097,D02,2026-08-02 13:00:00,Lunch,5,1.48,2.405,0.3,0.525,29.665,F097,29.6,48.1,6.0,10.5,1.4800000000000002,2.4050000000000002,0.525,29.665
LD02609,HM008,F122,D02,2026-08-02 13:00:00,Lunch,500,15.0,1.5,5.0,16.0,137.5,F122,3.0,0.3,1.0,3.2,15.0,1.5,16.0,137.5
LD02610,HM008,F382,D02,2026-08-02 13:00:00,Lunch,140,2.24,0.28,3.92,13.86,66.92,F382,1.6,0.2,2.8,9.9,2.2399999999999998,0.27999999999999997,13.86,66.92
LD02611,HM008,F408,D02,2026-08-02 13:00:00,Lunch,10,1.4,0.19,1.22,7.41,36.95,F408,14.0,1.9,12.2,74.1,1.4000000000000001,0.19,7.41,36.95
LD02612,HM008,F181,D02,2026-08-02 16:00:00,Evening Snack,30,0.48,0.06,0.84,2.85,13.86,F181,1.6,0.2,2.8,9.5,0.48,0.06,2.85,13.86
LD02613,HM008,F404,D02,2026-08-02 16:00:00,Evening Snack,40,1.08,0.36,0.72,9.4,45.16,F404,2.7,0.9,1.8,23.5,1.08,0.36000000000000004,9.4,45.160000000000004
LD02614,HM008,F183,D02,2026-08-02 16:00:00,Evening Snack,180,1.8,0.36,5.4,10.62,52.92,F183,1.0,0.2,3.0,5.9,1.8,0.36000000000000004,10.620000000000001,52.92
LD02615,HM008,F397,D02,2026-08-02 16:00:00,Evening Snack,40,0.32,0.16,0.64,6.2,27.52,F397,0.8,0.4,1.6,15.5,0.32000000000000006,0.16000000000000003,6.2,27.520000000000003
LD02616,HM008,F324,D02,2026-08-02 18:30:00,Dinner,30,0.36,0.09,0.78,7.17,30.93,F324,1.2,0.3,2.6,23.9,0.36,0.09,7.169999999999999,30.93
LD02617,HM008,F451,D02,2026-08-02 18:30:00,Dinner,140,1.4,0.28,4.2,8.54,42.28,F451,1.0,0.2,3.0,6.1,1.4,0.27999999999999997,8.54,42.28
LD02618,HM008,F038,D02,2026-08-02 18:30:00,Dinner,10,2.5,1.1,0.0,0.0,19.9,F038,25.0,11.0,0.0,0.0,2.5,1.1,0.0,19.9
LD02619,HM008,F044,D02,2026-08-02 18:30:00,Dinner,500,12.0,2.0,16.5,36.0,210.0,F044,2.4,0.4,3.3,7.2,12.0,2.0,36.0,210.0
LD02620,HM008,F289,D03,2026-08-03 06:30:00,Breakfast,40,1.48,1.4,0.0,1.96,26.36,F289,3.7,3.5,0.0,4.9,1.4800000000000002,1.4000000000000001,1.9600000000000002,26.36
LD02621,HM008,F348,D03,2026-08-03 06:30:00,Breakfast,35,2.52,0.14,2.66,6.93,39.06,F348,7.2,0.4,7.6,19.8,2.52,0.13999999999999999,6.93,39.059999999999995
LD02622,HM008,F066,D03,2026-08-03 06:30:00,Breakfast,70,2.17,0.35,2.59,55.44,233.59,F066,3.1,0.5,3.7,79.2,2.17,0.35,55.44,233.59
LD02623,HM008,F012,D03,2026-08-03 09:30:00,Mid snack,75,6.525,0.375,4.8,17.1,97.875,F012,8.7,0.5,6.4,22.8,6.5249999999999995,0.375,17.1,97.875
LD02624,HM008,F088,D03,2026-08-03 09:30:00,Mid snack,25,0.85,0.8,0.0,1.15,15.2,F088,3.4,3.2,0.0,4.6,0.85,0.8,1.15,15.2
LD02625,HM008,F222,D03,2026-08-03 13:00:00,Lunch,500,18.0,17.0,0.0,24.5,323.0,F222,3.6,3.4,0.0,4.9,18.0,17.0,24.5,323.0
LD02626,HM008,F382,D03,2026-08-03 13:00:00,Lunch,60,0.96,0.12,1.68,5.94,28.68,F382,1.6,0.2,2.8,9.9,0.96,0.12,5.94,28.68
LD02627,HM008,F125,D03,2026-08-03 16:00:00,Evening Snack,40,0.36,0.04,0.96,4.64,20.36,F125,0.9,0.1,2.4,11.6,0.36000000000000004,0.04000000000000001,4.64,20.36
LD02628,HM008,F063,D03,2026-08-03 16:00:00,Evening Snack,40,0.2,0.04,0.56,5.24,22.12,F063,0.5,0.1,1.4,13.1,0.2,0.04000000000000001,5.24,22.12
LD02629,HM008,F093,D03,2026-08-03 16:00:00,Evening Snack,5,0.745,3.195,0.335,0.67,34.415,F093,14.9,63.9,6.7,13.4,0.7450000000000001,3.1950000000000003,0.67,34.415
LD02630,HM008,F400,D03,2026-08-03 16:00:00,Evening Snack,10,0.19,0.02,0.67,7.72,31.82,F400,1.9,0.2,6.7,77.2,0.19,0.020000000000000004,7.720000000000001,31.82
LD02631,HM008,F211,D03,2026-08-03 18:30:00,Dinner,30,1.38,0.6,0.84,6.66,37.56,F211,4.6,2.0,2.8,22.2,1.38,0.6,6.659999999999999,37.559999999999995
LD02632,HM008,F136,D03,2026-08-03 18:30:00,Dinner,165,4.29,1.485,2.97,37.62,181.005,F136,2.6,0.9,1.8,22.8,4.29,1.4849999999999999,37.62,181.005
LD02633,HM008,F147,D03,2026-08-03 18:30:00,Dinner,75,5.175,0.3,5.7,14.25,80.4,F147,6.9,0.4,7.6,19.0,5.175000000000001,0.30000000000000004,14.25,80.4
LD02634,HM008,F115,D04,2026-08-04 06:30:00,Breakfast,15,0.285,0.03,0.48,1.095,5.79,F115,1.9,0.2,3.2,7.3,0.285,0.03,1.095,5.789999999999999
LD02635,HM008,F118,D04,2026-08-04 06:30:00,Breakfast,500,5.0,1.0,14.0,19.5,107.0,F118,1.0,0.2,2.8,3.9,5.0,1.0,19.5,107.0
LD02636,HM008,F394,D04,2026-08-04 13:00:00,Lunch,235,1.175,0.705,3.995,23.735,105.985,F394,0.5,0.3,1.7,10.1,1.175,0.705,23.735,105.985
LD02637,HM008,F348,D04,2026-08-04 13:00:00,Lunch,40,2.88,0.16,3.04,7.92,44.64,F348,7.2,0.4,7.6,19.8,2.8800000000000003,0.16000000000000003,7.920000000000001,44.64
LD02638,HM008,F262,D04,2026-08-04 13:00:00,Lunch,35,0.21,0.07,0.14,2.765,12.53,F262,0.6,0.2,0.4,7.9,0.21,0.06999999999999999,2.765,12.530000000000001
LD02639,HM008,F486,D04,2026-08-04 13:00:00,Lunch,60,4.8,0.36,3.0,12.0,70.44,F486,8.0,0.6,5.0,20.0,4.8,0.36,12.0,70.44
LD02640,HM008,F270,D04,2026-08-04 16:00:00,Evening Snack,5,0.135,0.045,0.09,1.21,5.785,F270,2.7,0.9,1.8,24.2,0.135,0.045000000000000005,1.21,5.785
LD02641,HM008,F124,D04,2026-08-04 16:00:00,Evening Snack,50,1.25,0.5,2.7,7.0,37.5,F124,2.5,1.0,5.4,14.0,1.25,0.5,7.0,37.5
LD02642,HM008,F493,D04,2026-08-04 16:00:00,Evening Snack,5,1.06,2.495,0.625,1.085,31.035,F493,21.2,49.9,12.5,21.7,1.06,2.495,1.085,31.035000000000004
LD02643,HM008,F106,D04,2026-08-04 18:30:00,Dinner,65,18.46,0.65,0.0,0.0,79.69,F106,28.4,1.0,0.0,0.0,18.46,0.65,0.0,79.69
LD02644,HM008,F352,D04,2026-08-04 18:30:00,Dinner,5,0.41,0.03,0.25,1.03,6.03,F352,8.2,0.6,5.0,20.6,0.41,0.03,1.03,6.029999999999999
LD02645,HM008,F067,D04,2026-08-04 18:30:00,Dinner,210,1.89,1.26,9.03,21.42,104.58,F067,0.9,0.6,4.3,10.2,1.8900000000000001,1.26,21.419999999999998,104.58000000000001
LD02646,HM008,F114,D05,2026-08-05 06:30:00,Breakfast,290,4.64,0.58,8.12,27.26,132.82,F114,1.6,0.2,2.8,9.4,4.64,0.58,27.26,132.82000000000002
LD02647,HM008,F331,D05,2026-08-05 06:30:00,Breakfast,140,0.7,0.14,1.96,19.32,81.34,F331,0.5,0.1,1.4,13.8,0.7,0.13999999999999999,19.32,81.34
LD02648,HM008,F415,D05,2026-08-05 09:30:00,Mid snack,20,1.42,0.08,1.52,3.92,22.08,F415,7.1,0.4,7.6,19.6,1.42,0.08000000000000002,3.9200000000000004,22.08
LD02649,HM008,F222,D05,2026-08-05 09:30:00,Mid snack,10,0.36,0.34,0.0,0.49,6.46,F222,3.6,3.4,0.0,4.9,0.36000000000000004,0.34,0.49000000000000005,6.46
LD02650,HM008,F362,D05,2026-08-05 09:30:00,Mid snack,5,0.85,1.58,1.72,2.17,26.3,F362,17.0,31.6,34.4,43.4,0.8500000000000001,1.58,2.17,26.3
LD02651,HM008,F380,D05,2026-08-05 09:30:00,Mid snack,130,2.47,0.52,2.99,6.76,41.6,F380,1.9,0.4,2.3,5.2,2.4699999999999998,0.52,6.760000000000001,41.6
LD02652,HM008,F172,D05,2026-08-05 13:00:00,Lunch,15,3.72,1.635,0.0,0.0,29.595,F172,24.8,10.9,0.0,0.0,3.7199999999999998,1.635,0.0,29.595
LD02653,HM008,F306,D05,2026-08-05 13:00:00,Lunch,110,28.82,12.76,0.0,0.0,230.12,F306,26.2,11.6,0.0,0.0,28.82,12.76,0.0,230.12
LD02654,HM008,F293,D05,2026-08-05 13:00:00,Lunch,5,0.955,2.3,0.165,1.585,30.86,F293,19.1,46.0,3.3,31.7,0.9550000000000001,2.3000000000000003,1.585,30.86
LD02655,HM008,F481,D05,2026-08-05 18:30:00,Dinner,95,8.265,0.475,6.08,21.66,123.975,F481,8.7,0.5,6.4,22.8,8.264999999999999,0.475,21.66,123.97500000000001
LD02656,HM008,F005,D05,2026-08-05 18:30:00,Dinner,25,2.6,0.775,1.65,18.15,89.975,F005,10.4,3.1,6.6,72.6,2.6,0.775,18.15,89.975
LD02657,HM008,F001,D06,2026-08-06 06:30:00,Breakfast,30,0.81,0.09,0.12,8.46,37.89,F001,2.7,0.3,0.4,28.2,0.81,0.09,8.459999999999999,37.89000000000001
LD02658,HM008,F183,D06,2026-08-06 06:30:00,Breakfast,500,5.0,1.0,15.0,29.5,147.0,F183,1.0,0.2,3.0,5.9,5.0,1.0,29.5,147.0
LD02659,HM008,F451,D06,2026-08-06 13:00:00,Lunch,500,5.0,1.0,15.0,30.5,151.0,F451,1.0,0.2,3.0,6.1,5.0,1.0,30.5,151.0
LD02660,HM008,F041,D06,2026-08-06 13:00:00,Lunch,35,6.65,0.525,0.0,0.0,31.325,F041,19.0,1.5,0.0,0.0,6.6499999999999995,0.5249999999999999,0.0,31.325000000000003
LD02661,HM008,F428,D06,2026-08-06 16:00:00,Evening Snack,5,0.775,3.325,0.335,0.7,35.825,F428,15.5,66.5,6.7,14.0,0.775,3.325,0.7000000000000001,35.825
LD02662,HM008,F263,D06,2026-08-06 16:00:00,Evening Snack,50,0.4,0.2,0.8,7.8,34.6,F263,0.8,0.4,1.6,15.6,0.4,0.2,7.8,34.599999999999994
LD02663,HM008,F072,D06,2026-08-06 16:00:00,Evening Snack,5,0.51,0.15,0.33,3.555,17.61,F072,10.2,3.0,6.6,71.1,0.51,0.15000000000000002,3.5549999999999997,17.610000000000003
LD02664,HM008,F207,D06,2026-08-06 16:00:00,Evening Snack,5,0.71,0.1,0.61,3.775,18.84,F207,14.2,2.0,12.2,75.5,0.71,0.1,3.7750000000000004,18.839999999999996
LD02665,HM008,F403,D06,2026-08-06 18:30:00,Dinner,30,0.84,0.09,0.12,8.64,38.73,F403,2.8,0.3,0.4,28.8,0.84,0.09,8.64,38.730000000000004
LD02666,HM008,F432,D06,2026-08-06 18:30:00,Dinner,30,9.24,15.03,1.8,3.27,185.31,F432,30.8,50.1,6.0,10.9,9.24,15.03,3.27,185.30999999999997
LD02667,HM008,F006,D07,2026-08-07 06:30:00,Breakfast,35,4.795,0.665,4.27,25.41,126.805,F006,13.7,1.9,12.2,72.6,4.794999999999999,0.6649999999999999,25.409999999999997,126.80499999999999
LD02668,HM008,F139,D07,2026-08-07 06:30:00,Breakfast,5,0.515,0.155,0.33,3.595,17.835,F139,10.3,3.1,6.6,71.9,0.515,0.15500000000000003,3.5950000000000006,17.835
LD02669,HM008,F029,D07,2026-08-07 09:30:00,Mid snack,5,0.885,2.485,0.59,1.17,30.585,F029,17.7,49.7,11.8,23.4,0.885,2.4850000000000003,1.17,30.584999999999997
LD02670,HM008,F217,D07,2026-08-07 09:30:00,Mid snack,25,2.075,0.4,1.75,5.725,34.8,F217,8.3,1.6,7.0,22.9,2.075,0.4,5.725,34.8
LD02671,HM008,F250,D07,2026-08-07 09:30:00,Mid snack,55,0.55,0.11,1.65,3.41,16.83,F250,1.0,0.2,3.0,6.2,0.55,0.11000000000000001,3.4100000000000006,16.83
LD02672,HM008,F029,D07,2026-08-07 13:00:00,Lunch,15,2.655,7.455,1.77,3.51,91.755,F029,17.7,49.7,11.8,23.4,2.655,7.455,3.51,91.755
LD02673,HM008,F320,D07,2026-08-07 13:00:00,Lunch,255,2.295,0.51,3.06,10.455,55.59,F320,0.9,0.2,1.2,4.1,2.295,0.51,10.454999999999998,55.59
LD02674,HM008,F179,D07,2026-08-07 13:00:00,Lunch,65,1.17,0.26,1.495,3.25,20.02,F179,1.8,0.4,2.3,5.0,1.1700000000000002,0.26,3.25,20.02
LD02675,HM008,F330,D07,2026-08-07 16:00:00,Evening Snack,15,0.12,0.06,0.24,2.37,10.5,F330,0.8,0.4,1.6,15.8,0.12,0.06,2.37,10.5
LD02676,HM008,F225,D07,2026-08-07 16:00:00,Evening Snack,5,1.1,2.595,0.625,1.13,32.275,F225,22.0,51.9,12.5,22.6,1.1,2.595,1.1300000000000001,32.275
LD02677,HM008,F344,D07,2026-08-07 16:00:00,Evening Snack,5,0.655,0.055,0.195,3.75,18.115,F344,13.1,1.1,3.9,75.0,0.655,0.05500000000000001,3.75,18.115000000000002
LD02678,HM008,F208,D07,2026-08-07 16:00:00,Evening Snack,5,0.685,0.34,0.505,3.52,19.88,F208,13.7,6.8,10.1,70.4,0.685,0.34,3.5200000000000005,19.88
LD02679,HM008,F010,D07,2026-08-07 18:30:00,Dinner,10,0.44,0.19,0.28,2.13,11.99,F010,4.4,1.9,2.8,21.3,0.44000000000000006,0.19,2.1300000000000003,11.989999999999998
LD02680,HM008,F187,D07,2026-08-07 18:30:00,Dinner,115,0.805,0.115,0.575,4.14,20.815,F187,0.7,0.1,0.5,3.6,0.8049999999999999,0.11499999999999999,4.14,20.814999999999998
LD02681,HM008,F355,D07,2026-08-07 18:30:00,Dinner,5,0.94,1.07,0.0,0.13,13.91,F355,18.8,21.4,0.0,2.6,0.9400000000000001,1.07,0.13,13.91
LD02682,HM008,F033,D07,2026-08-07 18:30:00,Dinner,70,21.7,2.52,0.0,0.0,109.48,F033,31.0,3.6,0.0,0.0,21.7,2.52,0.0,109.47999999999999
LD02683,HM008,F480,D08,2026-08-08 06:30:00,Breakfast,10,0.89,0.26,0.76,2.74,16.86,F480,8.9,2.6,7.6,27.4,0.8900000000000001,0.26,2.74,16.86
LD02684,HM008,F345,D08,2026-08-08 06:30:00,Breakfast,210,9.45,4.2,5.88,45.99,259.56,F345,4.5,2.0,2.8,21.9,9.450000000000001,4.2,45.99,259.56
LD02685,HM008,F176,D08,2026-08-08 06:30:00,Breakfast,445,13.35,1.335,10.68,16.91,133.055,F176,3.0,0.3,2.4,3.8,13.350000000000001,1.335,16.91,133.055
LD02686,HM008,F240,D08,2026-08-08 09:30:00,Mid snack,5,1.51,0.05,0.0,0.0,6.49,F240,30.2,1.0,0.0,0.0,1.51,0.05,0.0,6.49
LD02687,HM008,F308,D08,2026-08-08 09:30:00,Mid snack,20,5.04,0.22,0.0,0.0,22.14,F308,25.2,1.1,0.0,0.0,5.04,0.22000000000000003,0.0,22.14
LD02688,HM008,F161,D08,2026-08-08 09:30:00,Mid snack,10,1.63,3.04,3.44,4.17,50.56,F161,16.3,30.4,34.4,41.7,1.6300000000000001,3.04,4.170000000000001,50.56
LD02689,HM008,F345,D08,2026-08-08 09:30:00,Mid snack,80,3.6,1.6,2.24,17.52,98.88,F345,4.5,2.0,2.8,21.9,3.6,1.6,17.52,98.88000000000001
LD02690,HM008,F439,D08,2026-08-08 09:30:00,Mid snack,5,1.02,0.255,0.0,0.0,6.375,F439,20.4,5.1,0.0,0.0,1.02,0.255,0.0,6.375
LD02691,HM008,F042,D08,2026-08-08 13:00:00,Lunch,475,14.25,1.425,11.4,18.05,142.025,F042,3.0,0.3,2.4,3.8,14.25,1.425,18.05,142.02499999999998
LD02692,HM008,F129,D08,2026-08-08 13:00:00,Lunch,100,0.8,0.4,1.6,14.7,65.6,F129,0.8,0.4,1.6,14.7,0.8,0.4,14.7,65.6
LD02693,HM008,F093,D08,2026-08-08 13:00:00,Lunch,10,1.49,6.39,0.67,1.34,68.83,F093,14.9,63.9,6.7,13.4,1.4900000000000002,6.390000000000001,1.34,68.83
LD02694,HM008,F148,D08,2026-08-08 13:00:00,Lunch,55,3.905,0.55,2.805,10.89,64.13,F148,7.1,1.0,5.1,19.8,3.9050000000000002,0.55,10.89,64.13
LD02695,HM008,F414,D08,2026-08-08 13:00:00,Lunch,100,8.9,0.5,6.4,23.3,133.3,F414,8.9,0.5,6.4,23.3,8.9,0.5,23.3,133.3
LD02696,HM008,F141,D08,2026-08-08 16:00:00,Evening Snack,15,1.965,0.96,1.515,10.05,56.7,F141,13.1,6.4,10.1,67.0,1.9649999999999999,0.96,10.049999999999999,56.7
LD02697,HM008,F009,D08,2026-08-08 16:00:00,Evening Snack,15,1.905,0.165,0.585,10.92,52.785,F009,12.7,1.1,3.9,72.8,1.9049999999999998,0.165,10.92,52.785
LD02698,HM008,F007,D08,2026-08-08 16:00:00,Evening Snack,10,1.32,0.65,1.01,6.77,38.21,F007,13.2,6.5,10.1,67.7,1.32,0.65,6.7700000000000005,38.21
LD02699,HM008,F313,D08,2026-08-08 16:00:00,Evening Snack,5,0.095,0.02,0.115,0.26,1.6,F313,1.9,0.4,2.3,5.2,0.095,0.020000000000000004,0.26,1.5999999999999999
LD02700,HM008,F060,D08,2026-08-08 16:00:00,Evening Snack,25,0.425,0.3,1.0,4.675,23.1,F060,1.7,1.2,4.0,18.7,0.425,0.3,4.675,23.099999999999998
LD02701,HM008,F492,D08,2026-08-08 16:00:00,Evening Snack,5,1.29,2.46,0.425,0.805,30.52,F492,25.8,49.2,8.5,16.1,1.29,2.4600000000000004,0.8050000000000002,30.520000000000003
LD02702,HM008,F112,D08,2026-08-08 18:30:00,Dinner,500,9.0,2.0,11.5,24.5,152.0,F112,1.8,0.4,2.3,4.9,9.0,2.0,24.5,152.0
LD02703,HM008,F080,D08,2026-08-08 18:30:00,Dinner,5,0.345,0.02,0.38,0.94,5.32,F080,6.9,0.4,7.6,18.8,0.34500000000000003,0.020000000000000004,0.9400000000000001,5.319999999999999
LD02704,HM008,F378,D08,2026-08-08 18:30:00,Dinner,175,10.85,1.75,14.0,14.35,116.55,F378,6.2,1.0,8.0,8.2,10.85,1.75,14.349999999999998,116.55
LD02705,HM008,F018,D09,2026-08-09 06:30:00,Breakfast,20,3.32,1.8,1.2,1.98,37.4,F018,16.6,9.0,6.0,9.9,3.3200000000000003,1.8,1.9800000000000002,37.4
LD02706,HM008,F272,D09,2026-08-09 06:30:00,Breakfast,55,6.38,2.86,6.05,38.72,206.14,F272,11.6,5.2,11.0,70.4,6.38,2.8600000000000003,38.720000000000006,206.14000000000001
LD02707,HM008,F044,D09,2026-08-09 06:30:00,Breakfast,5,0.12,0.02,0.165,0.36,2.1,F044,2.4,0.4,3.3,7.2,0.12,0.020000000000000004,0.36000000000000004,2.1
LD02708,HM008,F436,D09,2026-08-09 09:30:00,Mid snack,35,9.275,3.885,0.0,0.0,72.065,F436,26.5,11.1,0.0,0.0,9.274999999999999,3.885,0.0,72.065
LD02709,HM008,F317,D09,2026-08-09 09:30:00,Mid snack,100,1.1,0.2,3.0,6.3,31.4,F317,1.1,0.2,3.0,6.3,1.1,0.2,6.3,31.400000000000002
LD02710,HM008,F285,D09,2026-08-09 13:00:00,Lunch,20,1.68,0.12,1.0,4.2,24.6,F285,8.4,0.6,5.0,21.0,1.6800000000000002,0.12,4.2,24.6
LD02711,HM008,F169,D09,2026-08-09 13:00:00,Lunch,40,9.92,6.72,0.0,0.0,100.16,F169,24.8,16.8,0.0,0.0,9.920000000000002,6.720000000000001,0.0,100.16
LD02712,HM008,F377,D09,2026-08-09 13:00:00,Lunch,160,4.96,0.48,3.84,6.24,49.12,F377,3.1,0.3,2.4,3.9,4.960000000000001,0.48,6.24,49.12
LD02713,HM008,F391,D09,2026-08-09 13:00:00,Lunch,130,1.43,0.39,3.38,30.55,131.43,F391,1.1,0.3,2.6,23.5,1.4300000000000002,0.39,30.55,131.43
LD02714,HM008,F136,D09,2026-08-09 16:00:00,Evening Snack,75,1.95,0.675,1.35,17.1,82.275,F136,2.6,0.9,1.8,22.8,1.9500000000000002,0.675,17.1,82.275
LD02715,HM008,F177,D09,2026-08-09 16:00:00,Evening Snack,30,1.77,0.3,2.4,2.37,19.26,F177,5.9,1.0,8.0,7.9,1.77,0.3,2.37,19.26
LD02716,HM008,F394,D09,2026-08-09 18:30:00,Dinner,400,2.0,1.2,6.8,40.4,180.4,F394,0.5,0.3,1.7,10.1,2.0,1.2,40.4,180.4
LD02717,HM008,F352,D09,2026-08-09 18:30:00,Dinner,55,4.51,0.33,2.75,11.33,66.33,F352,8.2,0.6,5.0,20.6,4.51,0.33,11.330000000000002,66.33
LD02718,HM008,F057,D10,2026-08-10 06:30:00,Breakfast,110,2.86,1.1,5.94,15.73,84.26,F057,2.6,1.0,5.4,14.3,2.8600000000000003,1.1,15.730000000000002,84.26
LD02719,HM008,F341,D10,2026-08-10 06:30:00,Breakfast,10,1.41,0.2,1.22,7.48,37.36,F341,14.1,2.0,12.2,74.8,1.4100000000000001,0.2,7.48,37.36
LD02720,HM008,F464,D10,2026-08-10 06:30:00,Breakfast,105,0.84,0.42,1.68,16.065,71.4,F464,0.8,0.4,1.6,15.3,0.8400000000000001,0.42000000000000004,16.065,71.4
LD02721,HM008,F457,D10,2026-08-10 06:30:00,Breakfast,325,10.4,0.975,3.25,11.05,94.575,F457,3.2,0.3,1.0,3.4,10.4,0.975,11.049999999999999,94.57500000000002
LD02722,HM008,F113,D10,2026-08-10 09:30:00,Mid snack,120,1.08,0.24,3.36,11.28,51.6,F113,0.9,0.2,2.8,9.4,1.08,0.24,11.28,51.599999999999994
LD02723,HM008,F313,D10,2026-08-10 09:30:00,Mid snack,165,3.135,0.66,3.795,8.58,52.8,F313,1.9,0.4,2.3,5.2,3.135,0.66,8.58,52.8
LD02724,HM008,F252,D10,2026-08-10 13:00:00,Lunch,500,5.0,1.0,14.0,21.0,113.0,F252,1.0,0.2,2.8,4.2,5.0,1.0,21.0,113.0
LD02725,HM008,F360,D10,2026-08-10 13:00:00,Lunch,5,0.935,2.255,0.165,1.555,30.255,F360,18.7,45.1,3.3,31.1,0.935,2.2550000000000003,1.5550000000000002,30.255
LD02726,HM008,F255,D10,2026-08-10 13:00:00,Lunch,220,2.42,0.22,3.74,21.34,97.02,F255,1.1,0.1,1.7,9.7,2.4200000000000004,0.22000000000000003,21.34,97.02
LD02727,HM008,F407,D10,2026-08-10 16:00:00,Evening Snack,15,1.59,0.48,0.99,11.115,55.14,F407,10.6,3.2,6.6,74.1,1.5899999999999999,0.48,11.114999999999998,55.14
LD02728,HM008,F456,D10,2026-08-10 16:00:00,Evening Snack,90,0.99,0.09,1.53,8.55,38.97,F456,1.1,0.1,1.7,9.5,0.9900000000000001,0.09000000000000001,8.55,38.970000000000006
LD02729,HM008,F255,D10,2026-08-10 16:00:00,Evening Snack,50,0.55,0.05,0.85,4.85,22.05,F255,1.1,0.1,1.7,9.7,0.55,0.05,4.85,22.049999999999997
LD02730,HM008,F189,D10,2026-08-10 18:30:00,Dinner,500,15.5,1.5,5.0,16.5,141.5,F189,3.1,0.3,1.0,3.3,15.5,1.5,16.5,141.5
LD02731,HM008,F125,D10,2026-08-10 18:30:00,Dinner,140,1.26,0.14,3.36,16.24,71.26,F125,0.9,0.1,2.4,11.6,1.26,0.13999999999999999,16.24,71.26
LD02732,HM008,F099,D10,2026-08-10 18:30:00,Dinner,5,0.535,0.01,0.0,0.035,2.37,F099,10.7,0.2,0.0,0.7,0.535,0.010000000000000002,0.034999999999999996,2.37
LD02733,HM008,F450,D11,2026-08-11 06:30:00,Breakfast,70,1.33,0.14,2.24,5.39,28.14,F450,1.9,0.2,3.2,7.7,1.3299999999999998,0.13999999999999999,5.39,28.14
LD02734,HM008,F035,D11,2026-08-11 06:30:00,Breakfast,5,1.25,0.85,0.0,0.0,12.65,F035,25.0,17.0,0.0,0.0,1.25,0.8500000000000001,0.0,12.649999999999999
LD02735,HM008,F144,D11,2026-08-11 06:30:00,Breakfast,90,3.96,1.71,2.52,18.99,107.19,F144,4.4,1.9,2.8,21.1,3.9600000000000004,1.71,18.990000000000002,107.19
LD02736,HM008,F034,D11,2026-08-11 06:30:00,Breakfast,25,6.5,2.725,0.0,0.0,50.525,F034,26.0,10.9,0.0,0.0,6.5,2.725,0.0,50.525000000000006
LD02737,HM008,F445,D11,2026-08-11 09:30:00,Mid snack,20,1.22,0.2,1.6,1.64,13.24,F445,6.1,1.0,8.0,8.2,1.22,0.2,1.64,13.24
LD02738,HM008,F493,D11,2026-08-11 09:30:00,Mid snack,5,1.06,2.495,0.625,1.085,31.035,F493,21.2,49.9,12.5,21.7,1.06,2.495,1.085,31.035000000000004
LD02739,HM008,F157,D11,2026-08-11 09:30:00,Mid snack,5,1.275,2.435,0.425,0.795,30.195,F157,25.5,48.7,8.5,15.9,1.2750000000000001,2.4350000000000005,0.795,30.195
LD02740,HM008,F421,D11,2026-08-11 09:30:00,Mid snack,60,4.92,2.94,0.18,1.14,50.7,F421,8.2,4.9,0.3,1.9,4.919999999999999,2.94,1.14,50.7
LD02741,HM008,F421,D11,2026-08-11 13:00:00,Lunch,5,0.41,0.245,0.015,0.095,4.225,F421,8.2,4.9,0.3,1.9,0.41,0.24500000000000002,0.095,4.225
LD02742,HM008,F006,D11,2026-08-11 13:00:00,Lunch,10,1.37,0.19,1.22,7.26,36.23,F006,13.7,1.9,12.2,72.6,1.37,0.19,7.26,36.23
LD02743,HM008,F120,D11,2026-08-11 13:00:00,Lunch,500,3.5,0.5,2.5,17.5,88.5,F120,0.7,0.1,0.5,3.5,3.5,0.5,17.5,88.5
LD02744,HM008,F207,D11,2026-08-11 18:30:00,Dinner,15,2.13,0.3,1.83,11.325,56.52,F207,14.2,2.0,12.2,75.5,2.13,0.3,11.325,56.519999999999996
LD02745,HM008,F134,D11,2026-08-11 18:30:00,Dinner,150,1.35,0.9,6.45,15.0,73.5,F134,0.9,0.6,4.3,10.0,1.35,0.8999999999999999,15.0,73.5
LD02746,HM008,F285,D11,2026-08-11 18:30:00,Dinner,40,3.36,0.24,2.0,8.4,49.2,F285,8.4,0.6,5.0,21.0,3.3600000000000003,0.24,8.4,49.2
LD02747,HM008,F152,D11,2026-08-11 18:30:00,Dinner,5,0.82,0.445,0.3,0.49,9.245,F152,16.4,8.9,6.0,9.8,0.82,0.44500000000000006,0.49000000000000005,9.245000000000001
LD02748,HM008,F393,D12,2026-08-12 06:30:00,Breakfast,15,0.135,0.015,0.36,1.83,7.995,F393,0.9,0.1,2.4,12.2,0.135,0.015,1.8299999999999998,7.995
LD02749,HM008,F468,D12,2026-08-12 06:30:00,Breakfast,65,2.08,0.325,2.405,52.52,221.325,F468,3.2,0.5,3.7,80.8,2.08,0.325,52.52,221.32500000000002
LD02750,HM008,F489,D12,2026-08-12 06:30:00,Breakfast,5,0.915,1.04,0.0,0.125,13.52,F489,18.3,20.8,0.0,2.5,0.915,1.04,0.125,13.52
LD02751,HM008,F057,D12,2026-08-12 06:30:00,Breakfast,80,2.08,0.8,4.32,11.44,61.28,F057,2.6,1.0,5.4,14.3,2.08,0.8,11.440000000000001,61.28
LD02752,HM008,F029,D12,2026-08-12 09:30:00,Mid snack,15,2.655,7.455,1.77,3.51,91.755,F029,17.7,49.7,11.8,23.4,2.655,7.455,3.51,91.755
LD02753,HM008,F500,D12,2026-08-12 09:30:00,Mid snack,10,1.26,1.06,0.0,0.11,15.02,F500,12.6,10.6,0.0,1.1,1.26,1.06,0.11000000000000001,15.020000000000001
LD02754,HM008,F375,D12,2026-08-12 09:30:00,Mid snack,5,1.235,0.05,0.0,0.0,5.39,F375,24.7,1.0,0.0,0.0,1.235,0.05,0.0,5.390000000000001
LD02755,HM008,F018,D12,2026-08-12 13:00:00,Lunch,35,5.81,3.15,2.1,3.465,65.45,F018,16.6,9.0,6.0,9.9,5.8100000000000005,3.15,3.465,65.44999999999999
LD02756,HM008,F081,D12,2026-08-12 13:00:00,Lunch,245,17.395,2.45,12.495,48.02,283.71,F081,7.1,1.0,5.1,19.6,17.395,2.45,48.02000000000001,283.71000000000004
LD02757,HM008,F396,D12,2026-08-12 16:00:00,Evening Snack,45,0.27,0.09,0.18,3.51,15.93,F396,0.6,0.2,0.4,7.8,0.27,0.09000000000000001,3.51,15.93
LD02758,HM008,F497,D12,2026-08-12 16:00:00,Evening Snack,15,2.745,6.33,4.095,4.335,85.29,F497,18.3,42.2,27.3,28.9,2.745,6.33,4.335,85.28999999999999
LD02759,HM008,F331,D12,2026-08-12 16:00:00,Evening Snack,30,0.15,0.03,0.42,4.14,17.43,F331,0.5,0.1,1.4,13.8,0.15,0.03,4.14,17.43
LD02760,HM008,F075,D12,2026-08-12 16:00:00,Evening Snack,5,0.345,0.05,0.05,3.775,16.93,F075,6.9,1.0,1.0,75.5,0.34500000000000003,0.05,3.7750000000000004,16.93
LD02761,HM008,F122,D12,2026-08-12 18:30:00,Dinner,500,15.0,1.5,5.0,16.0,137.5,F122,3.0,0.3,1.0,3.2,15.0,1.5,16.0,137.5
LD02762,HM008,F132,D12,2026-08-12 18:30:00,Dinner,10,0.18,0.02,0.67,7.35,30.3,F132,1.8,0.2,6.7,73.5,0.18000000000000002,0.020000000000000004,7.3500000000000005,30.299999999999997
LD02763,HM008,F021,D12,2026-08-12 18:30:00,Dinner,75,2.625,2.475,0.0,3.525,46.875,F021,3.5,3.3,0.0,4.7,2.625,2.4749999999999996,3.5250000000000004,46.875
LD02764,HM008,F397,D13,2026-08-13 06:30:00,Breakfast,145,1.16,0.58,2.32,22.475,99.76,F397,0.8,0.4,1.6,15.5,1.16,0.58,22.474999999999998,99.76
LD02765,HM008,F067,D13,2026-08-13 06:30:00,Breakfast,30,0.27,0.18,1.29,3.06,14.94,F067,0.9,0.6,4.3,10.2,0.27,0.18,3.0599999999999996,14.94
LD02766,HM008,F350,D13,2026-08-13 06:30:00,Breakfast,50,4.65,0.2,3.95,10.3,61.6,F350,9.3,0.4,7.9,20.6,4.65,0.2,10.3,61.6
LD02767,HM008,F209,D13,2026-08-13 06:30:00,Breakfast,45,3.285,0.45,0.45,36.045,161.37,F209,7.3,1.0,1.0,80.1,3.285,0.45,36.045,161.37
LD02768,HM008,F324,D13,2026-08-13 06:30:00,Breakfast,80,0.96,0.24,2.08,19.12,82.48,F324,1.2,0.3,2.6,23.9,0.96,0.24,19.12,82.48
LD02769,HM008,F417,D13,2026-08-13 06:30:00,Breakfast,5,0.46,0.02,0.395,1.02,6.1,F417,9.2,0.4,7.9,20.4,0.45999999999999996,0.020000000000000004,1.02,6.1
LD02770,HM008,F125,D13,2026-08-13 09:30:00,Mid snack,30,0.27,0.03,0.72,3.48,15.27,F125,0.9,0.1,2.4,11.6,0.27,0.03,3.48,15.27
LD02771,HM008,F412,D13,2026-08-13 09:30:00,Mid snack,25,1.125,0.475,0.7,5.425,30.475,F412,4.5,1.9,2.8,21.7,1.125,0.475,5.425,30.474999999999998
LD02772,HM008,F431,D13,2026-08-13 09:30:00,Mid snack,20,3.62,10.14,2.36,4.78,124.86,F431,18.1,50.7,11.8,23.9,3.6200000000000006,10.14,4.78,124.86000000000001
LD02773,HM008,F110,D13,2026-08-13 13:00:00,Lunch,25,1.475,0.25,2.0,1.95,15.95,F110,5.9,1.0,8.0,7.8,1.475,0.25,1.95,15.95
LD02774,HM008,F058,D13,2026-08-13 13:00:00,Lunch,440,3.96,0.44,10.56,51.92,227.48,F058,0.9,0.1,2.4,11.8,3.9600000000000004,0.44000000000000006,51.92000000000001,227.48000000000002
LD02775,HM008,F001,D13,2026-08-13 13:00:00,Lunch,65,1.755,0.195,0.26,18.33,82.095,F001,2.7,0.3,0.4,28.2,1.7550000000000001,0.195,18.330000000000002,82.09499999999998
LD02776,HM008,F291,D13,2026-08-13 13:00:00,Lunch,30,8.13,15.51,2.55,5.07,192.39,F291,27.1,51.7,8.5,16.9,8.13,15.51,5.069999999999999,192.39000000000001
LD02777,HM008,F359,D13,2026-08-13 16:00:00,Evening Snack,5,1.09,2.57,0.625,1.12,31.97,F359,21.8,51.4,12.5,22.4,1.09,2.5700000000000003,1.1199999999999999,31.97
LD02778,HM008,F028,D13,2026-08-13 16:00:00,Evening Snack,10,1.83,4.22,2.73,2.89,56.86,F028,18.3,42.2,27.3,28.9,1.83,4.220000000000001,2.89,56.86
LD02779,HM008,F023,D13,2026-08-13 16:00:00,Evening Snack,10,2.58,4.92,0.85,1.61,61.04,F023,25.8,49.2,8.5,16.1,2.58,4.920000000000001,1.6100000000000003,61.040000000000006
LD02780,HM008,F466,D13,2026-08-13 16:00:00,Evening Snack,5,0.035,0.01,0.045,0.925,3.93,F466,0.7,0.2,0.9,18.5,0.034999999999999996,0.010000000000000002,0.925,3.93
LD02781,HM008,F409,D13,2026-08-13 16:00:00,Evening Snack,5,0.675,0.33,0.505,3.455,19.49,F409,13.5,6.6,10.1,69.1,0.675,0.33,3.455,19.49
LD02782,HM008,F337,D13,2026-08-13 16:00:00,Evening Snack,20,0.54,0.18,0.36,4.74,22.74,F337,2.7,0.9,1.8,23.7,0.54,0.18000000000000002,4.74,22.740000000000002
LD02783,HM008,F266,D13,2026-08-13 18:30:00,Dinner,25,0.475,0.05,1.675,19.5,80.35,F266,1.9,0.2,6.7,78.0,0.475,0.05,19.5,80.35000000000001
LD02784,HM008,F438,D13,2026-08-13 18:30:00,Dinner,25,5.6,1.525,0.0,0.0,36.125,F438,22.4,6.1,0.0,0.0,5.6,1.525,0.0,36.125
LD02785,HM008,F415,D13,2026-08-13 18:30:00,Dinner,55,3.905,0.22,4.18,10.78,60.72,F415,7.1,0.4,7.6,19.6,3.9050000000000002,0.22000000000000003,10.780000000000001,60.71999999999999
LD02786,HM008,F292,D13,2026-08-13 18:30:00,Dinner,30,6.69,15.72,3.75,6.84,195.6,F292,22.3,52.4,12.5,22.8,6.69,15.719999999999999,6.84,195.60000000000002
LD02787,HM008,F156,D13,2026-08-13 18:30:00,Dinner,10,0.32,0.33,0.0,0.48,6.17,F156,3.2,3.3,0.0,4.8,0.32000000000000006,0.33,0.48,6.17
LD02788,HM008,F122,D13,2026-08-13 18:30:00,Dinner,180,5.4,0.54,1.8,5.76,49.5,F122,3.0,0.3,1.0,3.2,5.4,0.54,5.760000000000001,49.5
LD02789,HM008,F410,D14,2026-08-14 06:30:00,Breakfast,30,2.13,0.3,0.3,23.55,105.42,F410,7.1,1.0,1.0,78.5,2.13,0.3,23.55,105.42
LD02790,HM008,F396,D14,2026-08-14 06:30:00,Breakfast,95,0.57,0.19,0.38,7.41,33.63,F396,0.6,0.2,0.4,7.8,0.57,0.19,7.409999999999999,33.63
LD02791,HM008,F424,D14,2026-08-14 06:30:00,Breakfast,20,0.66,0.68,0.0,0.98,12.68,F424,3.3,3.4,0.0,4.9,0.66,0.68,0.9800000000000001,12.68
LD02792,HM008,F072,D14,2026-08-14 06:30:00,Breakfast,5,0.51,0.15,0.33,3.555,17.61,F072,10.2,3.0,6.6,71.1,0.51,0.15000000000000002,3.5549999999999997,17.610000000000003
LD02793,HM008,F051,D14,2026-08-14 13:00:00,Lunch,500,5.0,1.0,14.0,20.0,109.0,F051,1.0,0.2,2.8,4.0,5.0,1.0,20.0,109.0
LD02794,HM008,F162,D14,2026-08-14 13:00:00,Lunch,5,0.905,2.09,1.365,1.43,28.15,F162,18.1,41.8,27.3,28.6,0.9050000000000001,2.09,1.4300000000000002,28.15
LD02795,HM008,F338,D14,2026-08-14 16:00:00,Evening Snack,5,0.375,0.065,0.575,3.71,16.925,F338,7.5,1.3,11.5,74.2,0.375,0.065,3.7100000000000004,16.925
LD02796,HM008,F327,D14,2026-08-14 16:00:00,Evening Snack,55,0.275,0.165,0.935,5.665,25.245,F327,0.5,0.3,1.7,10.3,0.275,0.165,5.665000000000001,25.245
LD02797,HM008,F252,D14,2026-08-14 16:00:00,Evening Snack,70,0.7,0.14,1.96,2.94,15.82,F252,1.0,0.2,2.8,4.2,0.7,0.13999999999999999,2.94,15.819999999999999
LD02798,HM008,F060,D14,2026-08-14 16:00:00,Evening Snack,15,0.255,0.18,0.6,2.805,13.86,F060,1.7,1.2,4.0,18.7,0.255,0.18,2.8049999999999997,13.86
LD02799,HM008,F322,D14,2026-08-14 18:30:00,Dinner,210,2.52,0.21,3.57,20.58,94.29,F322,1.2,0.1,1.7,9.8,2.52,0.21000000000000002,20.580000000000002,94.28999999999999
LD02800,HM008,F417,D14,2026-08-14 18:30:00,Dinner,50,4.6,0.2,3.95,10.2,61.0,F417,9.2,0.4,7.9,20.4,4.6,0.2,10.2,60.99999999999999
LD02801,HM008,F130,D15,2026-08-15 06:30:00,Breakfast,250,1.25,0.25,3.5,32.0,135.25,F130,0.5,0.1,1.4,12.8,1.25,0.25,32.0,135.25
LD02802,HM008,F145,D15,2026-08-15 06:30:00,Breakfast,30,2.64,0.78,2.28,8.13,50.1,F145,8.8,2.6,7.6,27.1,2.64,0.78,8.13,50.10000000000001
LD02803,HM008,F320,D15,2026-08-15 06:30:00,Breakfast,110,0.99,0.22,1.32,4.51,23.98,F320,0.9,0.2,1.2,4.1,0.9900000000000001,0.22000000000000003,4.51,23.98
LD02804,HM008,F093,D15,2026-08-15 09:30:00,Mid snack,5,0.745,3.195,0.335,0.67,34.415,F093,14.9,63.9,6.7,13.4,0.7450000000000001,3.1950000000000003,0.67,34.415
LD02805,HM008,F345,D15,2026-08-15 09:30:00,Mid snack,10,0.45,0.2,0.28,2.19,12.36,F345,4.5,2.0,2.8,21.9,0.45,0.2,2.19,12.360000000000001
LD02806,HM008,F235,D15,2026-08-15 09:30:00,Mid snack,15,4.05,1.695,0.0,0.0,31.455,F235,27.0,11.3,0.0,0.0,4.05,1.695,0.0,31.455
LD02807,HM008,F160,D15,2026-08-15 09:30:00,Mid snack,5,0.75,3.225,0.335,0.68,34.745,F160,15.0,64.5,6.7,13.6,0.75,3.225,0.68,34.745000000000005
LD02808,HM008,F070,D15,2026-08-15 13:00:00,Lunch,10,0.72,0.13,1.15,7.06,32.29,F070,7.2,1.3,11.5,70.6,0.7200000000000001,0.13,7.06,32.29
LD02809,HM008,F246,D15,2026-08-15 13:00:00,Lunch,500,9.5,2.0,11.5,26.0,160.0,F246,1.9,0.4,2.3,5.2,9.5,2.0,26.0,160.0
LD02810,HM008,F105,D15,2026-08-15 18:30:00,Dinner,5,1.225,0.54,0.0,0.0,9.76,F105,24.5,10.8,0.0,0.0,1.225,0.54,0.0,9.760000000000002
LD02811,HM008,F172,D15,2026-08-15 18:30:00,Dinner,100,24.8,10.9,0.0,0.0,197.3,F172,24.8,10.9,0.0,0.0,24.8,10.9,0.0,197.3
LD02812,HM008,F045,D15,2026-08-15 18:30:00,Dinner,65,1.17,0.26,1.495,3.25,20.02,F045,1.8,0.4,2.3,5.0,1.1700000000000002,0.26,3.25,20.02
LD02813,HM008,F384,D16,2026-08-16 06:30:00,Breakfast,260,2.6,0.52,7.8,16.12,79.56,F384,1.0,0.2,3.0,6.2,2.6,0.52,16.12,79.56
LD02814,HM008,F325,D16,2026-08-16 06:30:00,Breakfast,30,0.81,0.33,1.62,4.5,24.21,F325,2.7,1.1,5.4,15.0,0.81,0.33,4.5,24.21
LD02815,HM008,F203,D16,2026-08-16 06:30:00,Breakfast,120,3.24,1.08,2.16,28.68,137.4,F203,2.7,0.9,1.8,23.9,3.24,1.08,28.679999999999996,137.4
LD02816,HM008,F194,D16,2026-08-16 09:30:00,Mid snack,50,0.85,0.6,2.0,9.25,45.8,F194,1.7,1.2,4.0,18.5,0.85,0.6,9.25,45.8
LD02817,HM008,F290,D16,2026-08-16 09:30:00,Mid snack,85,2.89,2.975,0.0,4.25,55.335,F290,3.4,3.5,0.0,5.0,2.8899999999999997,2.975,4.25,55.33500000000001
LD02818,HM008,F362,D16,2026-08-16 13:00:00,Lunch,15,2.55,4.74,5.16,6.51,78.9,F362,17.0,31.6,34.4,43.4,2.55,4.74,6.51,78.9
LD02819,HM008,F410,D16,2026-08-16 13:00:00,Lunch,65,4.615,0.65,0.65,51.025,228.41,F410,7.1,1.0,1.0,78.5,4.615,0.65,51.025,228.41
LD02820,HM008,F267,D16,2026-08-16 16:00:00,Evening Snack,5,0.16,0.025,0.185,4.12,17.345,F267,3.2,0.5,3.7,82.4,0.16000000000000003,0.025,4.12,17.345000000000002
LD02821,HM008,F076,D16,2026-08-16 16:00:00,Evening Snack,5,0.62,0.055,0.195,3.565,17.235,F076,12.4,1.1,3.9,71.3,0.6200000000000001,0.05500000000000001,3.565,17.235
LD02822,HM008,F229,D16,2026-08-16 16:00:00,Evening Snack,10,1.9,4.39,2.73,3.01,59.15,F229,19.0,43.9,27.3,30.1,1.9000000000000001,4.39,3.0100000000000002,59.15
LD02823,HM008,F359,D16,2026-08-16 16:00:00,Evening Snack,5,1.09,2.57,0.625,1.12,31.97,F359,21.8,51.4,12.5,22.4,1.09,2.5700000000000003,1.1199999999999999,31.97
LD02824,HM008,F486,D16,2026-08-16 18:30:00,Dinner,160,12.8,0.96,8.0,32.0,187.84,F486,8.0,0.6,5.0,20.0,12.8,0.96,32.0,187.83999999999997
LD02825,HM008,F344,D16,2026-08-16 18:30:00,Dinner,15,1.965,0.165,0.585,11.25,54.345,F344,13.1,1.1,3.9,75.0,1.9649999999999999,0.165,11.25,54.345
LD02826,HM008,F169,D17,2026-08-17 06:30:00,Breakfast,10,2.48,1.68,0.0,0.0,25.04,F169,24.8,16.8,0.0,0.0,2.4800000000000004,1.6800000000000002,0.0,25.04
LD02827,HM008,F424,D17,2026-08-17 06:30:00,Breakfast,140,4.62,4.76,0.0,6.86,88.76,F424,3.3,3.4,0.0,4.9,4.619999999999999,4.76,6.86,88.75999999999999
LD02828,HM008,F340,D17,2026-08-17 06:30:00,Breakfast,5,0.535,0.16,0.33,3.74,18.54,F340,10.7,3.2,6.6,74.8,0.535,0.16000000000000003,3.74,18.540000000000003
LD02829,HM008,F281,D17,2026-08-17 06:30:00,Breakfast,120,8.88,0.48,9.12,24.24,136.8,F281,7.4,0.4,7.6,20.2,8.88,0.48,24.24,136.79999999999998
LD02830,HM008,F441,D17,2026-08-17 09:30:00,Mid snack,40,11.84,0.4,0.0,0.0,50.96,F441,29.6,1.0,0.0,0.0,11.840000000000002,0.4,0.0,50.96
LD02831,HM008,F144,D17,2026-08-17 09:30:00,Mid snack,5,0.22,0.095,0.14,1.055,5.955,F144,4.4,1.9,2.8,21.1,0.22000000000000003,0.095,1.0550000000000002,5.955
LD02832,HM008,F295,D17,2026-08-17 09:30:00,Mid snack,5,0.865,1.61,1.72,2.21,26.79,F295,17.3,32.2,34.4,44.2,0.8650000000000001,1.6100000000000003,2.2100000000000004,26.79
LD02833,HM008,F048,D17,2026-08-17 09:30:00,Mid snack,135,2.565,0.27,4.32,10.125,53.19,F048,1.9,0.2,3.2,7.5,2.565,0.27,10.125,53.19
LD02834,HM008,F109,D17,2026-08-17 13:00:00,Lunch,115,3.335,0.345,2.76,4.255,33.465,F109,2.9,0.3,2.4,3.7,3.3349999999999995,0.345,4.255,33.464999999999996
LD02835,HM008,F486,D17,2026-08-17 13:00:00,Lunch,90,7.2,0.54,4.5,18.0,105.66,F486,8.0,0.6,5.0,20.0,7.2,0.54,18.0,105.66
LD02836,HM008,F024,D17,2026-08-17 13:00:00,Lunch,15,3.18,7.485,1.875,3.255,93.105,F024,21.2,49.9,12.5,21.7,3.1799999999999997,7.484999999999999,3.255,93.10500000000002
LD02837,HM008,F055,D17,2026-08-17 13:00:00,Lunch,275,8.525,0.825,2.75,9.075,77.825,F055,3.1,0.3,1.0,3.3,8.525,0.825,9.075,77.825
LD02838,HM008,F254,D17,2026-08-17 16:00:00,Evening Snack,340,2.38,0.34,1.7,12.58,62.9,F254,0.7,0.1,0.5,3.7,2.38,0.34,12.58,62.900000000000006
LD02839,HM008,F462,D17,2026-08-17 16:00:00,Evening Snack,45,0.765,0.54,1.8,8.595,42.3,F462,1.7,1.2,4.0,19.1,0.765,0.54,8.595,42.300000000000004
LD02840,HM008,F028,D17,2026-08-17 18:30:00,Dinner,5,0.915,2.11,1.365,1.445,28.43,F028,18.3,42.2,27.3,28.9,0.915,2.1100000000000003,1.445,28.43
LD02841,HM008,F177,D17,2026-08-17 18:30:00,Dinner,300,17.7,3.0,24.0,23.7,192.6,F177,5.9,1.0,8.0,7.9,17.700000000000003,3.0,23.700000000000003,192.6
LD02842,HM008,F151,D18,2026-08-18 06:30:00,Breakfast,5,0.395,0.03,0.25,0.99,5.81,F151,7.9,0.6,5.0,19.8,0.395,0.03,0.9900000000000001,5.8100000000000005
LD02843,HM008,F236,D18,2026-08-18 06:30:00,Breakfast,65,16.9,11.505,0.0,0.0,171.145,F236,26.0,17.7,0.0,0.0,16.900000000000002,11.505,0.0,171.14499999999998
LD02844,HM008,F003,D18,2026-08-18 06:30:00,Breakfast,45,3.285,0.585,5.175,32.4,148.005,F003,7.3,1.3,11.5,72.0,3.285,0.5850000000000001,32.4,148.005
LD02845,HM008,F433,D18,2026-08-18 06:30:00,Breakfast,25,3.225,2.7,0.0,0.275,38.3,F433,12.9,10.8,0.0,1.1,3.225,2.7,0.275,38.3
LD02846,HM008,F478,D18,2026-08-18 06:30:00,Breakfast,25,3.175,0.275,0.975,18.2,87.975,F478,12.7,1.1,3.9,72.8,3.175,0.275,18.2,87.975
LD02847,HM008,F238,D18,2026-08-18 09:30:00,Mid snack,15,3.12,0.78,0.0,0.0,19.5,F238,20.8,5.2,0.0,0.0,3.12,0.78,0.0,19.5
LD02848,HM008,F482,D18,2026-08-18 09:30:00,Mid snack,10,0.7,0.04,0.76,1.92,10.84,F482,7.0,0.4,7.6,19.2,0.7000000000000001,0.04000000000000001,1.92,10.84
LD02849,HM008,F038,D18,2026-08-18 09:30:00,Mid snack,45,11.25,4.95,0.0,0.0,89.55,F038,25.0,11.0,0.0,0.0,11.25,4.95,0.0,89.55000000000001
LD02850,HM008,F381,D18,2026-08-18 09:30:00,Mid snack,130,1.17,0.26,3.64,12.87,58.5,F381,0.9,0.2,2.8,9.9,1.1700000000000002,0.26,12.870000000000001,58.5
LD02851,HM008,F353,D18,2026-08-18 13:00:00,Lunch,5,0.855,0.465,0.3,0.51,9.645,F353,17.1,9.3,6.0,10.2,0.8550000000000001,0.4650000000000001,0.51,9.645
LD02852,HM008,F396,D18,2026-08-18 13:00:00,Lunch,165,0.99,0.33,0.66,12.87,58.41,F396,0.6,0.2,0.4,7.8,0.9899999999999999,0.33,12.87,58.41
LD02853,HM008,F337,D18,2026-08-18 13:00:00,Lunch,25,0.675,0.225,0.45,5.925,28.425,F337,2.7,0.9,1.8,23.7,0.675,0.225,5.925,28.424999999999997
LD02854,HM008,F119,D18,2026-08-18 13:00:00,Lunch,165,1.485,0.33,1.98,6.27,33.99,F119,0.9,0.2,1.2,3.8,1.4849999999999999,0.33,6.27,33.99
LD02855,HM008,F225,D18,2026-08-18 13:00:00,Lunch,20,4.4,10.38,2.5,4.52,129.1,F225,22.0,51.9,12.5,22.6,4.4,10.38,4.5200000000000005,129.1
LD02856,HM008,F074,D18,2026-08-18 13:00:00,Lunch,75,9.675,4.8,7.575,49.725,280.8,F074,12.9,6.4,10.1,66.3,9.675,4.800000000000001,49.724999999999994,280.8
LD02857,HM008,F109,D18,2026-08-18 16:00:00,Evening Snack,125,3.625,0.375,3.0,4.625,36.375,F109,2.9,0.3,2.4,3.7,3.625,0.375,4.625,36.375
LD02858,HM008,F187,D18,2026-08-18 16:00:00,Evening Snack,95,0.665,0.095,0.475,3.42,17.195,F187,0.7,0.1,0.5,3.6,0.6649999999999999,0.095,3.42,17.195
LD02859,HM008,F113,D18,2026-08-18 16:00:00,Evening Snack,5,0.045,0.01,0.14,0.47,2.15,F113,0.9,0.2,2.8,9.4,0.045000000000000005,0.010000000000000002,0.47000000000000003,2.15
LD02860,HM008,F157,D18,2026-08-18 16:00:00,Evening Snack,10,2.55,4.87,0.85,1.59,60.39,F157,25.5,48.7,8.5,15.9,2.5500000000000003,4.870000000000001,1.59,60.39
LD02861,HM008,F318,D18,2026-08-18 16:00:00,Evening Snack,175,1.05,0.175,2.1,6.3,30.975,F318,0.6,0.1,1.2,3.6,1.05,0.17500000000000002,6.3,30.974999999999998
LD02862,HM008,F295,D18,2026-08-18 16:00:00,Evening Snack,5,0.865,1.61,1.72,2.21,26.79,F295,17.3,32.2,34.4,44.2,0.8650000000000001,1.6100000000000003,2.2100000000000004,26.79
LD02863,HM008,F236,D18,2026-08-18 18:30:00,Dinner,20,5.2,3.54,0.0,0.0,52.66,F236,26.0,17.7,0.0,0.0,5.2,3.54,0.0,52.66
LD02864,HM008,F408,D18,2026-08-18 18:30:00,Dinner,45,6.3,0.855,5.49,33.345,166.275,F408,14.0,1.9,12.2,74.1,6.3,0.855,33.345,166.27499999999998
LD02865,HM008,F252,D18,2026-08-18 18:30:00,Dinner,175,1.75,0.35,4.9,7.35,39.55,F252,1.0,0.2,2.8,4.2,1.75,0.35000000000000003,7.3500000000000005,39.55
LD02866,HM008,F124,D18,2026-08-18 18:30:00,Dinner,15,0.375,0.15,0.81,2.1,11.25,F124,2.5,1.0,5.4,14.0,0.375,0.15,2.1,11.25
LD02867,HM008,F090,D18,2026-08-18 18:30:00,Dinner,25,6.325,12.05,2.125,3.95,149.55,F090,25.3,48.2,8.5,15.8,6.325,12.05,3.95,149.55
LD02868,HM008,F129,D19,2026-08-19 06:30:00,Breakfast,55,0.44,0.22,0.88,8.085,36.08,F129,0.8,0.4,1.6,14.7,0.44000000000000006,0.22000000000000003,8.085,36.08
LD02869,HM008,F280,D19,2026-08-19 06:30:00,Breakfast,100,9.1,0.5,6.4,23.9,136.5,F280,9.1,0.5,6.4,23.9,9.1,0.5,23.9,136.5
LD02870,HM008,F329,D19,2026-08-19 06:30:00,Breakfast,85,0.51,0.17,0.34,6.8,30.77,F329,0.6,0.2,0.4,8.0,0.51,0.17,6.8,30.77
LD02871,HM008,F274,D19,2026-08-19 13:00:00,Lunch,15,2.16,0.3,1.83,11.43,57.06,F274,14.4,2.0,12.2,76.2,2.16,0.3,11.43,57.06
LD02872,HM008,F298,D19,2026-08-19 13:00:00,Lunch,20,6.34,10.32,1.2,2.24,127.2,F298,31.7,51.6,6.0,11.2,6.34,10.32,2.2399999999999998,127.19999999999999
LD02873,HM008,F193,D19,2026-08-19 13:00:00,Lunch,180,0.9,0.54,3.06,17.46,78.3,F193,0.5,0.3,1.7,9.7,0.9,0.54,17.46,78.3
LD02874,HM008,F270,D19,2026-08-19 18:30:00,Dinner,120,3.24,1.08,2.16,29.04,138.84,F270,2.7,0.9,1.8,24.2,3.24,1.08,29.04,138.84
LD02875,HM008,F068,D19,2026-08-19 18:30:00,Dinner,45,1.17,0.135,0.18,12.42,55.575,F068,2.6,0.3,0.4,27.6,1.1700000000000002,0.135,12.420000000000002,55.575
LD02876,HM008,F177,D19,2026-08-19 18:30:00,Dinner,25,1.475,0.25,2.0,1.975,16.05,F177,5.9,1.0,8.0,7.9,1.475,0.25,1.975,16.05
LD02877,HM008,F470,D20,2026-08-20 06:30:00,Breakfast,60,1.62,0.18,0.24,16.92,75.78,F470,2.7,0.3,0.4,28.2,1.62,0.18,16.919999999999998,75.78000000000002
LD02878,HM008,F082,D20,2026-08-20 06:30:00,Breakfast,110,9.68,0.44,8.69,21.56,128.92,F082,8.8,0.4,7.9,19.6,9.680000000000001,0.44000000000000006,21.560000000000002,128.92
LD02879,HM008,F499,D20,2026-08-20 06:30:00,Breakfast,20,6.04,9.82,1.2,2.14,121.1,F499,30.2,49.1,6.0,10.7,6.04,9.82,2.14,121.1
LD02880,HM008,F336,D20,2026-08-20 06:30:00,Breakfast,30,0.84,0.09,0.12,8.7,38.97,F336,2.8,0.3,0.4,29.0,0.84,0.09,8.7,38.97
LD02881,HM008,F321,D20,2026-08-20 06:30:00,Breakfast,195,1.365,0.195,0.975,7.41,36.855,F321,0.7,0.1,0.5,3.8,1.365,0.195,7.409999999999999,36.855000000000004
LD02882,HM008,F178,D20,2026-08-20 09:30:00,Mid snack,195,4.68,0.78,6.435,13.845,81.12,F178,2.4,0.4,3.3,7.1,4.68,0.78,13.844999999999999,81.11999999999999
LD02883,HM008,F169,D20,2026-08-20 09:30:00,Mid snack,5,1.24,0.84,0.0,0.0,12.52,F169,24.8,16.8,0.0,0.0,1.2400000000000002,0.8400000000000001,0.0,12.52
LD02884,HM008,F345,D20,2026-08-20 09:30:00,Mid snack,25,1.125,0.5,0.7,5.475,30.9,F345,4.5,2.0,2.8,21.9,1.125,0.5,5.475,30.9
LD02885,HM008,F286,D20,2026-08-20 09:30:00,Mid snack,15,2.61,1.425,0.9,1.56,29.505,F286,17.4,9.5,6.0,10.4,2.61,1.425,1.56,29.505000000000003
LD02886,HM008,F243,D20,2026-08-20 13:00:00,Lunch,500,15.5,1.5,12.0,20.0,155.5,F243,3.1,0.3,2.4,4.0,15.5,1.5,20.0,155.5
LD02887,HM008,F242,D20,2026-08-20 13:00:00,Lunch,50,9.9,0.8,0.0,0.0,46.8,F242,19.8,1.6,0.0,0.0,9.9,0.8,0.0,46.800000000000004
LD02888,HM008,F246,D20,2026-08-20 13:00:00,Lunch,265,5.035,1.06,6.095,13.78,84.8,F246,1.9,0.4,2.3,5.2,5.034999999999999,1.06,13.78,84.8
LD02889,HM008,F428,D20,2026-08-20 16:00:00,Evening Snack,5,0.775,3.325,0.335,0.7,35.825,F428,15.5,66.5,6.7,14.0,0.775,3.325,0.7000000000000001,35.825
LD02890,HM008,F259,D20,2026-08-20 16:00:00,Evening Snack,5,0.045,0.005,0.12,0.615,2.685,F259,0.9,0.1,2.4,12.3,0.045000000000000005,0.005000000000000001,0.6150000000000001,2.685
LD02891,HM008,F358,D20,2026-08-20 16:00:00,Evening Snack,20,5.32,10.14,1.7,3.32,125.82,F358,26.6,50.7,8.5,16.6,5.32,10.14,3.3200000000000003,125.82000000000001
LD02892,HM008,F042,D20,2026-08-20 16:00:00,Evening Snack,95,2.85,0.285,2.28,3.61,28.405,F042,3.0,0.3,2.4,3.8,2.8499999999999996,0.285,3.61,28.405
LD02893,HM008,F240,D20,2026-08-20 18:30:00,Dinner,50,15.1,0.5,0.0,0.0,64.9,F240,30.2,1.0,0.0,0.0,15.1,0.5,0.0,64.9
LD02894,HM008,F412,D20,2026-08-20 18:30:00,Dinner,130,5.85,2.47,3.64,28.21,158.47,F412,4.5,1.9,2.8,21.7,5.8500000000000005,2.4699999999999998,28.21,158.47
LD02895,HM008,F216,D20,2026-08-20 18:30:00,Dinner,130,12.22,0.52,10.27,27.04,161.72,F216,9.4,0.4,7.9,20.8,12.22,0.52,27.040000000000003,161.72
LD02896,HM008,F177,D21,2026-08-21 06:30:00,Breakfast,430,25.37,4.3,34.4,33.97,276.06,F177,5.9,1.0,8.0,7.9,25.37,4.3,33.97,276.06
LD02897,HM008,F244,D21,2026-08-21 06:30:00,Breakfast,20,1.24,0.2,1.6,1.66,13.4,F244,6.2,1.0,8.0,8.3,1.2400000000000002,0.2,1.6600000000000001,13.4
LD02898,HM008,F223,D21,2026-08-21 06:30:00,Breakfast,65,2.145,2.21,0.0,3.25,41.47,F223,3.3,3.4,0.0,5.0,2.145,2.21,3.25,41.47
LD02899,HM008,F048,D21,2026-08-21 09:30:00,Mid snack,35,0.665,0.07,1.12,2.625,13.79,F048,1.9,0.2,3.2,7.5,0.6649999999999999,0.06999999999999999,2.625,13.790000000000001
LD02900,HM008,F281,D21,2026-08-21 09:30:00,Mid snack,45,3.33,0.18,3.42,9.09,51.3,F281,7.4,0.4,7.6,20.2,3.33,0.18000000000000002,9.09,51.3
LD02901,HM008,F096,D21,2026-08-21 09:30:00,Mid snack,15,2.595,7.305,1.77,3.435,89.865,F096,17.3,48.7,11.8,22.9,2.595,7.305,3.4349999999999996,89.86500000000001
LD02902,HM008,F498,D21,2026-08-21 13:00:00,Lunch,25,4.425,12.425,2.95,5.85,152.925,F498,17.7,49.7,11.8,23.4,4.425,12.425,5.85,152.925
LD02903,HM008,F289,D21,2026-08-21 13:00:00,Lunch,370,13.69,12.95,0.0,18.13,243.83,F289,3.7,3.5,0.0,4.9,13.690000000000001,12.950000000000001,18.130000000000003,243.82999999999998
LD02904,HM008,F301,D21,2026-08-21 13:00:00,Lunch,35,11.41,1.33,0.0,0.0,57.61,F301,32.6,3.8,0.0,0.0,11.41,1.3299999999999998,0.0,57.61
LD02905,HM008,F401,D21,2026-08-21 16:00:00,Evening Snack,5,0.16,0.025,0.185,4.08,17.185,F401,3.2,0.5,3.7,81.6,0.16000000000000003,0.025,4.08,17.185000000000002
LD02906,HM008,F027,D21,2026-08-21 16:00:00,Evening Snack,5,0.825,1.535,1.72,2.105,25.535,F027,16.5,30.7,34.4,42.1,0.8250000000000001,1.5350000000000001,2.105,25.534999999999997
LD02907,HM008,F125,D21,2026-08-21 16:00:00,Evening Snack,85,0.765,0.085,2.04,9.86,43.265,F125,0.9,0.1,2.4,11.6,0.765,0.085,9.86,43.265
LD02908,HM008,F209,D21,2026-08-21 16:00:00,Evening Snack,10,0.73,0.1,0.1,8.01,35.86,F209,7.3,1.0,1.0,80.1,0.73,0.1,8.01,35.86
LD02909,HM008,F130,D21,2026-08-21 16:00:00,Evening Snack,55,0.275,0.055,0.77,7.04,29.755,F130,0.5,0.1,1.4,12.8,0.275,0.05500000000000001,7.040000000000001,29.755000000000003
LD02910,HM008,F320,D21,2026-08-21 18:30:00,Dinner,500,4.5,1.0,6.0,20.5,109.0,F320,0.9,0.2,1.2,4.1,4.5,1.0,20.5,109.0
LD02911,HM008,F134,D21,2026-08-21 18:30:00,Dinner,145,1.305,0.87,6.235,14.5,71.05,F134,0.9,0.6,4.3,10.0,1.305,0.87,14.5,71.05
LD02912,HM008,F190,D21,2026-08-21 18:30:00,Dinner,5,0.055,0.015,0.13,1.13,4.875,F190,1.1,0.3,2.6,22.6,0.05500000000000001,0.015,1.1300000000000001,4.874999999999999
LD02913,HM008,F046,D21,2026-08-21 18:30:00,Dinner,365,3.285,0.73,10.22,35.04,159.87,F046,0.9,0.2,2.8,9.6,3.285,0.73,35.04,159.87
LD02914,HM008,F211,D22,2026-08-22 06:30:00,Breakfast,210,9.66,4.2,5.88,46.62,262.92,F211,4.6,2.0,2.8,22.2,9.66,4.2,46.62,262.92
LD02915,HM008,F167,D22,2026-08-22 06:30:00,Breakfast,85,26.095,3.06,0.0,0.0,131.92,F167,30.7,3.6,0.0,0.0,26.095,3.06,0.0,131.92
LD02916,HM008,F302,D22,2026-08-22 06:30:00,Breakfast,25,6.825,2.85,0.0,0.0,52.95,F302,27.3,11.4,0.0,0.0,6.825,2.85,0.0,52.95
LD02917,HM008,F372,D22,2026-08-22 09:30:00,Mid snack,15,3.09,0.78,0.0,0.0,19.38,F372,20.6,5.2,0.0,0.0,3.0900000000000003,0.78,0.0,19.38
LD02918,HM008,F359,D22,2026-08-22 09:30:00,Mid snack,10,2.18,5.14,1.25,2.24,63.94,F359,21.8,51.4,12.5,22.4,2.18,5.140000000000001,2.2399999999999998,63.94
LD02919,HM008,F379,D22,2026-08-22 09:30:00,Mid snack,215,5.375,0.86,7.095,15.91,92.88,F379,2.5,0.4,3.3,7.4,5.375,0.86,15.91,92.88
LD02920,HM008,F247,D22,2026-08-22 13:00:00,Lunch,175,1.575,0.35,4.9,17.5,79.45,F247,0.9,0.2,2.8,10.0,1.575,0.35000000000000003,17.5,79.45
LD02921,HM008,F294,D22,2026-08-22 13:00:00,Lunch,15,2.4,10.275,1.005,2.16,110.715,F294,16.0,68.5,6.7,14.4,2.4,10.275,2.16,110.715
LD02922,HM008,F255,D22,2026-08-22 13:00:00,Lunch,220,2.42,0.22,3.74,21.34,97.02,F255,1.1,0.1,1.7,9.7,2.4200000000000004,0.22000000000000003,21.34,97.02
LD02923,HM008,F480,D22,2026-08-22 13:00:00,Lunch,15,1.335,0.39,1.14,4.11,25.29,F480,8.9,2.6,7.6,27.4,1.335,0.39,4.109999999999999,25.290000000000003
LD02924,HM008,F459,D22,2026-08-22 13:00:00,Lunch,190,5.13,1.9,10.26,27.74,148.58,F459,2.7,1.0,5.4,14.6,5.13,1.9,27.74,148.57999999999998
LD02925,HM008,F427,D22,2026-08-22 13:00:00,Lunch,10,1.86,4.47,0.33,3.08,59.99,F427,18.6,44.7,3.3,30.8,1.8600000000000003,4.470000000000001,3.08,59.989999999999995
LD02926,HM008,F497,D22,2026-08-22 16:00:00,Evening Snack,5,0.915,2.11,1.365,1.445,28.43,F497,18.3,42.2,27.3,28.9,0.915,2.1100000000000003,1.445,28.43
LD02927,HM008,F114,D22,2026-08-22 16:00:00,Evening Snack,55,0.88,0.11,1.54,5.17,25.19,F114,1.6,0.2,2.8,9.4,0.8800000000000001,0.11000000000000001,5.170000000000001,25.189999999999998
LD02928,HM008,F119,D22,2026-08-22 16:00:00,Evening Snack,20,0.18,0.04,0.24,0.76,4.12,F119,0.9,0.2,1.2,3.8,0.18000000000000002,0.04000000000000001,0.76,4.12
LD02929,HM008,F202,D22,2026-08-22 16:00:00,Evening Snack,35,0.98,0.105,0.14,10.255,45.885,F202,2.8,0.3,0.4,29.3,0.9799999999999999,0.105,10.254999999999999,45.885000000000005
LD02930,HM008,F137,D22,2026-08-22 16:00:00,Evening Snack,15,1.08,0.195,1.725,10.695,48.855,F137,7.2,1.3,11.5,71.3,1.08,0.195,10.694999999999999,48.855000000000004
LD02931,HM008,F391,D22,2026-08-22 16:00:00,Evening Snack,30,0.33,0.09,0.78,7.05,30.33,F391,1.1,0.3,2.6,23.5,0.33,0.09,7.05,30.33
LD02932,HM008,F288,D22,2026-08-22 18:30:00,Dinner,50,9.6,10.9,0.0,1.3,141.7,F288,19.2,21.8,0.0,2.6,9.6,10.9,1.3,141.70000000000002
LD02933,HM008,F046,D22,2026-08-22 18:30:00,Dinner,160,1.44,0.32,4.48,15.36,70.08,F046,0.9,0.2,2.8,9.6,1.4400000000000002,0.32000000000000006,15.36,70.08
LD02934,HM008,F168,D22,2026-08-22 18:30:00,Dinner,65,16.705,7.02,0.0,0.0,130.0,F168,25.7,10.8,0.0,0.0,16.705000000000002,7.0200000000000005,0.0,130.0
LD02935,HM008,F328,D22,2026-08-22 18:30:00,Dinner,5,0.09,0.065,0.2,0.98,4.865,F328,1.8,1.3,4.0,19.6,0.09000000000000001,0.065,0.9800000000000001,4.865
LD02936,HM008,F120,D22,2026-08-22 18:30:00,Dinner,500,3.5,0.5,2.5,17.5,88.5,F120,0.7,0.1,0.5,3.5,3.5,0.5,17.5,88.5
LD02937,HM009,F078,D01,2026-08-01 06:30:00,Breakfast,20,1.74,0.5,1.52,5.38,32.98,F078,8.7,2.5,7.6,26.9,1.74,0.5,5.38,32.980000000000004
LD02938,HM009,F142,D01,2026-08-01 06:30:00,Breakfast,35,2.415,0.35,0.35,26.67,119.49,F142,6.9,1.0,1.0,76.2,2.415,0.35,26.669999999999998,119.49000000000001
LD02939,HM009,F209,D01,2026-08-01 06:30:00,Breakfast,20,1.46,0.2,0.2,16.02,71.72,F209,7.3,1.0,1.0,80.1,1.46,0.2,16.02,71.72
LD02940,HM009,F340,D01,2026-08-01 06:30:00,Breakfast,55,5.885,1.76,3.63,41.14,203.94,F340,10.7,3.2,6.6,74.8,5.885,1.7600000000000002,41.14,203.94
LD02941,HM009,F018,D01,2026-08-01 09:30:00,Mid snack,50,8.3,4.5,3.0,4.95,93.5,F018,16.6,9.0,6.0,9.9,8.3,4.5,4.95,93.5
LD02942,HM009,F173,D01,2026-08-01 09:30:00,Mid snack,15,4.305,0.15,0.0,0.0,18.57,F173,28.7,1.0,0.0,0.0,4.305,0.15,0.0,18.57
LD02943,HM009,F172,D01,2026-08-01 09:30:00,Mid snack,30,7.44,3.27,0.0,0.0,59.19,F172,24.8,10.9,0.0,0.0,7.4399999999999995,3.27,0.0,59.19
LD02944,HM009,F247,D01,2026-08-01 13:00:00,Lunch,5,0.045,0.01,0.14,0.5,2.27,F247,0.9,0.2,2.8,10.0,0.045000000000000005,0.010000000000000002,0.5,2.27
LD02945,HM009,F067,D01,2026-08-01 13:00:00,Lunch,265,2.385,1.59,11.395,27.03,131.97,F067,0.9,0.6,4.3,10.2,2.385,1.5899999999999999,27.029999999999998,131.97
LD02946,HM009,F061,D01,2026-08-01 13:00:00,Lunch,485,2.91,0.97,1.94,36.86,167.81,F061,0.6,0.2,0.4,7.6,2.9099999999999997,0.97,36.85999999999999,167.80999999999997
LD02947,HM009,F080,D01,2026-08-01 13:00:00,Lunch,55,3.795,0.22,4.18,10.34,58.52,F080,6.9,0.4,7.6,18.8,3.7950000000000004,0.22000000000000003,10.340000000000002,58.519999999999996
LD02948,HM009,F403,D01,2026-08-01 13:00:00,Lunch,30,0.84,0.09,0.12,8.64,38.73,F403,2.8,0.3,0.4,28.8,0.84,0.09,8.64,38.730000000000004
LD02949,HM009,F135,D01,2026-08-01 13:00:00,Lunch,65,1.755,0.195,0.26,18.135,81.315,F135,2.7,0.3,0.4,27.9,1.7550000000000001,0.195,18.134999999999998,81.315
LD02950,HM009,F463,D01,2026-08-01 16:00:00,Evening Snack,50,0.3,0.1,0.2,3.9,17.7,F463,0.6,0.2,0.4,7.8,0.3,0.1,3.9,17.7
LD02951,HM009,F431,D01,2026-08-01 16:00:00,Evening Snack,5,0.905,2.535,0.59,1.195,31.215,F431,18.1,50.7,11.8,23.9,0.9050000000000001,2.535,1.195,31.215000000000003
LD02952,HM009,F092,D01,2026-08-01 16:00:00,Evening Snack,10,1.78,4.29,0.33,2.96,57.57,F092,17.8,42.9,3.3,29.6,1.7800000000000002,4.29,2.9600000000000004,57.57
LD02953,HM009,F172,D01,2026-08-01 16:00:00,Evening Snack,5,1.24,0.545,0.0,0.0,9.865,F172,24.8,10.9,0.0,0.0,1.2400000000000002,0.545,0.0,9.865
LD02954,HM009,F341,D01,2026-08-01 16:00:00,Evening Snack,10,1.41,0.2,1.22,7.48,37.36,F341,14.1,2.0,12.2,74.8,1.4100000000000001,0.2,7.48,37.36
LD02955,HM009,F346,D01,2026-08-01 18:30:00,Dinner,130,11.96,3.51,9.88,36.66,226.07,F346,9.2,2.7,7.6,28.2,11.959999999999999,3.5100000000000002,36.660000000000004,226.07
LD02956,HM009,F170,D01,2026-08-01 18:30:00,Dinner,5,1.09,0.295,0.0,0.0,7.015,F170,21.8,5.9,0.0,0.0,1.09,0.29500000000000004,0.0,7.015000000000001
LD02957,HM009,F494,D01,2026-08-01 18:30:00,Dinner,10,1.82,4.38,0.33,3.02,58.78,F494,18.2,43.8,3.3,30.2,1.82,4.38,3.02,58.78
LD02958,HM009,F078,D01,2026-08-01 18:30:00,Dinner,55,4.785,1.375,4.18,14.795,90.695,F078,8.7,2.5,7.6,26.9,4.785,1.375,14.795,90.695
LD02959,HM009,F415,D02,2026-08-02 06:30:00,Breakfast,120,8.52,0.48,9.12,23.52,132.48,F415,7.1,0.4,7.6,19.6,8.52,0.48,23.52,132.48
LD02960,HM009,F077,D02,2026-08-02 06:30:00,Breakfast,80,3.44,1.52,2.24,16.72,94.32,F077,4.3,1.9,2.8,20.9,3.44,1.52,16.72,94.32
LD02961,HM009,F399,D02,2026-08-02 06:30:00,Breakfast,115,0.805,0.23,1.035,21.39,90.85,F399,0.7,0.2,0.9,18.6,0.8049999999999999,0.22999999999999998,21.39,90.85
LD02962,HM009,F391,D02,2026-08-02 06:30:00,Breakfast,15,0.165,0.045,0.39,3.525,15.165,F391,1.1,0.3,2.6,23.5,0.165,0.045,3.525,15.165
LD02963,HM009,F201,D02,2026-08-02 09:30:00,Mid snack,210,1.89,1.26,9.03,21.21,103.74,F201,0.9,0.6,4.3,10.1,1.8900000000000001,1.26,21.21,103.74000000000001
LD02964,HM009,F095,D02,2026-08-02 09:30:00,Mid snack,5,0.895,2.07,1.365,1.415,27.87,F095,17.9,41.4,27.3,28.3,0.895,2.07,1.415,27.869999999999997
LD02965,HM009,F022,D02,2026-08-02 13:00:00,Lunch,60,1.92,1.98,0.0,2.88,37.02,F022,3.2,3.3,0.0,4.8,1.92,1.9799999999999998,2.88,37.019999999999996
LD02966,HM009,F169,D02,2026-08-02 13:00:00,Lunch,80,19.84,13.44,0.0,0.0,200.32,F169,24.8,16.8,0.0,0.0,19.840000000000003,13.440000000000001,0.0,200.32
LD02967,HM009,F400,D02,2026-08-02 13:00:00,Lunch,55,1.045,0.11,3.685,42.46,175.01,F400,1.9,0.2,6.7,77.2,1.045,0.11000000000000001,42.46000000000001,175.01000000000002
LD02968,HM009,F258,D02,2026-08-02 16:00:00,Evening Snack,95,2.565,0.95,5.13,14.155,75.43,F258,2.7,1.0,5.4,14.9,2.565,0.95,14.155,75.42999999999999
LD02969,HM009,F202,D02,2026-08-02 16:00:00,Evening Snack,15,0.42,0.045,0.06,4.395,19.665,F202,2.8,0.3,0.4,29.3,0.42,0.045,4.395,19.665
LD02970,HM009,F343,D02,2026-08-02 16:00:00,Evening Snack,10,0.72,0.1,0.1,7.93,35.5,F343,7.2,1.0,1.0,79.3,0.7200000000000001,0.1,7.93,35.5
LD02971,HM009,F222,D02,2026-08-02 18:30:00,Dinner,445,16.02,15.13,0.0,21.805,287.47,F222,3.6,3.4,0.0,4.9,16.02,15.13,21.805000000000003,287.47
LD02972,HM009,F239,D02,2026-08-02 18:30:00,Dinner,30,7.8,3.42,0.0,0.0,61.98,F239,26.0,11.4,0.0,0.0,7.8,3.42,0.0,61.980000000000004
LD02973,HM009,F248,D03,2026-08-03 06:30:00,Breakfast,150,2.55,0.3,4.2,15.0,72.9,F248,1.7,0.2,2.8,10.0,2.55,0.30000000000000004,15.0,72.9
LD02974,HM009,F420,D03,2026-08-03 06:30:00,Breakfast,120,20.28,11.04,7.2,12.12,228.96,F420,16.9,9.2,6.0,10.1,20.279999999999998,11.04,12.12,228.95999999999998
LD02975,HM009,F365,D03,2026-08-03 06:30:00,Breakfast,20,6.22,10.12,1.2,2.2,124.76,F365,31.1,50.6,6.0,11.0,6.220000000000001,10.120000000000001,2.2,124.75999999999999
LD02976,HM009,F413,D03,2026-08-03 09:30:00,Mid snack,30,2.73,0.81,2.28,8.37,51.69,F413,9.1,2.7,7.6,27.9,2.73,0.81,8.37,51.69
LD02977,HM009,F093,D03,2026-08-03 09:30:00,Mid snack,5,0.745,3.195,0.335,0.67,34.415,F093,14.9,63.9,6.7,13.4,0.7450000000000001,3.1950000000000003,0.67,34.415
LD02978,HM009,F258,D03,2026-08-03 09:30:00,Mid snack,30,0.81,0.3,1.62,4.47,23.82,F258,2.7,1.0,5.4,14.9,0.81,0.3,4.47,23.819999999999997
LD02979,HM009,F375,D03,2026-08-03 09:30:00,Mid snack,30,7.41,0.3,0.0,0.0,32.34,F375,24.7,1.0,0.0,0.0,7.409999999999999,0.3,0.0,32.34
LD02980,HM009,F440,D03,2026-08-03 09:30:00,Mid snack,25,6.375,2.8,0.0,0.0,50.7,F440,25.5,11.2,0.0,0.0,6.375,2.8,0.0,50.7
LD02981,HM009,F125,D03,2026-08-03 13:00:00,Lunch,15,0.135,0.015,0.36,1.74,7.635,F125,0.9,0.1,2.4,11.6,0.135,0.015,1.74,7.635
LD02982,HM009,F423,D03,2026-08-03 13:00:00,Lunch,490,17.64,16.66,0.0,23.52,314.58,F423,3.6,3.4,0.0,4.8,17.64,16.66,23.52,314.58
LD02983,HM009,F263,D03,2026-08-03 13:00:00,Lunch,110,0.88,0.44,1.76,17.16,76.12,F263,0.8,0.4,1.6,15.6,0.8800000000000001,0.44000000000000006,17.16,76.11999999999999
LD02984,HM009,F088,D03,2026-08-03 13:00:00,Lunch,235,7.99,7.52,0.0,10.81,142.88,F088,3.4,3.2,0.0,4.6,7.99,7.5200000000000005,10.809999999999999,142.88
LD02985,HM009,F115,D03,2026-08-03 16:00:00,Evening Snack,120,2.28,0.24,3.84,8.76,46.32,F115,1.9,0.2,3.2,7.3,2.28,0.24,8.76,46.31999999999999
LD02986,HM009,F335,D03,2026-08-03 16:00:00,Evening Snack,85,0.765,0.51,3.655,9.095,44.03,F335,0.9,0.6,4.3,10.7,0.765,0.51,9.094999999999999,44.03
LD02987,HM009,F373,D03,2026-08-03 16:00:00,Evening Snack,5,1.29,0.565,0.0,0.0,10.245,F373,25.8,11.3,0.0,0.0,1.29,0.5650000000000001,0.0,10.245
LD02988,HM009,F090,D03,2026-08-03 16:00:00,Evening Snack,5,1.265,2.41,0.425,0.79,29.91,F090,25.3,48.2,8.5,15.8,1.2650000000000001,2.41,0.79,29.91
LD02989,HM009,F388,D03,2026-08-03 16:00:00,Evening Snack,340,2.38,0.34,1.7,12.58,62.9,F388,0.7,0.1,0.5,3.7,2.38,0.34,12.58,62.900000000000006
LD02990,HM009,F498,D03,2026-08-03 18:30:00,Dinner,10,1.77,4.97,1.18,2.34,61.17,F498,17.7,49.7,11.8,23.4,1.77,4.970000000000001,2.34,61.169999999999995
LD02991,HM009,F368,D03,2026-08-03 18:30:00,Dinner,70,22.33,2.59,0.0,0.0,112.63,F368,31.9,3.7,0.0,0.0,22.33,2.59,0.0,112.63
LD02992,HM009,F216,D03,2026-08-03 18:30:00,Dinner,200,18.8,0.8,15.8,41.6,248.8,F216,9.4,0.4,7.9,20.8,18.8,0.8,41.6,248.8
LD02993,HM009,F169,D04,2026-08-04 06:30:00,Breakfast,5,1.24,0.84,0.0,0.0,12.52,F169,24.8,16.8,0.0,0.0,1.2400000000000002,0.8400000000000001,0.0,12.52
LD02994,HM009,F212,D04,2026-08-04 06:30:00,Breakfast,80,7.44,2.16,6.08,22.8,140.4,F212,9.3,2.7,7.6,28.5,7.440000000000001,2.16,22.8,140.4
LD02995,HM009,F170,D04,2026-08-04 06:30:00,Breakfast,95,20.71,5.605,0.0,0.0,133.285,F170,21.8,5.9,0.0,0.0,20.71,5.605,0.0,133.28500000000003
LD02996,HM009,F460,D04,2026-08-04 13:00:00,Lunch,40,0.36,0.04,0.96,4.8,21.0,F460,0.9,0.1,2.4,12.0,0.36000000000000004,0.04000000000000001,4.800000000000001,21.0
LD02997,HM009,F435,D04,2026-08-04 13:00:00,Lunch,130,41.08,4.81,0.0,0.0,207.61,F435,31.6,3.7,0.0,0.0,41.080000000000005,4.8100000000000005,0.0,207.60999999999999
LD02998,HM009,F197,D04,2026-08-04 13:00:00,Lunch,220,1.1,0.22,3.08,28.6,120.78,F197,0.5,0.1,1.4,13.0,1.1,0.22000000000000003,28.6,120.78000000000002
LD02999,HM009,F362,D04,2026-08-04 18:30:00,Dinner,5,0.85,1.58,1.72,2.17,26.3,F362,17.0,31.6,34.4,43.4,0.8500000000000001,1.58,2.17,26.3
LD03000,HM009,F283,D04,2026-08-04 18:30:00,Dinner,75,7.125,0.3,5.925,15.75,94.2,F283,9.5,0.4,7.9,21.0,7.125,0.30000000000000004,15.75,94.2
LD03001,HM009,F078,D04,2026-08-04 18:30:00,Dinner,100,8.7,2.5,7.6,26.9,164.9,F078,8.7,2.5,7.6,26.9,8.7,2.5,26.9,164.89999999999998
LD03002,HM009,F463,D05,2026-08-05 06:30:00,Breakfast,130,0.78,0.26,0.52,10.14,46.02,F463,0.6,0.2,0.4,7.8,0.78,0.26,10.14,46.019999999999996
LD03003,HM009,F086,D05,2026-08-05 06:30:00,Breakfast,185,14.43,8.695,0.555,3.515,150.035,F086,7.8,4.7,0.3,1.9,14.43,8.695,3.515,150.035
LD03004,HM009,F120,D05,2026-08-05 09:30:00,Mid snack,15,0.105,0.015,0.075,0.525,2.655,F120,0.7,0.1,0.5,3.5,0.105,0.015,0.525,2.6550000000000002
LD03005,HM009,F422,D05,2026-08-05 09:30:00,Mid snack,5,0.935,1.06,0.0,0.125,13.78,F422,18.7,21.2,0.0,2.5,0.935,1.06,0.125,13.780000000000001
LD03006,HM009,F144,D05,2026-08-05 09:30:00,Mid snack,50,2.2,0.95,1.4,10.55,59.55,F144,4.4,1.9,2.8,21.1,2.2,0.95,10.55,59.55
LD03007,HM009,F391,D05,2026-08-05 13:00:00,Lunch,100,1.1,0.3,2.6,23.5,101.1,F391,1.1,0.3,2.6,23.5,1.1,0.3,23.5,101.10000000000001
LD03008,HM009,F432,D05,2026-08-05 13:00:00,Lunch,20,6.16,10.02,1.2,2.18,123.54,F432,30.8,50.1,6.0,10.9,6.16,10.020000000000001,2.18,123.53999999999999
LD03009,HM009,F300,D05,2026-08-05 13:00:00,Lunch,25,2.85,0.05,0.0,0.175,12.55,F300,11.4,0.2,0.0,0.7,2.85,0.05,0.175,12.549999999999999
LD03010,HM009,F207,D05,2026-08-05 16:00:00,Evening Snack,20,2.84,0.4,2.44,15.1,75.36,F207,14.2,2.0,12.2,75.5,2.84,0.4,15.100000000000001,75.35999999999999
LD03011,HM009,F007,D05,2026-08-05 16:00:00,Evening Snack,5,0.66,0.325,0.505,3.385,19.105,F007,13.2,6.5,10.1,67.7,0.66,0.325,3.3850000000000002,19.105
LD03012,HM009,F393,D05,2026-08-05 18:30:00,Dinner,100,0.9,0.1,2.4,12.2,53.3,F393,0.9,0.1,2.4,12.2,0.9,0.1,12.2,53.3
LD03013,HM009,F482,D05,2026-08-05 18:30:00,Dinner,95,6.65,0.38,7.22,18.24,102.98,F482,7.0,0.4,7.6,19.2,6.6499999999999995,0.38,18.24,102.98
LD03014,HM009,F086,D05,2026-08-05 18:30:00,Dinner,25,1.95,1.175,0.075,0.475,20.275,F086,7.8,4.7,0.3,1.9,1.95,1.175,0.475,20.275
LD03015,HM009,F305,D06,2026-08-06 06:30:00,Breakfast,70,14.7,3.64,0.0,0.0,91.56,F305,21.0,5.2,0.0,0.0,14.7,3.6399999999999997,0.0,91.56
LD03016,HM009,F267,D06,2026-08-06 06:30:00,Breakfast,5,0.16,0.025,0.185,4.12,17.345,F267,3.2,0.5,3.7,82.4,0.16000000000000003,0.025,4.12,17.345000000000002
LD03017,HM009,F110,D06,2026-08-06 06:30:00,Breakfast,35,2.065,0.35,2.8,2.73,22.33,F110,5.9,1.0,8.0,7.8,2.065,0.35,2.73,22.33
LD03018,HM009,F116,D06,2026-08-06 06:30:00,Breakfast,140,1.4,0.28,4.2,8.26,41.16,F116,1.0,0.2,3.0,5.9,1.4,0.27999999999999997,8.26,41.160000000000004
LD03019,HM009,F065,D06,2026-08-06 13:00:00,Lunch,50,0.9,0.1,3.35,37.5,154.5,F065,1.8,0.2,6.7,75.0,0.9,0.1,37.5,154.5
LD03020,HM009,F265,D06,2026-08-06 13:00:00,Lunch,90,0.63,0.18,0.81,16.92,71.82,F265,0.7,0.2,0.9,18.8,0.63,0.18000000000000002,16.92,71.82000000000001
LD03021,HM009,F493,D06,2026-08-06 16:00:00,Evening Snack,5,1.06,2.495,0.625,1.085,31.035,F493,21.2,49.9,12.5,21.7,1.06,2.495,1.085,31.035000000000004
LD03022,HM009,F196,D06,2026-08-06 16:00:00,Evening Snack,55,0.44,0.22,0.88,8.14,36.3,F196,0.8,0.4,1.6,14.8,0.44000000000000006,0.22000000000000003,8.14,36.3
LD03023,HM009,F050,D06,2026-08-06 18:30:00,Dinner,500,3.0,0.5,6.0,17.0,84.5,F050,0.6,0.1,1.2,3.4,3.0,0.5,17.0,84.5
LD03024,HM009,F161,D06,2026-08-06 18:30:00,Dinner,10,1.63,3.04,3.44,4.17,50.56,F161,16.3,30.4,34.4,41.7,1.6300000000000001,3.04,4.170000000000001,50.56
LD03025,HM009,F308,D06,2026-08-06 18:30:00,Dinner,15,3.78,0.165,0.0,0.0,16.605,F308,25.2,1.1,0.0,0.0,3.78,0.165,0.0,16.605
LD03026,HM009,F101,D07,2026-08-07 06:30:00,Breakfast,85,21.675,9.095,0.0,0.0,168.555,F101,25.5,10.7,0.0,0.0,21.675,9.094999999999999,0.0,168.555
LD03027,HM009,F300,D07,2026-08-07 06:30:00,Breakfast,25,2.85,0.05,0.0,0.175,12.55,F300,11.4,0.2,0.0,0.7,2.85,0.05,0.175,12.549999999999999
LD03028,HM009,F129,D07,2026-08-07 13:00:00,Lunch,100,0.8,0.4,1.6,14.7,65.6,F129,0.8,0.4,1.6,14.7,0.8,0.4,14.7,65.6
LD03029,HM009,F035,D07,2026-08-07 13:00:00,Lunch,60,15.0,10.2,0.0,0.0,151.8,F035,25.0,17.0,0.0,0.0,15.0,10.2,0.0,151.8
LD03030,HM009,F111,D07,2026-08-07 16:00:00,Evening Snack,25,0.6,0.1,0.825,1.775,10.4,F111,2.4,0.4,3.3,7.1,0.6,0.1,1.775,10.4
LD03031,HM009,F007,D07,2026-08-07 16:00:00,Evening Snack,10,1.32,0.65,1.01,6.77,38.21,F007,13.2,6.5,10.1,67.7,1.32,0.65,6.7700000000000005,38.21
LD03032,HM009,F008,D07,2026-08-07 16:00:00,Evening Snack,5,0.35,0.05,0.05,3.85,17.25,F008,7.0,1.0,1.0,77.0,0.35000000000000003,0.05,3.85,17.25
LD03033,HM009,F399,D07,2026-08-07 18:30:00,Dinner,55,0.385,0.11,0.495,10.23,43.45,F399,0.7,0.2,0.9,18.6,0.385,0.11000000000000001,10.230000000000002,43.45
LD03034,HM009,F295,D07,2026-08-07 18:30:00,Dinner,5,0.865,1.61,1.72,2.21,26.79,F295,17.3,32.2,34.4,44.2,0.8650000000000001,1.6100000000000003,2.2100000000000004,26.79
LD03035,HM009,F202,D07,2026-08-07 18:30:00,Dinner,50,1.4,0.15,0.2,14.65,65.55,F202,2.8,0.3,0.4,29.3,1.4,0.15,14.65,65.55
LD03036,HM009,F489,D07,2026-08-07 18:30:00,Dinner,20,3.66,4.16,0.0,0.5,54.08,F489,18.3,20.8,0.0,2.5,3.66,4.16,0.5,54.08
LD03037,HM009,F203,D08,2026-08-08 06:30:00,Breakfast,20,0.54,0.18,0.36,4.78,22.9,F203,2.7,0.9,1.8,23.9,0.54,0.18000000000000002,4.78,22.900000000000002
LD03038,HM009,F414,D08,2026-08-08 06:30:00,Breakfast,15,1.335,0.075,0.96,3.495,19.995,F414,8.9,0.5,6.4,23.3,1.335,0.075,3.495,19.995
LD03039,HM009,F479,D08,2026-08-08 06:30:00,Breakfast,45,1.98,0.855,1.26,9.585,53.955,F479,4.4,1.9,2.8,21.3,1.9800000000000002,0.855,9.585,53.955000000000005
LD03040,HM009,F153,D08,2026-08-08 06:30:00,Breakfast,310,24.49,14.88,0.93,5.89,255.44,F153,7.9,4.8,0.3,1.9,24.490000000000002,14.879999999999999,5.89,255.44
LD03041,HM009,F385,D08,2026-08-08 06:30:00,Breakfast,460,2.76,0.46,5.52,16.1,79.58,F385,0.6,0.1,1.2,3.5,2.76,0.45999999999999996,16.099999999999998,79.58
LD03042,HM009,F186,D08,2026-08-08 09:30:00,Mid snack,55,0.495,0.11,0.66,2.145,11.55,F186,0.9,0.2,1.2,3.9,0.49500000000000005,0.11000000000000001,2.145,11.55
LD03043,HM009,F386,D08,2026-08-08 09:30:00,Mid snack,35,0.35,0.07,0.98,1.435,7.77,F386,1.0,0.2,2.8,4.1,0.35,0.06999999999999999,1.4349999999999998,7.7700000000000005
LD03044,HM009,F268,D08,2026-08-08 09:30:00,Mid snack,185,1.665,1.11,7.955,19.61,95.09,F268,0.9,0.6,4.3,10.6,1.665,1.11,19.61,95.08999999999999
LD03045,HM009,F300,D08,2026-08-08 09:30:00,Mid snack,95,10.83,0.19,0.0,0.665,47.69,F300,11.4,0.2,0.0,0.7,10.83,0.19,0.6649999999999999,47.690000000000005
LD03046,HM009,F235,D08,2026-08-08 13:00:00,Lunch,5,1.35,0.565,0.0,0.0,10.485,F235,27.0,11.3,0.0,0.0,1.35,0.5650000000000001,0.0,10.485
LD03047,HM009,F299,D08,2026-08-08 13:00:00,Lunch,135,17.82,14.985,0.0,1.62,212.625,F299,13.2,11.1,0.0,1.2,17.82,14.985000000000001,1.62,212.625
LD03048,HM009,F163,D08,2026-08-08 13:00:00,Lunch,50,8.75,24.6,5.9,11.6,302.8,F163,17.5,49.2,11.8,23.2,8.75,24.6,11.6,302.8
LD03049,HM009,F139,D08,2026-08-08 16:00:00,Evening Snack,5,0.515,0.155,0.33,3.595,17.835,F139,10.3,3.1,6.6,71.9,0.515,0.15500000000000003,3.5950000000000006,17.835
LD03050,HM009,F069,D08,2026-08-08 16:00:00,Evening Snack,90,2.25,0.81,1.62,20.25,97.29,F069,2.5,0.9,1.8,22.5,2.25,0.81,20.25,97.29
LD03051,HM009,F196,D08,2026-08-08 16:00:00,Evening Snack,10,0.08,0.04,0.16,1.48,6.6,F196,0.8,0.4,1.6,14.8,0.08000000000000002,0.04000000000000001,1.4800000000000002,6.6000000000000005
LD03052,HM009,F252,D08,2026-08-08 16:00:00,Evening Snack,35,0.35,0.07,0.98,1.47,7.91,F252,1.0,0.2,2.8,4.2,0.35,0.06999999999999999,1.47,7.909999999999999
LD03053,HM009,F340,D08,2026-08-08 16:00:00,Evening Snack,10,1.07,0.32,0.66,7.48,37.08,F340,10.7,3.2,6.6,74.8,1.07,0.32000000000000006,7.48,37.080000000000005
LD03054,HM009,F492,D08,2026-08-08 16:00:00,Evening Snack,5,1.29,2.46,0.425,0.805,30.52,F492,25.8,49.2,8.5,16.1,1.29,2.4600000000000004,0.8050000000000002,30.520000000000003
LD03055,HM009,F449,D08,2026-08-08 18:30:00,Dinner,360,5.76,0.72,10.08,35.28,170.64,F449,1.6,0.2,2.8,9.8,5.760000000000001,0.7200000000000001,35.28,170.64
LD03056,HM009,F178,D08,2026-08-08 18:30:00,Dinner,205,4.92,0.82,6.765,14.555,85.28,F178,2.4,0.4,3.3,7.1,4.919999999999999,0.82,14.554999999999998,85.28
LD03057,HM009,F277,D08,2026-08-08 18:30:00,Dinner,25,3.325,0.3,0.975,19.1,92.4,F277,13.3,1.2,3.9,76.4,3.325,0.3,19.1,92.4
LD03058,HM009,F162,D08,2026-08-08 18:30:00,Dinner,10,1.81,4.18,2.73,2.86,56.3,F162,18.1,41.8,27.3,28.6,1.8100000000000003,4.18,2.8600000000000003,56.3
LD03059,HM009,F056,D09,2026-08-09 06:30:00,Breakfast,435,4.785,1.305,11.31,99.18,427.605,F056,1.1,0.3,2.6,22.8,4.785,1.305,99.17999999999999,427.605
LD03060,HM009,F313,D09,2026-08-09 06:30:00,Breakfast,40,0.76,0.16,0.92,2.08,12.8,F313,1.9,0.4,2.3,5.2,0.76,0.16000000000000003,2.08,12.799999999999999
LD03061,HM009,F346,D09,2026-08-09 06:30:00,Breakfast,20,1.84,0.54,1.52,5.64,34.78,F346,9.2,2.7,7.6,28.2,1.8399999999999999,0.54,5.640000000000001,34.78
LD03062,HM009,F242,D09,2026-08-09 09:30:00,Mid snack,25,4.95,0.4,0.0,0.0,23.4,F242,19.8,1.6,0.0,0.0,4.95,0.4,0.0,23.400000000000002
LD03063,HM009,F228,D09,2026-08-09 09:30:00,Mid snack,30,5.16,9.57,10.32,13.14,159.33,F228,17.2,31.9,34.4,43.8,5.159999999999999,9.569999999999999,13.139999999999999,159.32999999999998
LD03064,HM009,F451,D09,2026-08-09 09:30:00,Mid snack,15,0.15,0.03,0.45,0.915,4.53,F451,1.0,0.2,3.0,6.1,0.15,0.03,0.9149999999999999,4.529999999999999
LD03065,HM009,F317,D09,2026-08-09 13:00:00,Lunch,500,5.5,1.0,15.0,31.5,157.0,F317,1.1,0.2,3.0,6.3,5.5,1.0,31.5,157.0
LD03066,HM009,F267,D09,2026-08-09 13:00:00,Lunch,75,2.4,0.375,2.775,61.8,260.175,F267,3.2,0.5,3.7,82.4,2.4000000000000004,0.375,61.800000000000004,260.175
LD03067,HM009,F224,D09,2026-08-09 13:00:00,Lunch,10,2.68,5.12,0.85,1.67,63.48,F224,26.8,51.2,8.5,16.7,2.68,5.120000000000001,1.67,63.48
LD03068,HM009,F054,D09,2026-08-09 16:00:00,Evening Snack,65,0.715,0.065,1.105,6.045,27.625,F054,1.1,0.1,1.7,9.3,0.7150000000000001,0.065,6.045000000000001,27.625
LD03069,HM009,F180,D09,2026-08-09 16:00:00,Evening Snack,25,0.225,0.05,0.7,2.375,10.85,F180,0.9,0.2,2.8,9.5,0.225,0.05,2.375,10.85
LD03070,HM009,F255,D09,2026-08-09 16:00:00,Evening Snack,100,1.1,0.1,1.7,9.7,44.1,F255,1.1,0.1,1.7,9.7,1.1,0.1,9.7,44.099999999999994
LD03071,HM009,F001,D09,2026-08-09 16:00:00,Evening Snack,70,1.89,0.21,0.28,19.74,88.41,F001,2.7,0.3,0.4,28.2,1.89,0.21,19.74,88.41
LD03072,HM009,F361,D09,2026-08-09 16:00:00,Evening Snack,5,0.785,3.36,0.335,0.705,36.2,F361,15.7,67.2,6.7,14.1,0.785,3.3600000000000003,0.7050000000000001,36.199999999999996
LD03073,HM009,F204,D09,2026-08-09 18:30:00,Dinner,55,4.18,0.77,6.325,41.195,188.43,F204,7.6,1.4,11.5,74.9,4.18,0.77,41.19500000000001,188.43
LD03074,HM009,F383,D09,2026-08-09 18:30:00,Dinner,230,4.6,0.46,7.36,17.71,93.38,F383,2.0,0.2,3.2,7.7,4.6,0.45999999999999996,17.709999999999997,93.38000000000001
LD03075,HM009,F479,D09,2026-08-09 18:30:00,Dinner,145,6.38,2.755,4.06,30.885,173.855,F479,4.4,1.9,2.8,21.3,6.38,2.755,30.885,173.855
LD03076,HM009,F204,D10,2026-08-10 06:30:00,Breakfast,20,1.52,0.28,2.3,14.98,68.52,F204,7.6,1.4,11.5,74.9,1.52,0.27999999999999997,14.980000000000002,68.52
LD03077,HM009,F466,D10,2026-08-10 06:30:00,Breakfast,35,0.245,0.07,0.315,6.475,27.51,F466,0.7,0.2,0.9,18.5,0.24499999999999997,0.06999999999999999,6.475,27.509999999999998
LD03078,HM009,F357,D10,2026-08-10 06:30:00,Breakfast,90,2.97,3.06,0.0,4.41,57.06,F357,3.3,3.4,0.0,4.9,2.9699999999999998,3.06,4.41,57.06
LD03079,HM009,F446,D10,2026-08-10 06:30:00,Breakfast,75,1.8,0.3,2.475,5.475,31.8,F446,2.4,0.4,3.3,7.3,1.7999999999999998,0.30000000000000004,5.475,31.799999999999997
LD03080,HM009,F320,D10,2026-08-10 09:30:00,Mid snack,285,2.565,0.57,3.42,11.685,62.13,F320,0.9,0.2,1.2,4.1,2.565,0.5700000000000001,11.684999999999999,62.13
LD03081,HM009,F098,D10,2026-08-10 09:30:00,Mid snack,5,0.615,0.52,0.0,0.055,7.36,F098,12.3,10.4,0.0,1.1,0.6150000000000001,0.52,0.05500000000000001,7.359999999999999
LD03082,HM009,F474,D10,2026-08-10 13:00:00,Lunch,60,6.24,1.86,3.96,43.56,215.94,F474,10.4,3.1,6.6,72.6,6.24,1.8599999999999999,43.559999999999995,215.94000000000003
LD03083,HM009,F223,D10,2026-08-10 13:00:00,Lunch,10,0.33,0.34,0.0,0.5,6.38,F223,3.3,3.4,0.0,5.0,0.33,0.34,0.5,6.380000000000001
LD03084,HM009,F257,D10,2026-08-10 13:00:00,Lunch,5,0.055,0.015,0.13,1.185,5.095,F257,1.1,0.3,2.6,23.7,0.05500000000000001,0.015,1.185,5.095
LD03085,HM009,F261,D10,2026-08-10 13:00:00,Lunch,5,0.09,0.06,0.2,0.97,4.78,F261,1.8,1.2,4.0,19.4,0.09000000000000001,0.06,0.97,4.78
LD03086,HM009,F183,D10,2026-08-10 18:30:00,Dinner,350,3.5,0.7,10.5,20.65,102.9,F183,1.0,0.2,3.0,5.9,3.5,0.7000000000000001,20.650000000000002,102.89999999999999
LD03087,HM009,F078,D10,2026-08-10 18:30:00,Dinner,5,0.435,0.125,0.38,1.345,8.245,F078,8.7,2.5,7.6,26.9,0.435,0.125,1.345,8.245000000000001
LD03088,HM009,F433,D10,2026-08-10 18:30:00,Dinner,45,5.805,4.86,0.0,0.495,68.94,F433,12.9,10.8,0.0,1.1,5.805000000000001,4.86,0.49500000000000005,68.94
LD03089,HM009,F097,D11,2026-08-11 06:30:00,Breakfast,5,1.48,2.405,0.3,0.525,29.665,F097,29.6,48.1,6.0,10.5,1.4800000000000002,2.4050000000000002,0.525,29.665
LD03090,HM009,F161,D11,2026-08-11 06:30:00,Breakfast,5,0.815,1.52,1.72,2.085,25.28,F161,16.3,30.4,34.4,41.7,0.8150000000000001,1.52,2.0850000000000004,25.28
LD03091,HM009,F402,D11,2026-08-11 06:30:00,Breakfast,410,3.69,2.46,17.63,43.05,209.1,F402,0.9,0.6,4.3,10.5,3.69,2.4599999999999995,43.05,209.09999999999997
LD03092,HM009,F284,D11,2026-08-11 06:30:00,Breakfast,20,1.68,0.32,1.4,4.62,28.08,F284,8.4,1.6,7.0,23.1,1.6800000000000002,0.32000000000000006,4.62,28.08
LD03093,HM009,F279,D11,2026-08-11 09:30:00,Mid snack,65,6.045,1.755,4.94,18.72,114.855,F279,9.3,2.7,7.6,28.8,6.045000000000001,1.7550000000000001,18.720000000000002,114.855
LD03094,HM009,F160,D11,2026-08-11 09:30:00,Mid snack,5,0.75,3.225,0.335,0.68,34.745,F160,15.0,64.5,6.7,13.6,0.75,3.225,0.68,34.745000000000005
LD03095,HM009,F350,D11,2026-08-11 13:00:00,Lunch,85,7.905,0.34,6.715,17.51,104.72,F350,9.3,0.4,7.9,20.6,7.905,0.34,17.51,104.72000000000001
LD03096,HM009,F120,D11,2026-08-11 13:00:00,Lunch,500,3.5,0.5,2.5,17.5,88.5,F120,0.7,0.1,0.5,3.5,3.5,0.5,17.5,88.5
LD03097,HM009,F207,D11,2026-08-11 13:00:00,Lunch,5,0.71,0.1,0.61,3.775,18.84,F207,14.2,2.0,12.2,75.5,0.71,0.1,3.7750000000000004,18.839999999999996
LD03098,HM009,F217,D11,2026-08-11 13:00:00,Lunch,20,1.66,0.32,1.4,4.58,27.84,F217,8.3,1.6,7.0,22.9,1.6600000000000001,0.32000000000000006,4.58,27.84
LD03099,HM009,F428,D11,2026-08-11 16:00:00,Evening Snack,5,0.775,3.325,0.335,0.7,35.825,F428,15.5,66.5,6.7,14.0,0.775,3.325,0.7000000000000001,35.825
LD03100,HM009,F186,D11,2026-08-11 16:00:00,Evening Snack,490,4.41,0.98,5.88,19.11,102.9,F186,0.9,0.2,1.2,3.9,4.41,0.9800000000000001,19.11,102.9
LD03101,HM009,F314,D11,2026-08-11 16:00:00,Evening Snack,25,0.225,0.05,0.7,2.525,11.45,F314,0.9,0.2,2.8,10.1,0.225,0.05,2.525,11.45
LD03102,HM009,F430,D11,2026-08-11 18:30:00,Dinner,20,3.74,8.6,5.46,5.9,115.96,F430,18.7,43.0,27.3,29.5,3.74,8.6,5.9,115.96
LD03103,HM009,F221,D11,2026-08-11 18:30:00,Dinner,30,5.7,6.48,0.0,0.78,84.24,F221,19.0,21.6,0.0,2.6,5.7,6.48,0.78,84.24000000000001
LD03104,HM009,F266,D11,2026-08-11 18:30:00,Dinner,5,0.095,0.01,0.335,3.9,16.07,F266,1.9,0.2,6.7,78.0,0.095,0.010000000000000002,3.9000000000000004,16.07
LD03105,HM009,F477,D11,2026-08-11 18:30:00,Dinner,25,1.75,0.25,0.25,19.25,86.25,F477,7.0,1.0,1.0,77.0,1.75,0.25,19.25,86.25
LD03106,HM009,F155,D12,2026-08-12 06:30:00,Breakfast,205,7.175,6.765,0.0,9.635,128.125,F155,3.5,3.3,0.0,4.7,7.174999999999999,6.764999999999999,9.635,128.125
LD03107,HM009,F308,D12,2026-08-12 06:30:00,Breakfast,25,6.3,0.275,0.0,0.0,27.675,F308,25.2,1.1,0.0,0.0,6.3,0.275,0.0,27.675
LD03108,HM009,F117,D12,2026-08-12 06:30:00,Breakfast,500,3.0,0.5,6.0,16.5,82.5,F117,0.6,0.1,1.2,3.3,3.0,0.5,16.5,82.5
LD03109,HM009,F491,D12,2026-08-12 06:30:00,Breakfast,35,1.12,1.155,0.0,1.68,21.595,F491,3.2,3.3,0.0,4.8,1.1199999999999999,1.1549999999999998,1.68,21.595
LD03110,HM009,F222,D12,2026-08-12 06:30:00,Breakfast,185,6.66,6.29,0.0,9.065,119.51,F222,3.6,3.4,0.0,4.9,6.66,6.29,9.065000000000001,119.50999999999999
LD03111,HM009,F347,D12,2026-08-12 06:30:00,Breakfast,30,2.7,0.15,1.92,7.05,40.35,F347,9.0,0.5,6.4,23.5,2.6999999999999997,0.15,7.05,40.35
LD03112,HM009,F057,D12,2026-08-12 09:30:00,Mid snack,135,3.51,1.35,7.29,19.305,103.41,F057,2.6,1.0,5.4,14.3,3.5100000000000002,1.35,19.305000000000003,103.41
LD03113,HM009,F184,D12,2026-08-12 09:30:00,Mid snack,240,1.44,0.24,2.88,8.16,40.56,F184,0.6,0.1,1.2,3.4,1.44,0.24,8.16,40.56
LD03114,HM009,F495,D12,2026-08-12 09:30:00,Mid snack,5,0.76,3.26,0.335,0.685,35.12,F495,15.2,65.2,6.7,13.7,0.76,3.2600000000000002,0.685,35.12
LD03115,HM009,F114,D12,2026-08-12 09:30:00,Mid snack,25,0.4,0.05,0.7,2.35,11.45,F114,1.6,0.2,2.8,9.4,0.4,0.05,2.35,11.45
LD03116,HM009,F333,D12,2026-08-12 13:00:00,Lunch,50,0.95,0.1,3.35,39.4,162.3,F333,1.9,0.2,6.7,78.8,0.95,0.1,39.4,162.3
LD03117,HM009,F086,D12,2026-08-12 13:00:00,Lunch,160,12.48,7.52,0.48,3.04,129.76,F086,7.8,4.7,0.3,1.9,12.48,7.5200000000000005,3.04,129.76
LD03118,HM009,F047,D12,2026-08-12 13:00:00,Lunch,165,2.64,0.33,4.62,15.84,76.89,F047,1.6,0.2,2.8,9.6,2.64,0.33,15.839999999999998,76.89
LD03119,HM009,F048,D12,2026-08-12 13:00:00,Lunch,175,3.325,0.35,5.6,13.125,68.95,F048,1.9,0.2,3.2,7.5,3.3249999999999997,0.35000000000000003,13.125,68.95
LD03120,HM009,F203,D12,2026-08-12 13:00:00,Lunch,65,1.755,0.585,1.17,15.535,74.425,F203,2.7,0.9,1.8,23.9,1.7550000000000001,0.5850000000000001,15.535,74.425
LD03121,HM009,F470,D12,2026-08-12 16:00:00,Evening Snack,10,0.27,0.03,0.04,2.82,12.63,F470,2.7,0.3,0.4,28.2,0.27,0.03,2.8200000000000003,12.629999999999999
LD03122,HM009,F466,D12,2026-08-12 16:00:00,Evening Snack,70,0.49,0.14,0.63,12.95,55.02,F466,0.7,0.2,0.9,18.5,0.48999999999999994,0.13999999999999999,12.95,55.019999999999996
LD03123,HM009,F474,D12,2026-08-12 16:00:00,Evening Snack,5,0.52,0.155,0.33,3.63,17.995,F474,10.4,3.1,6.6,72.6,0.52,0.15500000000000003,3.63,17.995
LD03124,HM009,F455,D12,2026-08-12 16:00:00,Evening Snack,450,3.15,0.45,2.25,16.65,83.25,F455,0.7,0.1,0.5,3.7,3.15,0.45,16.650000000000002,83.24999999999999
LD03125,HM009,F159,D12,2026-08-12 16:00:00,Evening Snack,5,0.9,2.17,0.165,1.495,29.11,F159,18.0,43.4,3.3,29.9,0.9,2.17,1.495,29.11
LD03126,HM009,F469,D12,2026-08-12 18:30:00,Dinner,275,2.475,1.65,11.825,28.6,139.15,F469,0.9,0.6,4.3,10.4,2.475,1.65,28.6,139.15
LD03127,HM009,F160,D12,2026-08-12 18:30:00,Dinner,5,0.75,3.225,0.335,0.68,34.745,F160,15.0,64.5,6.7,13.6,0.75,3.225,0.68,34.745000000000005
LD03128,HM009,F264,D12,2026-08-12 18:30:00,Dinner,5,0.025,0.005,0.07,0.68,2.865,F264,0.5,0.1,1.4,13.6,0.025,0.005000000000000001,0.68,2.865
LD03129,HM009,F211,D12,2026-08-12 18:30:00,Dinner,15,0.69,0.3,0.42,3.33,18.78,F211,4.6,2.0,2.8,22.2,0.69,0.3,3.3299999999999996,18.779999999999998
LD03130,HM009,F287,D12,2026-08-12 18:30:00,Dinner,105,8.82,5.25,0.315,2.1,90.93,F287,8.4,5.0,0.3,2.0,8.82,5.25,2.1,90.93
LD03131,HM009,F099,D12,2026-08-12 18:30:00,Dinner,270,28.89,0.54,0.0,1.89,127.98,F099,10.7,0.2,0.0,0.7,28.89,0.54,1.89,127.98
LD03132,HM009,F348,D13,2026-08-13 06:30:00,Breakfast,65,4.68,0.26,4.94,12.87,72.54,F348,7.2,0.4,7.6,19.8,4.680000000000001,0.26,12.870000000000001,72.53999999999999
LD03133,HM009,F295,D13,2026-08-13 06:30:00,Breakfast,10,1.73,3.22,3.44,4.42,53.58,F295,17.3,32.2,34.4,44.2,1.7300000000000002,3.2200000000000006,4.420000000000001,53.58
LD03134,HM009,F210,D13,2026-08-13 06:30:00,Breakfast,20,2.64,0.22,0.78,15.14,73.1,F210,13.2,1.1,3.9,75.7,2.64,0.22000000000000003,15.14,73.10000000000001
LD03135,HM009,F441,D13,2026-08-13 13:00:00,Lunch,105,31.08,1.05,0.0,0.0,133.77,F441,29.6,1.0,0.0,0.0,31.080000000000002,1.05,0.0,133.76999999999998
LD03136,HM009,F304,D13,2026-08-13 13:00:00,Lunch,35,8.085,2.205,0.0,0.0,52.185,F304,23.1,6.3,0.0,0.0,8.085,2.2049999999999996,0.0,52.185
LD03137,HM009,F308,D13,2026-08-13 13:00:00,Lunch,30,7.56,0.33,0.0,0.0,33.21,F308,25.2,1.1,0.0,0.0,7.56,0.33,0.0,33.21
LD03138,HM009,F435,D13,2026-08-13 13:00:00,Lunch,30,9.48,1.11,0.0,0.0,47.91,F435,31.6,3.7,0.0,0.0,9.48,1.11,0.0,47.910000000000004
LD03139,HM009,F044,D13,2026-08-13 18:30:00,Dinner,355,8.52,1.42,11.715,25.56,149.1,F044,2.4,0.4,3.3,7.2,8.52,1.42,25.56,149.1
LD03140,HM009,F124,D13,2026-08-13 18:30:00,Dinner,45,1.125,0.45,2.43,6.3,33.75,F124,2.5,1.0,5.4,14.0,1.125,0.45,6.3,33.75
LD03141,HM009,F153,D13,2026-08-13 18:30:00,Dinner,10,0.79,0.48,0.03,0.19,8.24,F153,7.9,4.8,0.3,1.9,0.79,0.48,0.19,8.24
LD03142,HM009,F151,D14,2026-08-14 06:30:00,Breakfast,60,4.74,0.36,3.0,11.88,69.72,F151,7.9,0.6,5.0,19.8,4.74,0.36,11.88,69.72
LD03143,HM009,F378,D14,2026-08-14 06:30:00,Breakfast,65,4.03,0.65,5.2,5.33,43.29,F378,6.2,1.0,8.0,8.2,4.03,0.65,5.33,43.29
LD03144,HM009,F249,D14,2026-08-14 06:30:00,Breakfast,55,1.1,0.11,1.76,4.29,22.55,F249,2.0,0.2,3.2,7.8,1.1,0.11000000000000001,4.29,22.55
LD03145,HM009,F481,D14,2026-08-14 06:30:00,Breakfast,20,1.74,0.1,1.28,4.56,26.1,F481,8.7,0.5,6.4,22.8,1.74,0.1,4.5600000000000005,26.099999999999998
LD03146,HM009,F064,D14,2026-08-14 06:30:00,Breakfast,320,2.24,0.64,2.88,57.92,246.4,F064,0.7,0.2,0.9,18.1,2.2399999999999998,0.6400000000000001,57.92000000000001,246.4
LD03147,HM009,F089,D14,2026-08-14 09:30:00,Mid snack,60,1.86,1.92,0.0,2.82,36.0,F089,3.1,3.2,0.0,4.7,1.8599999999999999,1.92,2.82,36.0
LD03148,HM009,F115,D14,2026-08-14 09:30:00,Mid snack,65,1.235,0.13,2.08,4.745,25.09,F115,1.9,0.2,3.2,7.3,1.2349999999999999,0.13,4.745,25.090000000000003
LD03149,HM009,F090,D14,2026-08-14 09:30:00,Mid snack,15,3.795,7.23,1.275,2.37,89.73,F090,25.3,48.2,8.5,15.8,3.795,7.23,2.37,89.73
LD03150,HM009,F447,D14,2026-08-14 09:30:00,Mid snack,5,0.09,0.02,0.115,0.255,1.56,F447,1.8,0.4,2.3,5.1,0.09000000000000001,0.020000000000000004,0.255,1.5599999999999998
LD03151,HM009,F448,D14,2026-08-14 09:30:00,Mid snack,25,0.225,0.05,0.7,2.45,11.15,F448,0.9,0.2,2.8,9.8,0.225,0.05,2.45,11.15
LD03152,HM009,F429,D14,2026-08-14 09:30:00,Mid snack,5,0.84,1.565,1.72,2.145,26.025,F429,16.8,31.3,34.4,42.9,0.8400000000000001,1.5650000000000002,2.145,26.025
LD03153,HM009,F416,D14,2026-08-14 13:00:00,Lunch,70,5.11,0.7,3.57,14.28,83.86,F416,7.3,1.0,5.1,20.4,5.109999999999999,0.7,14.279999999999998,83.86
LD03154,HM009,F104,D14,2026-08-14 13:00:00,Lunch,245,48.02,12.005,0.0,0.0,300.125,F104,19.6,4.9,0.0,0.0,48.02000000000001,12.005000000000003,0.0,300.125
LD03155,HM009,F071,D14,2026-08-14 13:00:00,Lunch,35,3.78,1.715,3.85,22.995,122.535,F071,10.8,4.9,11.0,65.7,3.78,1.715,22.995,122.53500000000001
LD03156,HM009,F460,D14,2026-08-14 16:00:00,Evening Snack,30,0.27,0.03,0.72,3.6,15.75,F460,0.9,0.1,2.4,12.0,0.27,0.03,3.5999999999999996,15.75
LD03157,HM009,F050,D14,2026-08-14 16:00:00,Evening Snack,95,0.57,0.095,1.14,3.23,16.055,F050,0.6,0.1,1.2,3.4,0.57,0.095,3.23,16.055
LD03158,HM009,F405,D14,2026-08-14 16:00:00,Evening Snack,10,0.74,0.13,1.15,7.34,33.49,F405,7.4,1.3,11.5,73.4,0.7400000000000001,0.13,7.340000000000001,33.49
LD03159,HM009,F427,D14,2026-08-14 16:00:00,Evening Snack,10,1.86,4.47,0.33,3.08,59.99,F427,18.6,44.7,3.3,30.8,1.8600000000000003,4.470000000000001,3.08,59.989999999999995
LD03160,HM009,F051,D14,2026-08-14 16:00:00,Evening Snack,15,0.15,0.03,0.42,0.6,3.27,F051,1.0,0.2,2.8,4.0,0.15,0.03,0.6,3.27
LD03161,HM009,F072,D14,2026-08-14 16:00:00,Evening Snack,10,1.02,0.3,0.66,7.11,35.22,F072,10.2,3.0,6.6,71.1,1.02,0.30000000000000004,7.109999999999999,35.220000000000006
LD03162,HM009,F353,D14,2026-08-14 18:30:00,Dinner,30,5.13,2.79,1.8,3.06,57.87,F353,17.1,9.3,6.0,10.2,5.13,2.79,3.0599999999999996,57.87
LD03163,HM009,F356,D14,2026-08-14 18:30:00,Dinner,210,7.56,7.14,0.0,10.08,134.82,F356,3.6,3.4,0.0,4.8,7.5600000000000005,7.14,10.08,134.82
LD03164,HM009,F379,D14,2026-08-14 18:30:00,Dinner,130,3.25,0.52,4.29,9.62,56.16,F379,2.5,0.4,3.3,7.4,3.25,0.52,9.620000000000001,56.16
LD03165,HM009,F295,D14,2026-08-14 18:30:00,Dinner,15,2.595,4.83,5.16,6.63,80.37,F295,17.3,32.2,34.4,44.2,2.595,4.83,6.63,80.37
LD03166,HM009,F117,D14,2026-08-14 18:30:00,Dinner,500,3.0,0.5,6.0,16.5,82.5,F117,0.6,0.1,1.2,3.3,3.0,0.5,16.5,82.5
LD03167,HM009,F031,D15,2026-08-15 06:30:00,Breakfast,150,18.9,15.9,0.0,1.65,225.3,F031,12.6,10.6,0.0,1.1,18.9,15.899999999999999,1.6500000000000001,225.29999999999998
LD03168,HM009,F076,D15,2026-08-15 06:30:00,Breakfast,5,0.62,0.055,0.195,3.565,17.235,F076,12.4,1.1,3.9,71.3,0.6200000000000001,0.05500000000000001,3.565,17.235
LD03169,HM009,F083,D15,2026-08-15 06:30:00,Breakfast,5,0.39,0.075,0.35,1.08,6.555,F083,7.8,1.5,7.0,21.6,0.39,0.07500000000000001,1.08,6.555000000000001
LD03170,HM009,F181,D15,2026-08-15 09:30:00,Mid snack,60,0.96,0.12,1.68,5.7,27.72,F181,1.6,0.2,2.8,9.5,0.96,0.12,5.7,27.72
LD03171,HM009,F373,D15,2026-08-15 09:30:00,Mid snack,5,1.29,0.565,0.0,0.0,10.245,F373,25.8,11.3,0.0,0.0,1.29,0.5650000000000001,0.0,10.245
LD03172,HM009,F416,D15,2026-08-15 09:30:00,Mid snack,25,1.825,0.25,1.275,5.1,29.95,F416,7.3,1.0,5.1,20.4,1.825,0.25,5.1,29.95
LD03173,HM009,F182,D15,2026-08-15 09:30:00,Mid snack,60,1.14,0.12,1.92,4.44,23.4,F182,1.9,0.2,3.2,7.4,1.14,0.12,4.44,23.4
LD03174,HM009,F464,D15,2026-08-15 13:00:00,Lunch,15,0.12,0.06,0.24,2.295,10.2,F464,0.8,0.4,1.6,15.3,0.12,0.06,2.295,10.2
LD03175,HM009,F150,D15,2026-08-15 13:00:00,Lunch,145,11.455,2.175,10.15,31.61,191.835,F150,7.9,1.5,7.0,21.8,11.455,2.175,31.61,191.83499999999998
LD03176,HM009,F326,D15,2026-08-15 13:00:00,Lunch,145,1.305,0.145,3.48,17.98,78.445,F326,0.9,0.1,2.4,12.4,1.305,0.145,17.98,78.44500000000001
LD03177,HM009,F278,D15,2026-08-15 18:30:00,Dinner,60,2.76,1.2,1.68,13.44,75.6,F278,4.6,2.0,2.8,22.4,2.76,1.2,13.44,75.6
LD03178,HM009,F115,D15,2026-08-15 18:30:00,Dinner,250,4.75,0.5,8.0,18.25,96.5,F115,1.9,0.2,3.2,7.3,4.75,0.5,18.25,96.5
LD03179,HM009,F417,D15,2026-08-15 18:30:00,Dinner,45,4.14,0.18,3.555,9.18,54.9,F417,9.2,0.4,7.9,20.4,4.14,0.18000000000000002,9.18,54.9
LD03180,HM009,F496,D16,2026-08-16 06:30:00,Breakfast,25,4.125,7.675,8.6,10.525,127.675,F496,16.5,30.7,34.4,42.1,4.125,7.675,10.525,127.67500000000001
LD03181,HM009,F056,D16,2026-08-16 06:30:00,Breakfast,35,0.385,0.105,0.91,7.98,34.405,F056,1.1,0.3,2.6,22.8,0.385,0.105,7.9799999999999995,34.405
LD03182,HM009,F050,D16,2026-08-16 06:30:00,Breakfast,500,3.0,0.5,6.0,17.0,84.5,F050,0.6,0.1,1.2,3.4,3.0,0.5,17.0,84.5
LD03183,HM009,F183,D16,2026-08-16 06:30:00,Breakfast,500,5.0,1.0,15.0,29.5,147.0,F183,1.0,0.2,3.0,5.9,5.0,1.0,29.5,147.0
LD03184,HM009,F461,D16,2026-08-16 09:30:00,Mid snack,135,0.675,0.405,2.295,13.5,60.345,F461,0.5,0.3,1.7,10.0,0.675,0.405,13.5,60.345000000000006
LD03185,HM009,F488,D16,2026-08-16 09:30:00,Mid snack,5,0.4,0.24,0.015,0.095,4.14,F488,8.0,4.8,0.3,1.9,0.4,0.24,0.095,4.140000000000001
LD03186,HM009,F350,D16,2026-08-16 09:30:00,Mid snack,10,0.93,0.04,0.79,2.06,12.32,F350,9.3,0.4,7.9,20.6,0.9300000000000002,0.04000000000000001,2.06,12.32
LD03187,HM009,F442,D16,2026-08-16 09:30:00,Mid snack,30,7.35,0.3,0.0,0.0,32.1,F442,24.5,1.0,0.0,0.0,7.35,0.3,0.0,32.1
LD03188,HM009,F216,D16,2026-08-16 09:30:00,Mid snack,10,0.94,0.04,0.79,2.08,12.44,F216,9.4,0.4,7.9,20.8,0.9400000000000001,0.04000000000000001,2.08,12.44
LD03189,HM009,F375,D16,2026-08-16 09:30:00,Mid snack,65,16.055,0.65,0.0,0.0,70.07,F375,24.7,1.0,0.0,0.0,16.055,0.65,0.0,70.07
LD03190,HM009,F430,D16,2026-08-16 13:00:00,Lunch,40,7.48,17.2,10.92,11.8,231.92,F430,18.7,43.0,27.3,29.5,7.48,17.2,11.8,231.92
LD03191,HM009,F279,D16,2026-08-16 13:00:00,Lunch,5,0.465,0.135,0.38,1.44,8.835,F279,9.3,2.7,7.6,28.8,0.4650000000000001,0.135,1.4400000000000002,8.835
LD03192,HM009,F232,D16,2026-08-16 13:00:00,Lunch,20,2.62,2.2,0.0,0.22,31.16,F232,13.1,11.0,0.0,1.1,2.62,2.2,0.22000000000000003,31.160000000000004
LD03193,HM009,F101,D16,2026-08-16 13:00:00,Lunch,35,8.925,3.745,0.0,0.0,69.405,F101,25.5,10.7,0.0,0.0,8.924999999999999,3.7449999999999997,0.0,69.405
LD03194,HM009,F451,D16,2026-08-16 13:00:00,Lunch,500,5.0,1.0,15.0,30.5,151.0,F451,1.0,0.2,3.0,6.1,5.0,1.0,30.5,151.0
LD03195,HM009,F453,D16,2026-08-16 16:00:00,Evening Snack,95,0.95,0.19,2.66,3.895,21.09,F453,1.0,0.2,2.8,4.1,0.95,0.19,3.8949999999999996,21.09
LD03196,HM009,F494,D16,2026-08-16 16:00:00,Evening Snack,5,0.91,2.19,0.165,1.51,29.39,F494,18.2,43.8,3.3,30.2,0.91,2.19,1.51,29.39
LD03197,HM009,F429,D16,2026-08-16 16:00:00,Evening Snack,5,0.84,1.565,1.72,2.145,26.025,F429,16.8,31.3,34.4,42.9,0.8400000000000001,1.5650000000000002,2.145,26.025
LD03198,HM009,F270,D16,2026-08-16 16:00:00,Evening Snack,125,3.375,1.125,2.25,30.25,144.625,F270,2.7,0.9,1.8,24.2,3.375,1.125,30.25,144.625
LD03199,HM009,F301,D16,2026-08-16 18:30:00,Dinner,185,60.31,7.03,0.0,0.0,304.51,F301,32.6,3.8,0.0,0.0,60.31,7.03,0.0,304.51
LD03200,HM009,F347,D16,2026-08-16 18:30:00,Dinner,5,0.45,0.025,0.32,1.175,6.725,F347,9.0,0.5,6.4,23.5,0.45,0.025,1.175,6.725
LD03201,HM009,F434,D16,2026-08-16 18:30:00,Dinner,100,11.1,0.2,0.0,0.7,49.0,F434,11.1,0.2,0.0,0.7,11.1,0.2,0.7,48.99999999999999
LD03202,HM009,F280,D16,2026-08-16 18:30:00,Dinner,30,2.73,0.15,1.92,7.17,40.95,F280,9.1,0.5,6.4,23.9,2.73,0.15,7.169999999999999,40.95
LD03203,HM009,F238,D16,2026-08-16 18:30:00,Dinner,65,13.52,3.38,0.0,0.0,84.5,F238,20.8,5.2,0.0,0.0,13.520000000000001,3.3800000000000003,0.0,84.5
LD03204,HM009,F347,D17,2026-08-17 06:30:00,Breakfast,65,5.85,0.325,4.16,15.275,87.425,F347,9.0,0.5,6.4,23.5,5.8500000000000005,0.325,15.275,87.425
LD03205,HM009,F317,D17,2026-08-17 06:30:00,Breakfast,10,0.11,0.02,0.3,0.63,3.14,F317,1.1,0.2,3.0,6.3,0.11000000000000001,0.020000000000000004,0.63,3.14
LD03206,HM009,F061,D17,2026-08-17 06:30:00,Breakfast,125,0.75,0.25,0.5,9.5,43.25,F061,0.6,0.2,0.4,7.6,0.75,0.25,9.5,43.25
LD03207,HM009,F130,D17,2026-08-17 06:30:00,Breakfast,170,0.85,0.17,2.38,21.76,91.97,F130,0.5,0.1,1.4,12.8,0.85,0.17,21.76,91.97000000000001
LD03208,HM009,F090,D17,2026-08-17 13:00:00,Lunch,10,2.53,4.82,0.85,1.58,59.82,F090,25.3,48.2,8.5,15.8,2.5300000000000002,4.82,1.58,59.82
LD03209,HM009,F166,D17,2026-08-17 13:00:00,Lunch,15,1.62,0.03,0.0,0.105,7.17,F166,10.8,0.2,0.0,0.7,1.62,0.03,0.105,7.17
LD03210,HM009,F119,D17,2026-08-17 13:00:00,Lunch,500,4.5,1.0,6.0,19.0,103.0,F119,0.9,0.2,1.2,3.8,4.5,1.0,19.0,103.0
LD03211,HM009,F252,D17,2026-08-17 16:00:00,Evening Snack,70,0.7,0.14,1.96,2.94,15.82,F252,1.0,0.2,2.8,4.2,0.7,0.13999999999999999,2.94,15.819999999999999
LD03212,HM009,F429,D17,2026-08-17 16:00:00,Evening Snack,5,0.84,1.565,1.72,2.145,26.025,F429,16.8,31.3,34.4,42.9,0.8400000000000001,1.5650000000000002,2.145,26.025
LD03213,HM009,F193,D17,2026-08-17 16:00:00,Evening Snack,25,0.125,0.075,0.425,2.425,10.875,F193,0.5,0.3,1.7,9.7,0.125,0.075,2.425,10.875
LD03214,HM009,F306,D17,2026-08-17 16:00:00,Evening Snack,10,2.62,1.16,0.0,0.0,20.92,F306,26.2,11.6,0.0,0.0,2.62,1.16,0.0,20.92
LD03215,HM009,F017,D17,2026-08-17 18:30:00,Dinner,20,1.6,0.12,1.0,4.0,23.48,F017,8.0,0.6,5.0,20.0,1.6,0.12,4.0,23.479999999999997
LD03216,HM009,F353,D17,2026-08-17 18:30:00,Dinner,5,0.855,0.465,0.3,0.51,9.645,F353,17.1,9.3,6.0,10.2,0.8550000000000001,0.4650000000000001,0.51,9.645
LD03217,HM009,F497,D17,2026-08-17 18:30:00,Dinner,25,4.575,10.55,6.825,7.225,142.15,F497,18.3,42.2,27.3,28.9,4.575,10.55,7.225,142.15
LD03218,HM009,F199,D17,2026-08-17 18:30:00,Dinner,10,0.18,0.02,0.67,7.42,30.58,F199,1.8,0.2,6.7,74.2,0.18000000000000002,0.020000000000000004,7.420000000000001,30.58
LD03219,HM009,F238,D18,2026-08-18 06:30:00,Breakfast,15,3.12,0.78,0.0,0.0,19.5,F238,20.8,5.2,0.0,0.0,3.12,0.78,0.0,19.5
LD03220,HM009,F468,D18,2026-08-18 06:30:00,Breakfast,100,3.2,0.5,3.7,80.8,340.5,F468,3.2,0.5,3.7,80.8,3.2,0.5,80.8,340.5
LD03221,HM009,F324,D18,2026-08-18 06:30:00,Breakfast,55,0.66,0.165,1.43,13.145,56.705,F324,1.2,0.3,2.6,23.9,0.66,0.165,13.145,56.705
LD03222,HM009,F208,D18,2026-08-18 06:30:00,Breakfast,5,0.685,0.34,0.505,3.52,19.88,F208,13.7,6.8,10.1,70.4,0.685,0.34,3.5200000000000005,19.88
LD03223,HM009,F287,D18,2026-08-18 09:30:00,Mid snack,120,10.08,6.0,0.36,2.4,103.92,F287,8.4,5.0,0.3,2.0,10.08,6.0,2.4,103.92
LD03224,HM009,F351,D18,2026-08-18 09:30:00,Mid snack,5,0.41,0.075,0.35,1.135,6.855,F351,8.2,1.5,7.0,22.7,0.41,0.07500000000000001,1.135,6.8549999999999995
LD03225,HM009,F122,D18,2026-08-18 09:30:00,Mid snack,235,7.05,0.705,2.35,7.52,64.625,F122,3.0,0.3,1.0,3.2,7.050000000000001,0.705,7.5200000000000005,64.625
LD03226,HM009,F127,D18,2026-08-18 13:00:00,Lunch,160,2.72,1.92,6.4,29.28,145.28,F127,1.7,1.2,4.0,18.3,2.72,1.92,29.28,145.28
LD03227,HM009,F015,D18,2026-08-18 13:00:00,Lunch,20,1.8,0.08,1.58,4.0,23.92,F015,9.0,0.4,7.9,20.0,1.8,0.08000000000000002,4.0,23.919999999999998
LD03228,HM009,F431,D18,2026-08-18 13:00:00,Lunch,10,1.81,5.07,1.18,2.39,62.43,F431,18.1,50.7,11.8,23.9,1.8100000000000003,5.07,2.39,62.43000000000001
LD03229,HM009,F039,D18,2026-08-18 13:00:00,Lunch,80,23.2,0.8,0.0,0.0,100.0,F039,29.0,1.0,0.0,0.0,23.200000000000003,0.8,0.0,100.0
LD03230,HM009,F469,D18,2026-08-18 13:00:00,Lunch,5,0.045,0.03,0.215,0.52,2.53,F469,0.9,0.6,4.3,10.4,0.045000000000000005,0.03,0.52,2.5300000000000002
LD03231,HM009,F318,D18,2026-08-18 13:00:00,Lunch,500,3.0,0.5,6.0,18.0,88.5,F318,0.6,0.1,1.2,3.6,3.0,0.5,18.0,88.5
LD03232,HM009,F114,D18,2026-08-18 16:00:00,Evening Snack,65,1.04,0.13,1.82,6.11,29.77,F114,1.6,0.2,2.8,9.4,1.04,0.13,6.11,29.770000000000003
LD03233,HM009,F444,D18,2026-08-18 16:00:00,Evening Snack,45,1.395,0.135,1.08,1.755,13.815,F444,3.1,0.3,2.4,3.9,1.395,0.135,1.755,13.815
LD03234,HM009,F451,D18,2026-08-18 16:00:00,Evening Snack,375,3.75,0.75,11.25,22.875,113.25,F451,1.0,0.2,3.0,6.1,3.75,0.75,22.875,113.25
LD03235,HM009,F093,D18,2026-08-18 18:30:00,Dinner,20,2.98,12.78,1.34,2.68,137.66,F093,14.9,63.9,6.7,13.4,2.9800000000000004,12.780000000000001,2.68,137.66
LD03236,HM009,F379,D18,2026-08-18 18:30:00,Dinner,245,6.125,0.98,8.085,18.13,105.84,F379,2.5,0.4,3.3,7.4,6.125,0.9800000000000001,18.130000000000003,105.84
LD03237,HM009,F134,D18,2026-08-18 18:30:00,Dinner,55,0.495,0.33,2.365,5.5,26.95,F134,0.9,0.6,4.3,10.0,0.49500000000000005,0.33,5.5,26.95
LD03238,HM009,F266,D18,2026-08-18 18:30:00,Dinner,45,0.855,0.09,3.015,35.1,144.63,F266,1.9,0.2,6.7,78.0,0.855,0.09000000000000001,35.1,144.63
LD03239,HM009,F414,D18,2026-08-18 18:30:00,Dinner,20,1.78,0.1,1.28,4.66,26.66,F414,8.9,0.5,6.4,23.3,1.7800000000000002,0.1,4.66,26.66
LD03240,HM009,F083,D19,2026-08-19 06:30:00,Breakfast,130,10.14,1.95,9.1,28.08,170.43,F083,7.8,1.5,7.0,21.6,10.14,1.9500000000000002,28.080000000000002,170.43
LD03241,HM009,F464,D19,2026-08-19 06:30:00,Breakfast,25,0.2,0.1,0.4,3.825,17.0,F464,0.8,0.4,1.6,15.3,0.2,0.1,3.825,17.0
LD03242,HM009,F052,D19,2026-08-19 13:00:00,Lunch,410,3.69,0.82,4.92,15.99,86.1,F052,0.9,0.2,1.2,3.9,3.69,0.82,15.989999999999998,86.1
LD03243,HM009,F100,D19,2026-08-19 13:00:00,Lunch,40,12.16,1.4,0.0,0.0,61.24,F100,30.4,3.5,0.0,0.0,12.16,1.4000000000000001,0.0,61.24
LD03244,HM009,F469,D19,2026-08-19 13:00:00,Lunch,150,1.35,0.9,6.45,15.6,75.9,F469,0.9,0.6,4.3,10.4,1.35,0.8999999999999999,15.600000000000001,75.89999999999999
LD03245,HM009,F162,D19,2026-08-19 16:00:00,Evening Snack,5,0.905,2.09,1.365,1.43,28.15,F162,18.1,41.8,27.3,28.6,0.9050000000000001,2.09,1.4300000000000002,28.15
LD03246,HM009,F466,D19,2026-08-19 16:00:00,Evening Snack,60,0.42,0.12,0.54,11.1,47.16,F466,0.7,0.2,0.9,18.5,0.42,0.12,11.1,47.16
LD03247,HM009,F406,D19,2026-08-19 16:00:00,Evening Snack,5,0.56,0.255,0.55,3.415,18.195,F406,11.2,5.1,11.0,68.3,0.5599999999999999,0.255,3.415,18.195
LD03248,HM009,F461,D19,2026-08-19 18:30:00,Dinner,75,0.375,0.225,1.275,7.5,33.525,F461,0.5,0.3,1.7,10.0,0.375,0.22499999999999998,7.5,33.525
LD03249,HM009,F172,D19,2026-08-19 18:30:00,Dinner,30,7.44,3.27,0.0,0.0,59.19,F172,24.8,10.9,0.0,0.0,7.4399999999999995,3.27,0.0,59.19
LD03250,HM009,F383,D19,2026-08-19 18:30:00,Dinner,225,4.5,0.45,7.2,17.325,91.35,F383,2.0,0.2,3.2,7.7,4.5,0.45,17.325,91.35
LD03251,HM009,F380,D20,2026-08-20 06:30:00,Breakfast,310,5.89,1.24,7.13,16.12,99.2,F380,1.9,0.4,2.3,5.2,5.89,1.2400000000000002,16.12,99.2
LD03252,HM009,F421,D20,2026-08-20 06:30:00,Breakfast,5,0.41,0.245,0.015,0.095,4.225,F421,8.2,4.9,0.3,1.9,0.41,0.24500000000000002,0.095,4.225
LD03253,HM009,F247,D20,2026-08-20 06:30:00,Breakfast,20,0.18,0.04,0.56,2.0,9.08,F247,0.9,0.2,2.8,10.0,0.18000000000000002,0.04000000000000001,2.0,9.08
LD03254,HM009,F106,D20,2026-08-20 06:30:00,Breakfast,155,44.02,1.55,0.0,0.0,190.03,F106,28.4,1.0,0.0,0.0,44.019999999999996,1.55,0.0,190.03
LD03255,HM009,F221,D20,2026-08-20 09:30:00,Mid snack,10,1.9,2.16,0.0,0.26,28.08,F221,19.0,21.6,0.0,2.6,1.9000000000000001,2.16,0.26,28.080000000000002
LD03256,HM009,F490,D20,2026-08-20 09:30:00,Mid snack,105,3.675,3.465,0.0,4.935,65.625,F490,3.5,3.3,0.0,4.7,3.6750000000000003,3.465,4.9350000000000005,65.625
LD03257,HM009,F250,D20,2026-08-20 09:30:00,Mid snack,65,0.65,0.13,1.95,4.03,19.89,F250,1.0,0.2,3.0,6.2,0.65,0.13,4.03,19.89
LD03258,HM009,F028,D20,2026-08-20 09:30:00,Mid snack,5,0.915,2.11,1.365,1.445,28.43,F028,18.3,42.2,27.3,28.9,0.915,2.1100000000000003,1.445,28.43
LD03259,HM009,F016,D20,2026-08-20 13:00:00,Lunch,120,9.6,1.8,8.4,26.4,160.2,F016,8.0,1.5,7.0,22.0,9.6,1.7999999999999998,26.4,160.2
LD03260,HM009,F370,D20,2026-08-20 13:00:00,Lunch,80,20.64,14.0,0.0,0.0,208.56,F370,25.8,17.5,0.0,0.0,20.64,14.0,0.0,208.56
LD03261,HM009,F247,D20,2026-08-20 16:00:00,Evening Snack,50,0.45,0.1,1.4,5.0,22.7,F247,0.9,0.2,2.8,10.0,0.45,0.1,5.0,22.7
LD03262,HM009,F440,D20,2026-08-20 16:00:00,Evening Snack,45,11.475,5.04,0.0,0.0,91.26,F440,25.5,11.2,0.0,0.0,11.475,5.04,0.0,91.25999999999999
LD03263,HM009,F273,D20,2026-08-20 16:00:00,Evening Snack,5,0.545,0.165,0.33,3.81,18.905,F273,10.9,3.3,6.6,76.2,0.545,0.165,3.8100000000000005,18.905
LD03264,HM009,F073,D20,2026-08-20 16:00:00,Evening Snack,5,0.67,0.095,0.61,3.555,17.755,F073,13.4,1.9,12.2,71.1,0.67,0.095,3.5549999999999997,17.755000000000003
LD03265,HM009,F387,D20,2026-08-20 18:30:00,Dinner,100,0.9,0.2,1.2,4.0,21.4,F387,0.9,0.2,1.2,4.0,0.9,0.2,4.0,21.400000000000002
LD03266,HM009,F106,D20,2026-08-20 18:30:00,Dinner,45,12.78,0.45,0.0,0.0,55.17,F106,28.4,1.0,0.0,0.0,12.78,0.45,0.0,55.169999999999995
LD03267,HM009,F328,D20,2026-08-20 18:30:00,Dinner,20,0.36,0.26,0.8,3.92,19.46,F328,1.8,1.3,4.0,19.6,0.36000000000000004,0.26,3.9200000000000004,19.46
LD03268,HM009,F041,D20,2026-08-20 18:30:00,Dinner,245,46.55,3.675,0.0,0.0,219.275,F041,19.0,1.5,0.0,0.0,46.550000000000004,3.6750000000000003,0.0,219.27499999999998
LD03269,HM009,F094,D21,2026-08-21 06:30:00,Breakfast,15,2.43,4.515,5.16,6.195,75.135,F094,16.2,30.1,34.4,41.3,2.4299999999999997,4.515,6.194999999999999,75.13499999999999
LD03270,HM009,F042,D21,2026-08-21 06:30:00,Breakfast,370,11.1,1.11,8.88,14.06,110.63,F042,3.0,0.3,2.4,3.8,11.100000000000001,1.11,14.06,110.63
LD03271,HM009,F049,D21,2026-08-21 06:30:00,Breakfast,20,0.2,0.04,0.6,1.2,5.96,F049,1.0,0.2,3.0,6.0,0.2,0.04000000000000001,1.2000000000000002,5.96
LD03272,HM009,F475,D21,2026-08-21 06:30:00,Breakfast,10,1.37,0.19,1.22,7.26,36.23,F475,13.7,1.9,12.2,72.6,1.37,0.19,7.26,36.23
LD03273,HM009,F123,D21,2026-08-21 13:00:00,Lunch,160,1.76,0.48,4.16,35.68,154.08,F123,1.1,0.3,2.6,22.3,1.7600000000000002,0.48,35.68,154.07999999999998
LD03274,HM009,F220,D21,2026-08-21 13:00:00,Lunch,175,14.525,8.75,0.525,3.5,150.85,F220,8.3,5.0,0.3,2.0,14.525000000000002,8.75,3.5,150.85
LD03275,HM009,F179,D21,2026-08-21 16:00:00,Evening Snack,55,0.99,0.22,1.265,2.75,16.94,F179,1.8,0.4,2.3,5.0,0.9900000000000001,0.22000000000000003,2.75,16.94
LD03276,HM009,F199,D21,2026-08-21 16:00:00,Evening Snack,25,0.45,0.05,1.675,18.55,76.45,F199,1.8,0.2,6.7,74.2,0.45,0.05,18.55,76.45
LD03277,HM009,F192,D21,2026-08-21 18:30:00,Dinner,85,0.765,0.085,2.04,9.945,43.605,F192,0.9,0.1,2.4,11.7,0.765,0.085,9.944999999999999,43.605000000000004
LD03278,HM009,F376,D21,2026-08-21 18:30:00,Dinner,230,45.08,3.45,0.0,0.0,211.37,F376,19.6,1.5,0.0,0.0,45.08,3.4499999999999997,0.0,211.37
LD03279,HM009,F472,D22,2026-08-22 06:30:00,Breakfast,10,0.73,0.13,1.15,7.2,32.89,F472,7.3,1.3,11.5,72.0,0.73,0.13,7.2,32.89
LD03280,HM009,F188,D22,2026-08-22 06:30:00,Breakfast,500,5.5,0.5,8.5,46.0,210.5,F188,1.1,0.1,1.7,9.2,5.5,0.5,46.0,210.5
LD03281,HM009,F411,D22,2026-08-22 06:30:00,Breakfast,55,7.15,0.605,2.145,40.865,197.505,F411,13.0,1.1,3.9,74.3,7.15,0.6050000000000001,40.865,197.505
LD03282,HM009,F289,D22,2026-08-22 09:30:00,Mid snack,35,1.295,1.225,0.0,1.715,23.065,F289,3.7,3.5,0.0,4.9,1.295,1.2249999999999999,1.715,23.064999999999998
LD03283,HM009,F147,D22,2026-08-22 09:30:00,Mid snack,105,7.245,0.42,7.98,19.95,112.56,F147,6.9,0.4,7.6,19.0,7.245000000000001,0.42000000000000004,19.95,112.56
LD03284,HM009,F247,D22,2026-08-22 09:30:00,Mid snack,15,0.135,0.03,0.42,1.5,6.81,F247,0.9,0.2,2.8,10.0,0.135,0.03,1.5,6.8100000000000005
LD03285,HM009,F214,D22,2026-08-22 09:30:00,Mid snack,20,1.46,0.08,1.52,4.0,22.56,F214,7.3,0.4,7.6,20.0,1.46,0.08000000000000002,4.0,22.56
LD03286,HM009,F380,D22,2026-08-22 09:30:00,Mid snack,35,0.665,0.14,0.805,1.82,11.2,F380,1.9,0.4,2.3,5.2,0.6649999999999999,0.13999999999999999,1.8199999999999998,11.200000000000001
LD03287,HM009,F322,D22,2026-08-22 13:00:00,Lunch,105,1.26,0.105,1.785,10.29,47.145,F322,1.2,0.1,1.7,9.8,1.26,0.10500000000000001,10.290000000000001,47.144999999999996
LD03288,HM009,F329,D22,2026-08-22 13:00:00,Lunch,300,1.8,0.6,1.2,24.0,108.6,F329,0.6,0.2,0.4,8.0,1.7999999999999998,0.6000000000000001,24.0,108.60000000000001
LD03289,HM009,F065,D22,2026-08-22 13:00:00,Lunch,15,0.27,0.03,1.005,11.25,46.35,F065,1.8,0.2,6.7,75.0,0.27,0.03,11.25,46.35
LD03290,HM009,F079,D22,2026-08-22 13:00:00,Lunch,115,9.775,0.575,7.36,25.645,146.855,F079,8.5,0.5,6.4,22.3,9.774999999999999,0.575,25.645,146.85500000000002
LD03291,HM009,F498,D22,2026-08-22 13:00:00,Lunch,30,5.31,14.91,3.54,7.02,183.51,F498,17.7,49.7,11.8,23.4,5.31,14.91,7.02,183.51
LD03292,HM009,F030,D22,2026-08-22 13:00:00,Lunch,5,1.51,2.455,0.3,0.535,30.275,F030,30.2,49.1,6.0,10.7,1.51,2.455,0.535,30.275
LD03293,HM009,F249,D22,2026-08-22 16:00:00,Evening Snack,225,4.5,0.45,7.2,17.55,92.25,F249,2.0,0.2,3.2,7.8,4.5,0.45,17.55,92.25
LD03294,HM009,F075,D22,2026-08-22 16:00:00,Evening Snack,5,0.345,0.05,0.05,3.775,16.93,F075,6.9,1.0,1.0,75.5,0.34500000000000003,0.05,3.7750000000000004,16.93
LD03295,HM009,F265,D22,2026-08-22 16:00:00,Evening Snack,10,0.07,0.02,0.09,1.88,7.98,F265,0.7,0.2,0.9,18.8,0.06999999999999999,0.020000000000000004,1.8800000000000001,7.9799999999999995
LD03296,HM009,F383,D22,2026-08-22 16:00:00,Evening Snack,10,0.2,0.02,0.32,0.77,4.06,F383,2.0,0.2,3.2,7.7,0.2,0.020000000000000004,0.77,4.06
LD03297,HM009,F208,D22,2026-08-22 16:00:00,Evening Snack,10,1.37,0.68,1.01,7.04,39.76,F208,13.7,6.8,10.1,70.4,1.37,0.68,7.040000000000001,39.76
LD03298,HM009,F329,D22,2026-08-22 16:00:00,Evening Snack,60,0.36,0.12,0.24,4.8,21.72,F329,0.6,0.2,0.4,8.0,0.36,0.12,4.8,21.72
LD03299,HM009,F500,D22,2026-08-22 18:30:00,Dinner,85,10.71,9.01,0.0,0.935,127.67,F500,12.6,10.6,0.0,1.1,10.709999999999999,9.01,0.935,127.67000000000002
LD03300,HM009,F294,D22,2026-08-22 18:30:00,Dinner,25,4.0,17.125,1.675,3.6,184.525,F294,16.0,68.5,6.7,14.4,4.0,17.125,3.6,184.525
LD03301,HM009,F119,D22,2026-08-22 18:30:00,Dinner,30,0.27,0.06,0.36,1.14,6.18,F119,0.9,0.2,1.2,3.8,0.27,0.06,1.14,6.18
LD03302,HM009,F492,D22,2026-08-22 18:30:00,Dinner,5,1.29,2.46,0.425,0.805,30.52,F492,25.8,49.2,8.5,16.1,1.29,2.4600000000000004,0.8050000000000002,30.520000000000003
LD03303,HM009,F335,D22,2026-08-22 18:30:00,Dinner,220,1.98,1.32,9.46,23.54,113.96,F335,0.9,0.6,4.3,10.7,1.9800000000000002,1.32,23.54,113.96
LD03304,HM010,F272,D01,2026-08-01 06:30:00,Breakfast,70,8.12,3.64,7.7,49.28,262.36,F272,11.6,5.2,11.0,70.4,8.12,3.6399999999999997,49.28,262.36
LD03305,HM010,F434,D01,2026-08-01 06:30:00,Breakfast,200,22.2,0.4,0.0,1.4,98.0,F434,11.1,0.2,0.0,0.7,22.2,0.4,1.4,97.99999999999999
LD03306,HM010,F073,D01,2026-08-01 06:30:00,Breakfast,60,8.04,1.14,7.32,42.66,213.06,F073,13.4,1.9,12.2,71.1,8.04,1.14,42.66,213.05999999999997
LD03307,HM010,F241,D01,2026-08-01 09:30:00,Mid snack,65,16.25,0.65,0.0,0.0,70.85,F241,25.0,1.0,0.0,0.0,16.25,0.65,0.0,70.85
LD03308,HM010,F248,D01,2026-08-01 09:30:00,Mid snack,260,4.42,0.52,7.28,26.0,126.36,F248,1.7,0.2,2.8,10.0,4.42,0.52,26.0,126.36000000000001
LD03309,HM010,F179,D01,2026-08-01 09:30:00,Mid snack,80,1.44,0.32,1.84,4.0,24.64,F179,1.8,0.4,2.3,5.0,1.4400000000000002,0.32000000000000006,4.0,24.639999999999997
LD03310,HM010,F098,D01,2026-08-01 13:00:00,Lunch,420,51.66,43.68,0.0,4.62,618.24,F098,12.3,10.4,0.0,1.1,51.660000000000004,43.68000000000001,4.620000000000001,618.24
LD03311,HM010,F074,D01,2026-08-01 13:00:00,Lunch,30,3.87,1.92,3.03,19.89,112.32,F074,12.9,6.4,10.1,66.3,3.87,1.92,19.889999999999997,112.32000000000001
LD03312,HM010,F195,D01,2026-08-01 16:00:00,Evening Snack,365,2.19,0.73,1.46,27.375,124.83,F195,0.6,0.2,0.4,7.5,2.19,0.73,27.375,124.83000000000001
LD03313,HM010,F333,D01,2026-08-01 16:00:00,Evening Snack,5,0.095,0.01,0.335,3.94,16.23,F333,1.9,0.2,6.7,78.8,0.095,0.010000000000000002,3.94,16.23
LD03314,HM010,F003,D01,2026-08-01 16:00:00,Evening Snack,30,2.19,0.39,3.45,21.6,98.67,F003,7.3,1.3,11.5,72.0,2.19,0.39,21.599999999999998,98.67000000000002
LD03315,HM010,F370,D01,2026-08-01 18:30:00,Dinner,65,16.77,11.375,0.0,0.0,169.455,F370,25.8,17.5,0.0,0.0,16.77,11.375,0.0,169.45499999999998
LD03316,HM010,F098,D01,2026-08-01 18:30:00,Dinner,20,2.46,2.08,0.0,0.22,29.44,F098,12.3,10.4,0.0,1.1,2.4600000000000004,2.08,0.22000000000000003,29.439999999999998
LD03317,HM010,F280,D01,2026-08-01 18:30:00,Dinner,270,24.57,1.35,17.28,64.53,368.55,F280,9.1,0.5,6.4,23.9,24.57,1.35,64.53,368.54999999999995
LD03318,HM010,F129,D02,2026-08-02 06:30:00,Breakfast,30,0.24,0.12,0.48,4.41,19.68,F129,0.8,0.4,1.6,14.7,0.24,0.12,4.409999999999999,19.68
LD03319,HM010,F403,D02,2026-08-02 06:30:00,Breakfast,60,1.68,0.18,0.24,17.28,77.46,F403,2.8,0.3,0.4,28.8,1.68,0.18,17.28,77.46000000000001
LD03320,HM010,F331,D02,2026-08-02 06:30:00,Breakfast,390,1.95,0.39,5.46,53.82,226.59,F331,0.5,0.1,1.4,13.8,1.95,0.39,53.82,226.59
LD03321,HM010,F306,D02,2026-08-02 09:30:00,Mid snack,5,1.31,0.58,0.0,0.0,10.46,F306,26.2,11.6,0.0,0.0,1.31,0.58,0.0,10.46
LD03322,HM010,F241,D02,2026-08-02 09:30:00,Mid snack,110,27.5,1.1,0.0,0.0,119.9,F241,25.0,1.0,0.0,0.0,27.500000000000004,1.1,0.0,119.9
LD03323,HM010,F072,D02,2026-08-02 13:00:00,Lunch,85,8.67,2.55,5.61,60.435,299.37,F072,10.2,3.0,6.6,71.1,8.67,2.55,60.434999999999995,299.37
LD03324,HM010,F283,D02,2026-08-02 13:00:00,Lunch,40,3.8,0.16,3.16,8.4,50.24,F283,9.5,0.4,7.9,21.0,3.8000000000000003,0.16000000000000003,8.4,50.239999999999995
LD03325,HM010,F155,D02,2026-08-02 13:00:00,Lunch,65,2.275,2.145,0.0,3.055,40.625,F155,3.5,3.3,0.0,4.7,2.275,2.145,3.055,40.625
LD03326,HM010,F258,D02,2026-08-02 16:00:00,Evening Snack,95,2.565,0.95,5.13,14.155,75.43,F258,2.7,1.0,5.4,14.9,2.565,0.95,14.155,75.42999999999999
LD03327,HM010,F244,D02,2026-08-02 16:00:00,Evening Snack,55,3.41,0.55,4.4,4.565,36.85,F244,6.2,1.0,8.0,8.3,3.4100000000000006,0.55,4.565,36.85
LD03328,HM010,F398,D02,2026-08-02 18:30:00,Dinner,195,0.975,0.195,2.73,26.325,110.955,F398,0.5,0.1,1.4,13.5,0.975,0.195,26.325,110.955
LD03329,HM010,F393,D02,2026-08-02 18:30:00,Dinner,250,2.25,0.25,6.0,30.5,133.25,F393,0.9,0.1,2.4,12.2,2.25,0.25,30.5,133.25
LD03330,HM010,F342,D02,2026-08-02 18:30:00,Dinner,15,2.04,1.005,1.515,10.455,59.025,F342,13.6,6.7,10.1,69.7,2.04,1.005,10.455,59.025000000000006
LD03331,HM010,F376,D03,2026-08-03 06:30:00,Breakfast,60,11.76,0.9,0.0,0.0,55.14,F376,19.6,1.5,0.0,0.0,11.76,0.8999999999999999,0.0,55.14
LD03332,HM010,F296,D03,2026-08-03 06:30:00,Breakfast,110,21.12,48.73,30.03,33.33,656.37,F296,19.2,44.3,27.3,30.3,21.12,48.730000000000004,33.330000000000005,656.37
LD03333,HM010,F441,D03,2026-08-03 06:30:00,Breakfast,60,17.76,0.6,0.0,0.0,76.44,F441,29.6,1.0,0.0,0.0,17.76,0.6,0.0,76.44000000000001
LD03334,HM010,F159,D03,2026-08-03 09:30:00,Mid snack,30,5.4,13.02,0.99,8.97,174.66,F159,18.0,43.4,3.3,29.9,5.3999999999999995,13.02,8.969999999999999,174.66
LD03335,HM010,F182,D03,2026-08-03 09:30:00,Mid snack,15,0.285,0.03,0.48,1.11,5.85,F182,1.9,0.2,3.2,7.4,0.285,0.03,1.11,5.85
LD03336,HM010,F078,D03,2026-08-03 09:30:00,Mid snack,10,0.87,0.25,0.76,2.69,16.49,F078,8.7,2.5,7.6,26.9,0.87,0.25,2.69,16.490000000000002
LD03337,HM010,F053,D03,2026-08-03 09:30:00,Mid snack,500,3.5,0.5,2.5,18.0,90.5,F053,0.7,0.1,0.5,3.6,3.5,0.5,18.0,90.5
LD03338,HM010,F013,D03,2026-08-03 09:30:00,Mid snack,5,0.35,0.02,0.38,0.96,5.42,F013,7.0,0.4,7.6,19.2,0.35000000000000003,0.020000000000000004,0.96,5.42
LD03339,HM010,F163,D03,2026-08-03 09:30:00,Mid snack,5,0.875,2.46,0.59,1.16,30.28,F163,17.5,49.2,11.8,23.2,0.875,2.4600000000000004,1.16,30.28
LD03340,HM010,F190,D03,2026-08-03 13:00:00,Lunch,420,4.62,1.26,10.92,94.92,409.5,F190,1.1,0.3,2.6,22.6,4.620000000000001,1.26,94.92000000000002,409.5
LD03341,HM010,F299,D03,2026-08-03 13:00:00,Lunch,145,19.14,16.095,0.0,1.74,228.375,F299,13.2,11.1,0.0,1.2,19.139999999999997,16.095,1.74,228.375
LD03342,HM010,F389,D03,2026-08-03 13:00:00,Lunch,500,5.5,0.5,8.5,48.0,218.5,F389,1.1,0.1,1.7,9.6,5.5,0.5,48.0,218.5
LD03343,HM010,F440,D03,2026-08-03 16:00:00,Evening Snack,10,2.55,1.12,0.0,0.0,20.28,F440,25.5,11.2,0.0,0.0,2.5500000000000003,1.1199999999999999,0.0,20.28
LD03344,HM010,F042,D03,2026-08-03 16:00:00,Evening Snack,180,5.4,0.54,4.32,6.84,53.82,F042,3.0,0.3,2.4,3.8,5.4,0.54,6.84,53.82
LD03345,HM010,F128,D03,2026-08-03 16:00:00,Evening Snack,185,1.11,0.37,0.74,13.69,62.53,F128,0.6,0.2,0.4,7.4,1.11,0.37000000000000005,13.690000000000001,62.529999999999994
LD03346,HM010,F109,D03,2026-08-03 16:00:00,Evening Snack,445,12.905,1.335,10.68,16.465,129.495,F109,2.9,0.3,2.4,3.7,12.905,1.335,16.465,129.495
LD03347,HM010,F391,D03,2026-08-03 16:00:00,Evening Snack,40,0.44,0.12,1.04,9.4,40.44,F391,1.1,0.3,2.6,23.5,0.44000000000000006,0.12,9.4,40.44
LD03348,HM010,F452,D03,2026-08-03 18:30:00,Dinner,350,2.1,0.35,4.2,12.25,60.55,F452,0.6,0.1,1.2,3.5,2.1,0.35000000000000003,12.25,60.55
LD03349,HM010,F076,D03,2026-08-03 18:30:00,Dinner,95,11.78,1.045,3.705,67.735,327.465,F076,12.4,1.1,3.9,71.3,11.78,1.045,67.735,327.465
LD03350,HM010,F335,D03,2026-08-03 18:30:00,Dinner,465,4.185,2.79,19.995,49.755,240.87,F335,0.9,0.6,4.3,10.7,4.1850000000000005,2.79,49.755,240.87
LD03351,HM010,F060,D03,2026-08-03 18:30:00,Dinner,165,2.805,1.98,6.6,30.855,152.46,F060,1.7,1.2,4.0,18.7,2.8049999999999997,1.9799999999999998,30.854999999999997,152.46
LD03352,HM010,F397,D04,2026-08-04 06:30:00,Breakfast,25,0.2,0.1,0.4,3.875,17.2,F397,0.8,0.4,1.6,15.5,0.2,0.1,3.875,17.2
LD03353,HM010,F011,D04,2026-08-04 06:30:00,Breakfast,210,18.69,5.46,15.96,57.54,354.06,F011,8.9,2.6,7.6,27.4,18.69,5.460000000000001,57.54,354.06
LD03354,HM010,F311,D04,2026-08-04 06:30:00,Breakfast,45,2.835,0.495,3.6,3.78,30.915,F311,6.3,1.1,8.0,8.4,2.835,0.49500000000000005,3.7800000000000002,30.915
LD03355,HM010,F454,D04,2026-08-04 06:30:00,Breakfast,500,4.5,1.0,6.0,20.0,107.0,F454,0.9,0.2,1.2,4.0,4.5,1.0,20.0,107.0
LD03356,HM010,F219,D04,2026-08-04 06:30:00,Breakfast,35,6.055,3.29,2.1,3.605,68.25,F219,17.3,9.4,6.0,10.3,6.055,3.29,3.605,68.25
LD03357,HM010,F229,D04,2026-08-04 09:30:00,Mid snack,10,1.9,4.39,2.73,3.01,59.15,F229,19.0,43.9,27.3,30.1,1.9000000000000001,4.39,3.0100000000000002,59.15
LD03358,HM010,F020,D04,2026-08-04 09:30:00,Mid snack,45,8.235,9.36,0.0,1.125,121.68,F020,18.3,20.8,0.0,2.5,8.235000000000001,9.360000000000001,1.125,121.67999999999999
LD03359,HM010,F287,D04,2026-08-04 09:30:00,Mid snack,125,10.5,6.25,0.375,2.5,108.25,F287,8.4,5.0,0.3,2.0,10.5,6.25,2.5,108.25
LD03360,HM010,F215,D04,2026-08-04 09:30:00,Mid snack,30,2.25,0.3,1.53,6.24,36.66,F215,7.5,1.0,5.1,20.8,2.25,0.3,6.24,36.660000000000004
LD03361,HM010,F116,D04,2026-08-04 13:00:00,Lunch,245,2.45,0.49,7.35,14.455,72.03,F116,1.0,0.2,3.0,5.9,2.45,0.49000000000000005,14.455000000000002,72.03
LD03362,HM010,F203,D04,2026-08-04 13:00:00,Lunch,195,5.265,1.755,3.51,46.605,223.275,F203,2.7,0.9,1.8,23.9,5.265000000000001,1.755,46.605,223.27499999999998
LD03363,HM010,F392,D04,2026-08-04 13:00:00,Lunch,215,5.805,2.15,11.61,31.605,168.99,F392,2.7,1.0,5.4,14.7,5.805,2.15,31.604999999999997,168.98999999999998
LD03364,HM010,F168,D04,2026-08-04 13:00:00,Lunch,60,15.42,6.48,0.0,0.0,120.0,F168,25.7,10.8,0.0,0.0,15.419999999999998,6.48,0.0,120.0
LD03365,HM010,F368,D04,2026-08-04 13:00:00,Lunch,220,70.18,8.14,0.0,0.0,353.98,F368,31.9,3.7,0.0,0.0,70.18,8.14,0.0,353.98
LD03366,HM010,F329,D04,2026-08-04 16:00:00,Evening Snack,435,2.61,0.87,1.74,34.8,157.47,F329,0.6,0.2,0.4,8.0,2.61,0.87,34.8,157.47
LD03367,HM010,F199,D04,2026-08-04 16:00:00,Evening Snack,50,0.9,0.1,3.35,37.1,152.9,F199,1.8,0.2,6.7,74.2,0.9,0.1,37.1,152.9
LD03368,HM010,F325,D04,2026-08-04 16:00:00,Evening Snack,15,0.405,0.165,0.81,2.25,12.105,F325,2.7,1.1,5.4,15.0,0.405,0.165,2.25,12.105
LD03369,HM010,F495,D04,2026-08-04 18:30:00,Dinner,35,5.32,22.82,2.345,4.795,245.84,F495,15.2,65.2,6.7,13.7,5.319999999999999,22.82,4.794999999999999,245.84
LD03370,HM010,F301,D04,2026-08-04 18:30:00,Dinner,20,6.52,0.76,0.0,0.0,32.92,F301,32.6,3.8,0.0,0.0,6.5200000000000005,0.76,0.0,32.92
LD03371,HM010,F124,D04,2026-08-04 18:30:00,Dinner,175,4.375,1.75,9.45,24.5,131.25,F124,2.5,1.0,5.4,14.0,4.375,1.75,24.5,131.25
LD03372,HM010,F472,D04,2026-08-04 18:30:00,Dinner,60,4.38,0.78,6.9,43.2,197.34,F472,7.3,1.3,11.5,72.0,4.38,0.78,43.199999999999996,197.34000000000003
LD03373,HM010,F094,D04,2026-08-04 18:30:00,Dinner,30,4.86,9.03,10.32,12.39,150.27,F094,16.2,30.1,34.4,41.3,4.859999999999999,9.03,12.389999999999999,150.26999999999998
LD03374,HM010,F084,D05,2026-08-05 06:30:00,Breakfast,315,24.57,1.89,15.75,61.74,362.25,F084,7.8,0.6,5.0,19.6,24.57,1.89,61.74,362.25
LD03375,HM010,F331,D05,2026-08-05 06:30:00,Breakfast,200,1.0,0.2,2.8,27.6,116.2,F331,0.5,0.1,1.4,13.8,1.0,0.2,27.6,116.2
LD03376,HM010,F270,D05,2026-08-05 06:30:00,Breakfast,80,2.16,0.72,1.44,19.36,92.56,F270,2.7,0.9,1.8,24.2,2.16,0.7200000000000001,19.36,92.56
LD03377,HM010,F019,D05,2026-08-05 09:30:00,Mid snack,60,4.8,2.88,0.18,1.14,49.68,F019,8.0,4.8,0.3,1.9,4.8,2.88,1.14,49.67999999999999
LD03378,HM010,F390,D05,2026-08-05 09:30:00,Mid snack,490,15.68,1.47,4.9,16.66,142.59,F390,3.2,0.3,1.0,3.4,15.680000000000001,1.47,16.66,142.59
LD03379,HM010,F111,D05,2026-08-05 09:30:00,Mid snack,90,2.16,0.36,2.97,6.39,37.44,F111,2.4,0.4,3.3,7.1,2.16,0.36000000000000004,6.39,37.440000000000005
LD03380,HM010,F240,D05,2026-08-05 13:00:00,Lunch,245,73.99,2.45,0.0,0.0,318.01,F240,30.2,1.0,0.0,0.0,73.99000000000001,2.45,0.0,318.01
LD03381,HM010,F233,D05,2026-08-05 13:00:00,Lunch,495,55.935,0.99,0.0,3.465,246.51,F233,11.3,0.2,0.0,0.7,55.935,0.9900000000000001,3.465,246.51000000000002
LD03382,HM010,F202,D05,2026-08-05 13:00:00,Lunch,65,1.82,0.195,0.26,19.045,85.215,F202,2.8,0.3,0.4,29.3,1.8199999999999998,0.195,19.045,85.215
LD03383,HM010,F301,D05,2026-08-05 13:00:00,Lunch,50,16.3,1.9,0.0,0.0,82.3,F301,32.6,3.8,0.0,0.0,16.3,1.9,0.0,82.3
LD03384,HM010,F473,D05,2026-08-05 16:00:00,Evening Snack,5,0.55,0.25,0.55,3.35,17.85,F473,11.0,5.0,11.0,67.0,0.55,0.25,3.35,17.85
LD03385,HM010,F048,D05,2026-08-05 16:00:00,Evening Snack,480,9.12,0.96,15.36,36.0,189.12,F048,1.9,0.2,3.2,7.5,9.12,0.96,36.0,189.12
LD03386,HM010,F319,D05,2026-08-05 18:30:00,Dinner,500,5.5,1.0,14.0,21.0,115.0,F319,1.1,0.2,2.8,4.2,5.5,1.0,21.0,115.0
LD03387,HM010,F399,D05,2026-08-05 18:30:00,Dinner,20,0.14,0.04,0.18,3.72,15.8,F399,0.7,0.2,0.9,18.6,0.13999999999999999,0.04000000000000001,3.7200000000000006,15.8
LD03388,HM010,F483,D06,2026-08-06 06:30:00,Breakfast,65,4.68,0.65,3.315,13.0,76.57,F483,7.2,1.0,5.1,20.0,4.680000000000001,0.65,13.0,76.57
LD03389,HM010,F201,D06,2026-08-06 06:30:00,Breakfast,390,3.51,2.34,16.77,39.39,192.66,F201,0.9,0.6,4.3,10.1,3.51,2.34,39.39,192.66
LD03390,HM010,F289,D06,2026-08-06 06:30:00,Breakfast,85,3.145,2.975,0.0,4.165,56.015,F289,3.7,3.5,0.0,4.9,3.145,2.975,4.165,56.015
LD03391,HM010,F259,D06,2026-08-06 06:30:00,Breakfast,500,4.5,0.5,12.0,61.5,268.5,F259,0.9,0.1,2.4,12.3,4.5,0.5,61.5,268.5
LD03392,HM010,F119,D06,2026-08-06 06:30:00,Breakfast,500,4.5,1.0,6.0,19.0,103.0,F119,0.9,0.2,1.2,3.8,4.5,1.0,19.0,103.0
LD03393,HM010,F322,D06,2026-08-06 09:30:00,Mid snack,500,6.0,0.5,8.5,49.0,224.5,F322,1.2,0.1,1.7,9.8,6.0,0.5,49.0,224.5
LD03394,HM010,F161,D06,2026-08-06 09:30:00,Mid snack,5,0.815,1.52,1.72,2.085,25.28,F161,16.3,30.4,34.4,41.7,0.8150000000000001,1.52,2.0850000000000004,25.28
LD03395,HM010,F436,D06,2026-08-06 09:30:00,Mid snack,45,11.925,4.995,0.0,0.0,92.655,F436,26.5,11.1,0.0,0.0,11.925,4.995,0.0,92.655
LD03396,HM010,F454,D06,2026-08-06 09:30:00,Mid snack,5,0.045,0.01,0.06,0.2,1.07,F454,0.9,0.2,1.2,4.0,0.045000000000000005,0.010000000000000002,0.2,1.07
LD03397,HM010,F007,D06,2026-08-06 13:00:00,Lunch,45,5.94,2.925,4.545,30.465,171.945,F007,13.2,6.5,10.1,67.7,5.9399999999999995,2.9250000000000003,30.465000000000003,171.945
LD03398,HM010,F343,D06,2026-08-06 13:00:00,Lunch,95,6.84,0.95,0.95,75.335,337.25,F343,7.2,1.0,1.0,79.3,6.84,0.95,75.335,337.25
LD03399,HM010,F111,D06,2026-08-06 13:00:00,Lunch,500,12.0,2.0,16.5,35.5,208.0,F111,2.4,0.4,3.3,7.1,12.0,2.0,35.5,208.0
LD03400,HM010,F064,D06,2026-08-06 16:00:00,Evening Snack,20,0.14,0.04,0.18,3.62,15.4,F064,0.7,0.2,0.9,18.1,0.13999999999999999,0.04000000000000001,3.6200000000000006,15.4
LD03401,HM010,F195,D06,2026-08-06 16:00:00,Evening Snack,65,0.39,0.13,0.26,4.875,22.23,F195,0.6,0.2,0.4,7.5,0.39,0.13,4.875,22.229999999999997
LD03402,HM010,F264,D06,2026-08-06 16:00:00,Evening Snack,305,1.525,0.305,4.27,41.48,174.765,F264,0.5,0.1,1.4,13.6,1.525,0.305,41.48,174.765
LD03403,HM010,F063,D06,2026-08-06 16:00:00,Evening Snack,220,1.1,0.22,3.08,28.82,121.66,F063,0.5,0.1,1.4,13.1,1.1,0.22000000000000003,28.82,121.66000000000001
LD03404,HM010,F178,D06,2026-08-06 16:00:00,Evening Snack,45,1.08,0.18,1.485,3.195,18.72,F178,2.4,0.4,3.3,7.1,1.08,0.18000000000000002,3.195,18.720000000000002
LD03405,HM010,F245,D06,2026-08-06 16:00:00,Evening Snack,5,0.125,0.02,0.165,0.375,2.18,F245,2.5,0.4,3.3,7.5,0.125,0.020000000000000004,0.375,2.18
LD03406,HM010,F095,D06,2026-08-06 18:30:00,Dinner,60,10.74,24.84,16.38,16.98,334.44,F095,17.9,41.4,27.3,28.3,10.739999999999998,24.84,16.98,334.44
LD03407,HM010,F329,D06,2026-08-06 18:30:00,Dinner,390,2.34,0.78,1.56,31.2,141.18,F329,0.6,0.2,0.4,8.0,2.34,0.78,31.2,141.18
LD03408,HM010,F012,D06,2026-08-06 18:30:00,Dinner,10,0.87,0.05,0.64,2.28,13.05,F012,8.7,0.5,6.4,22.8,0.87,0.05,2.2800000000000002,13.049999999999999
LD03409,HM010,F280,D06,2026-08-06 18:30:00,Dinner,185,16.835,0.925,11.84,44.215,252.525,F280,9.1,0.5,6.4,23.9,16.835,0.925,44.214999999999996,252.525
LD03410,HM010,F429,D06,2026-08-06 18:30:00,Dinner,5,0.84,1.565,1.72,2.145,26.025,F429,16.8,31.3,34.4,42.9,0.8400000000000001,1.5650000000000002,2.145,26.025
LD03411,HM010,F049,D06,2026-08-06 18:30:00,Dinner,285,2.85,0.57,8.55,17.1,84.93,F049,1.0,0.2,3.0,6.0,2.85,0.5700000000000001,17.1,84.93
LD03412,HM010,F182,D07,2026-08-07 06:30:00,Breakfast,25,0.475,0.05,0.8,1.85,9.75,F182,1.9,0.2,3.2,7.4,0.475,0.05,1.85,9.75
LD03413,HM010,F284,D07,2026-08-07 06:30:00,Breakfast,210,17.64,3.36,14.7,48.51,294.84,F284,8.4,1.6,7.0,23.1,17.64,3.3600000000000003,48.510000000000005,294.84000000000003
LD03414,HM010,F347,D07,2026-08-07 06:30:00,Breakfast,100,9.0,0.5,6.4,23.5,134.5,F347,9.0,0.5,6.4,23.5,9.0,0.5,23.5,134.5
LD03415,HM010,F305,D07,2026-08-07 06:30:00,Breakfast,145,30.45,7.54,0.0,0.0,189.66,F305,21.0,5.2,0.0,0.0,30.45,7.54,0.0,189.66
LD03416,HM010,F113,D07,2026-08-07 09:30:00,Mid snack,25,0.225,0.05,0.7,2.35,10.75,F113,0.9,0.2,2.8,9.4,0.225,0.05,2.35,10.75
LD03417,HM010,F080,D07,2026-08-07 09:30:00,Mid snack,160,11.04,0.64,12.16,30.08,170.24,F080,6.9,0.4,7.6,18.8,11.040000000000001,0.6400000000000001,30.080000000000002,170.23999999999998
LD03418,HM010,F044,D07,2026-08-07 09:30:00,Mid snack,120,2.88,0.48,3.96,8.64,50.4,F044,2.4,0.4,3.3,7.2,2.88,0.48,8.64,50.4
LD03419,HM010,F445,D07,2026-08-07 13:00:00,Lunch,95,5.795,0.95,7.6,7.79,62.89,F445,6.1,1.0,8.0,8.2,5.794999999999999,0.95,7.789999999999999,62.89
LD03420,HM010,F352,D07,2026-08-07 13:00:00,Lunch,90,7.38,0.54,4.5,18.54,108.54,F352,8.2,0.6,5.0,20.6,7.38,0.54,18.540000000000003,108.53999999999999
LD03421,HM010,F247,D07,2026-08-07 13:00:00,Lunch,500,4.5,1.0,14.0,50.0,227.0,F247,0.9,0.2,2.8,10.0,4.5,1.0,50.0,227.0
LD03422,HM010,F464,D07,2026-08-07 16:00:00,Evening Snack,160,1.28,0.64,2.56,24.48,108.8,F464,0.8,0.4,1.6,15.3,1.2800000000000002,0.6400000000000001,24.480000000000004,108.80000000000001
LD03423,HM010,F266,D07,2026-08-07 16:00:00,Evening Snack,45,0.855,0.09,3.015,35.1,144.63,F266,1.9,0.2,6.7,78.0,0.855,0.09000000000000001,35.1,144.63
LD03424,HM010,F292,D07,2026-08-07 18:30:00,Dinner,85,18.955,44.54,10.625,19.38,554.2,F292,22.3,52.4,12.5,22.8,18.955000000000002,44.54,19.38,554.2
LD03425,HM010,F125,D07,2026-08-07 18:30:00,Dinner,135,1.215,0.135,3.24,15.66,68.715,F125,0.9,0.1,2.4,11.6,1.215,0.135,15.66,68.715
LD03426,HM010,F096,D07,2026-08-07 18:30:00,Dinner,5,0.865,2.435,0.59,1.145,29.955,F096,17.3,48.7,11.8,22.9,0.8650000000000001,2.4350000000000005,1.145,29.955
LD03427,HM010,F382,D07,2026-08-07 18:30:00,Dinner,10,0.16,0.02,0.28,0.99,4.78,F382,1.6,0.2,2.8,9.9,0.16000000000000003,0.020000000000000004,0.9900000000000001,4.779999999999999
LD03428,HM010,F094,D08,2026-08-08 06:30:00,Breakfast,45,7.29,13.545,15.48,18.585,225.405,F094,16.2,30.1,34.4,41.3,7.29,13.545000000000002,18.585,225.405
LD03429,HM010,F235,D08,2026-08-08 06:30:00,Breakfast,135,36.45,15.255,0.0,0.0,283.095,F235,27.0,11.3,0.0,0.0,36.45,15.255000000000003,0.0,283.095
LD03430,HM010,F307,D08,2026-08-08 06:30:00,Breakfast,120,36.6,1.32,0.0,0.0,158.28,F307,30.5,1.1,0.0,0.0,36.6,1.32,0.0,158.28
LD03431,HM010,F263,D08,2026-08-08 06:30:00,Breakfast,215,1.72,0.86,3.44,33.54,148.78,F263,0.8,0.4,1.6,15.6,1.72,0.86,33.54,148.78
LD03432,HM010,F352,D08,2026-08-08 06:30:00,Breakfast,35,2.87,0.21,1.75,7.21,42.21,F352,8.2,0.6,5.0,20.6,2.8699999999999997,0.21,7.21,42.21
LD03433,HM010,F242,D08,2026-08-08 09:30:00,Mid snack,50,9.9,0.8,0.0,0.0,46.8,F242,19.8,1.6,0.0,0.0,9.9,0.8,0.0,46.800000000000004
LD03434,HM010,F086,D08,2026-08-08 09:30:00,Mid snack,75,5.85,3.525,0.225,1.425,60.825,F086,7.8,4.7,0.3,1.9,5.85,3.5250000000000004,1.4249999999999998,60.824999999999996
LD03435,HM010,F218,D08,2026-08-08 09:30:00,Mid snack,60,4.98,0.36,3.0,12.48,73.08,F218,8.3,0.6,5.0,20.8,4.98,0.36,12.48,73.08
LD03436,HM010,F395,D08,2026-08-08 09:30:00,Mid snack,170,3.06,2.04,6.8,32.81,161.84,F395,1.8,1.2,4.0,19.3,3.06,2.04,32.81,161.84000000000003
LD03437,HM010,F272,D08,2026-08-08 13:00:00,Lunch,85,9.86,4.42,9.35,59.84,318.58,F272,11.6,5.2,11.0,70.4,9.86,4.42,59.84,318.58000000000004
LD03438,HM010,F497,D08,2026-08-08 13:00:00,Lunch,30,5.49,12.66,8.19,8.67,170.58,F497,18.3,42.2,27.3,28.9,5.49,12.66,8.67,170.57999999999998
LD03439,HM010,F081,D08,2026-08-08 13:00:00,Lunch,90,6.39,0.9,4.59,17.64,104.22,F081,7.1,1.0,5.1,19.6,6.39,0.9,17.64,104.22
LD03440,HM010,F201,D08,2026-08-08 13:00:00,Lunch,235,2.115,1.41,10.105,23.735,116.09,F201,0.9,0.6,4.3,10.1,2.115,1.41,23.735,116.09
LD03441,HM010,F187,D08,2026-08-08 13:00:00,Lunch,500,3.5,0.5,2.5,18.0,90.5,F187,0.7,0.1,0.5,3.6,3.5,0.5,18.0,90.5
LD03442,HM010,F214,D08,2026-08-08 13:00:00,Lunch,130,9.49,0.52,9.88,26.0,146.64,F214,7.3,0.4,7.6,20.0,9.49,0.52,26.0,146.64000000000001
LD03443,HM010,F381,D08,2026-08-08 16:00:00,Evening Snack,70,0.63,0.14,1.96,6.93,31.5,F381,0.9,0.2,2.8,9.9,0.63,0.13999999999999999,6.93,31.5
LD03444,HM010,F003,D08,2026-08-08 16:00:00,Evening Snack,15,1.095,0.195,1.725,10.8,49.335,F003,7.3,1.3,11.5,72.0,1.095,0.195,10.799999999999999,49.33500000000001
LD03445,HM010,F178,D08,2026-08-08 16:00:00,Evening Snack,500,12.0,2.0,16.5,35.5,208.0,F178,2.4,0.4,3.3,7.1,12.0,2.0,35.5,208.0
LD03446,HM010,F458,D08,2026-08-08 16:00:00,Evening Snack,25,0.275,0.075,0.65,5.825,25.075,F458,1.1,0.3,2.6,23.3,0.275,0.075,5.825,25.075000000000003
LD03447,HM010,F306,D08,2026-08-08 18:30:00,Dinner,5,1.31,0.58,0.0,0.0,10.46,F306,26.2,11.6,0.0,0.0,1.31,0.58,0.0,10.46
LD03448,HM010,F351,D08,2026-08-08 18:30:00,Dinner,5,0.41,0.075,0.35,1.135,6.855,F351,8.2,1.5,7.0,22.7,0.41,0.07500000000000001,1.135,6.8549999999999995
LD03449,HM010,F086,D08,2026-08-08 18:30:00,Dinner,500,39.0,23.5,1.5,9.5,405.5,F086,7.8,4.7,0.3,1.9,39.0,23.5,9.5,405.5
LD03450,HM010,F478,D08,2026-08-08 18:30:00,Dinner,25,3.175,0.275,0.975,18.2,87.975,F478,12.7,1.1,3.9,72.8,3.175,0.275,18.2,87.975
LD03451,HM010,F464,D08,2026-08-08 18:30:00,Dinner,50,0.4,0.2,0.8,7.65,34.0,F464,0.8,0.4,1.6,15.3,0.4,0.2,7.65,34.0
LD03452,HM010,F433,D08,2026-08-08 18:30:00,Dinner,230,29.67,24.84,0.0,2.53,352.36,F433,12.9,10.8,0.0,1.1,29.669999999999998,24.84,2.53,352.36
LD03453,HM010,F474,D09,2026-08-09 06:30:00,Breakfast,10,1.04,0.31,0.66,7.26,35.99,F474,10.4,3.1,6.6,72.6,1.04,0.31000000000000005,7.26,35.99
LD03454,HM010,F265,D09,2026-08-09 06:30:00,Breakfast,280,1.96,0.56,2.52,52.64,223.44,F265,0.7,0.2,0.9,18.8,1.9599999999999997,0.5599999999999999,52.64,223.44
LD03455,HM010,F435,D09,2026-08-09 06:30:00,Breakfast,45,14.22,1.665,0.0,0.0,71.865,F435,31.6,3.7,0.0,0.0,14.22,1.665,0.0,71.86500000000001
LD03456,HM010,F472,D09,2026-08-09 06:30:00,Breakfast,20,1.46,0.26,2.3,14.4,65.78,F472,7.3,1.3,11.5,72.0,1.46,0.26,14.4,65.78
LD03457,HM010,F032,D09,2026-08-09 13:00:00,Lunch,270,29.43,0.54,0.0,1.89,130.14,F032,10.9,0.2,0.0,0.7,29.430000000000003,0.54,1.89,130.14000000000001
LD03458,HM010,F038,D09,2026-08-09 13:00:00,Lunch,40,10.0,4.4,0.0,0.0,79.6,F038,25.0,11.0,0.0,0.0,10.0,4.4,0.0,79.6
LD03459,HM010,F332,D09,2026-08-09 13:00:00,Lunch,150,1.05,0.3,1.35,28.5,120.9,F332,0.7,0.2,0.9,19.0,1.0499999999999998,0.30000000000000004,28.5,120.9
LD03460,HM010,F447,D09,2026-08-09 13:00:00,Lunch,380,6.84,1.52,8.74,19.38,118.56,F447,1.8,0.4,2.3,5.1,6.84,1.52,19.38,118.56
LD03461,HM010,F328,D09,2026-08-09 18:30:00,Dinner,330,5.94,4.29,13.2,64.68,321.09,F328,1.8,1.3,4.0,19.6,5.9399999999999995,4.29,64.68,321.09000000000003
LD03462,HM010,F298,D09,2026-08-09 18:30:00,Dinner,5,1.585,2.58,0.3,0.56,31.8,F298,31.7,51.6,6.0,11.2,1.585,2.58,0.5599999999999999,31.799999999999997
LD03463,HM010,F428,D09,2026-08-09 18:30:00,Dinner,5,0.775,3.325,0.335,0.7,35.825,F428,15.5,66.5,6.7,14.0,0.775,3.325,0.7000000000000001,35.825
LD03464,HM010,F385,D10,2026-08-10 06:30:00,Breakfast,500,3.0,0.5,6.0,17.5,86.5,F385,0.6,0.1,1.2,3.5,3.0,0.5,17.5,86.5
LD03465,HM010,F435,D10,2026-08-10 06:30:00,Breakfast,105,33.18,3.885,0.0,0.0,167.685,F435,31.6,3.7,0.0,0.0,33.18,3.8850000000000002,0.0,167.685
LD03466,HM010,F073,D10,2026-08-10 06:30:00,Breakfast,30,4.02,0.57,3.66,21.33,106.53,F073,13.4,1.9,12.2,71.1,4.02,0.57,21.33,106.52999999999999
LD03467,HM010,F102,D10,2026-08-10 09:30:00,Mid snack,35,8.575,5.845,0.0,0.0,86.905,F102,24.5,16.7,0.0,0.0,8.575,5.845,0.0,86.905
LD03468,HM010,F295,D10,2026-08-10 09:30:00,Mid snack,15,2.595,4.83,5.16,6.63,80.37,F295,17.3,32.2,34.4,44.2,2.595,4.83,6.63,80.37
LD03469,HM010,F431,D10,2026-08-10 09:30:00,Mid snack,5,0.905,2.535,0.59,1.195,31.215,F431,18.1,50.7,11.8,23.9,0.9050000000000001,2.535,1.195,31.215000000000003
LD03470,HM010,F017,D10,2026-08-10 09:30:00,Mid snack,115,9.2,0.69,5.75,23.0,135.01,F017,8.0,0.6,5.0,20.0,9.2,0.69,23.0,135.01000000000002
LD03471,HM010,F094,D10,2026-08-10 13:00:00,Lunch,10,1.62,3.01,3.44,4.13,50.09,F094,16.2,30.1,34.4,41.3,1.62,3.0100000000000002,4.13,50.089999999999996
LD03472,HM010,F166,D10,2026-08-10 13:00:00,Lunch,500,54.0,1.0,0.0,3.5,239.0,F166,10.8,0.2,0.0,0.7,54.0,1.0,3.5,239.0
LD03473,HM010,F144,D10,2026-08-10 13:00:00,Lunch,170,7.48,3.23,4.76,35.87,202.47,F144,4.4,1.9,2.8,21.1,7.48,3.23,35.870000000000005,202.46999999999997
LD03474,HM010,F383,D10,2026-08-10 13:00:00,Lunch,415,8.3,0.83,13.28,31.955,168.49,F383,2.0,0.2,3.2,7.7,8.3,0.8300000000000001,31.955000000000002,168.48999999999998
LD03475,HM010,F447,D10,2026-08-10 16:00:00,Evening Snack,430,7.74,1.72,9.89,21.93,134.16,F447,1.8,0.4,2.3,5.1,7.74,1.72,21.929999999999996,134.16
LD03476,HM010,F407,D10,2026-08-10 16:00:00,Evening Snack,20,2.12,0.64,1.32,14.82,73.52,F407,10.6,3.2,6.6,74.1,2.12,0.6400000000000001,14.82,73.52000000000001
LD03477,HM010,F135,D10,2026-08-10 16:00:00,Evening Snack,110,2.97,0.33,0.44,30.69,137.61,F135,2.7,0.3,0.4,27.9,2.9700000000000006,0.33,30.69,137.61
LD03478,HM010,F164,D10,2026-08-10 18:30:00,Dinner,45,13.455,21.87,2.7,4.77,269.73,F164,29.9,48.6,6.0,10.6,13.455,21.87,4.77,269.73
LD03479,HM010,F051,D10,2026-08-10 18:30:00,Dinner,390,3.9,0.78,10.92,15.6,85.02,F051,1.0,0.2,2.8,4.0,3.9,0.78,15.6,85.02
LD03480,HM010,F116,D10,2026-08-10 18:30:00,Dinner,140,1.4,0.28,4.2,8.26,41.16,F116,1.0,0.2,3.0,5.9,1.4,0.27999999999999997,8.26,41.160000000000004
LD03481,HM010,F014,D10,2026-08-10 18:30:00,Dinner,245,17.64,2.45,12.495,49.0,288.61,F014,7.2,1.0,5.1,20.0,17.64,2.45,49.0,288.61
LD03482,HM010,F332,D10,2026-08-10 18:30:00,Dinner,125,0.875,0.25,1.125,23.75,100.75,F332,0.7,0.2,0.9,19.0,0.875,0.25,23.75,100.75
LD03483,HM010,F255,D10,2026-08-10 18:30:00,Dinner,215,2.365,0.215,3.655,20.855,94.815,F255,1.1,0.1,1.7,9.7,2.365,0.215,20.854999999999997,94.815
LD03484,HM010,F066,D11,2026-08-11 06:30:00,Breakfast,120,3.72,0.6,4.44,95.04,400.44,F066,3.1,0.5,3.7,79.2,3.7199999999999998,0.6,95.04,400.44
LD03485,HM010,F283,D11,2026-08-11 06:30:00,Breakfast,165,15.675,0.66,13.035,34.65,207.24,F283,9.5,0.4,7.9,21.0,15.674999999999999,0.66,34.65,207.24
LD03486,HM010,F329,D11,2026-08-11 06:30:00,Breakfast,65,0.39,0.13,0.26,5.2,23.53,F329,0.6,0.2,0.4,8.0,0.39,0.13,5.2,23.53
LD03487,HM010,F311,D11,2026-08-11 06:30:00,Breakfast,155,9.765,1.705,12.4,13.02,106.485,F311,6.3,1.1,8.0,8.4,9.765,1.7050000000000003,13.020000000000001,106.485
LD03488,HM010,F006,D11,2026-08-11 06:30:00,Breakfast,45,6.165,0.855,5.49,32.67,163.035,F006,13.7,1.9,12.2,72.6,6.165,0.855,32.67,163.035
LD03489,HM010,F216,D11,2026-08-11 09:30:00,Mid snack,65,6.11,0.26,5.135,13.52,80.86,F216,9.4,0.4,7.9,20.8,6.11,0.26,13.520000000000001,80.86
LD03490,HM010,F118,D11,2026-08-11 09:30:00,Mid snack,325,3.25,0.65,9.1,12.675,69.55,F118,1.0,0.2,2.8,3.9,3.25,0.65,12.674999999999999,69.55
LD03491,HM010,F153,D11,2026-08-11 09:30:00,Mid snack,240,18.96,11.52,0.72,4.56,197.76,F153,7.9,4.8,0.3,1.9,18.96,11.52,4.56,197.76
LD03492,HM010,F060,D11,2026-08-11 09:30:00,Mid snack,5,0.085,0.06,0.2,0.935,4.62,F060,1.7,1.2,4.0,18.7,0.085,0.06,0.935,4.62
LD03493,HM010,F236,D11,2026-08-11 13:00:00,Lunch,70,18.2,12.39,0.0,0.0,184.31,F236,26.0,17.7,0.0,0.0,18.2,12.389999999999999,0.0,184.31
LD03494,HM010,F220,D11,2026-08-11 13:00:00,Lunch,100,8.3,5.0,0.3,2.0,86.2,F220,8.3,5.0,0.3,2.0,8.3,5.0,2.0,86.2
LD03495,HM010,F023,D11,2026-08-11 13:00:00,Lunch,50,12.9,24.6,4.25,8.05,305.2,F023,25.8,49.2,8.5,16.1,12.9,24.6,8.05,305.20000000000005
LD03496,HM010,F126,D11,2026-08-11 13:00:00,Lunch,500,2.5,1.5,8.5,48.0,215.5,F126,0.5,0.3,1.7,9.6,2.5,1.5,48.0,215.5
LD03497,HM010,F181,D11,2026-08-11 13:00:00,Lunch,5,0.08,0.01,0.14,0.475,2.31,F181,1.6,0.2,2.8,9.5,0.08000000000000002,0.010000000000000002,0.47500000000000003,2.3099999999999996
LD03498,HM010,F091,D11,2026-08-11 16:00:00,Evening Snack,25,5.2,12.225,3.125,5.325,152.125,F091,20.8,48.9,12.5,21.3,5.2,12.225,5.325,152.125
LD03499,HM010,F258,D11,2026-08-11 16:00:00,Evening Snack,80,2.16,0.8,4.32,11.92,63.52,F258,2.7,1.0,5.4,14.9,2.16,0.8,11.920000000000002,63.52
LD03500,HM010,F269,D11,2026-08-11 16:00:00,Evening Snack,55,1.54,0.165,0.22,16.28,72.765,F269,2.8,0.3,0.4,29.6,1.54,0.165,16.28,72.765
LD03501,HM010,F342,D11,2026-08-11 16:00:00,Evening Snack,10,1.36,0.67,1.01,6.97,39.35,F342,13.6,6.7,10.1,69.7,1.36,0.67,6.970000000000001,39.35
LD03502,HM010,F380,D11,2026-08-11 16:00:00,Evening Snack,85,1.615,0.34,1.955,4.42,27.2,F380,1.9,0.4,2.3,5.2,1.615,0.34,4.42,27.2
LD03503,HM010,F314,D11,2026-08-11 18:30:00,Dinner,235,2.115,0.47,6.58,23.735,107.63,F314,0.9,0.2,2.8,10.1,2.115,0.47000000000000003,23.735,107.63000000000001
LD03504,HM010,F408,D11,2026-08-11 18:30:00,Dinner,20,2.8,0.38,2.44,14.82,73.9,F408,14.0,1.9,12.2,74.1,2.8000000000000003,0.38,14.82,73.9
LD03505,HM010,F496,D11,2026-08-11 18:30:00,Dinner,35,5.775,10.745,12.04,14.735,178.745,F496,16.5,30.7,34.4,42.1,5.7749999999999995,10.745,14.735,178.745
LD03506,HM010,F085,D11,2026-08-11 18:30:00,Dinner,170,27.71,14.96,10.2,16.49,311.44,F085,16.3,8.8,6.0,9.7,27.71,14.96,16.49,311.44000000000005
LD03507,HM010,F196,D11,2026-08-11 18:30:00,Dinner,165,1.32,0.66,2.64,24.42,108.9,F196,0.8,0.4,1.6,14.8,1.32,0.66,24.419999999999998,108.9
LD03508,HM010,F070,D11,2026-08-11 18:30:00,Dinner,35,2.52,0.455,4.025,24.71,113.015,F070,7.2,1.3,11.5,70.6,2.52,0.45499999999999996,24.709999999999997,113.015
LD03509,HM010,F372,D12,2026-08-12 06:30:00,Breakfast,150,30.9,7.8,0.0,0.0,193.8,F372,20.6,5.2,0.0,0.0,30.900000000000002,7.800000000000001,0.0,193.8
LD03510,HM010,F147,D12,2026-08-12 06:30:00,Breakfast,5,0.345,0.02,0.38,0.95,5.36,F147,6.9,0.4,7.6,19.0,0.34500000000000003,0.020000000000000004,0.9500000000000001,5.359999999999999
LD03511,HM010,F259,D12,2026-08-12 06:30:00,Breakfast,500,4.5,0.5,12.0,61.5,268.5,F259,0.9,0.1,2.4,12.3,4.5,0.5,61.5,268.5
LD03512,HM010,F423,D12,2026-08-12 09:30:00,Mid snack,85,3.06,2.89,0.0,4.08,54.57,F423,3.6,3.4,0.0,4.8,3.06,2.8899999999999997,4.08,54.57000000000001
LD03513,HM010,F454,D12,2026-08-12 09:30:00,Mid snack,500,4.5,1.0,6.0,20.0,107.0,F454,0.9,0.2,1.2,4.0,4.5,1.0,20.0,107.0
LD03514,HM010,F445,D12,2026-08-12 09:30:00,Mid snack,5,0.305,0.05,0.4,0.41,3.31,F445,6.1,1.0,8.0,8.2,0.305,0.05,0.41,3.31
LD03515,HM010,F030,D12,2026-08-12 09:30:00,Mid snack,5,1.51,2.455,0.3,0.535,30.275,F030,30.2,49.1,6.0,10.7,1.51,2.455,0.535,30.275
LD03516,HM010,F021,D12,2026-08-12 13:00:00,Lunch,340,11.9,11.22,0.0,15.98,212.5,F021,3.5,3.3,0.0,4.7,11.9,11.219999999999999,15.98,212.5
LD03517,HM010,F050,D12,2026-08-12 13:00:00,Lunch,125,0.75,0.125,1.5,4.25,21.125,F050,0.6,0.1,1.2,3.4,0.75,0.125,4.25,21.125
LD03518,HM010,F365,D12,2026-08-12 13:00:00,Lunch,80,24.88,40.48,4.8,8.8,499.04,F365,31.1,50.6,6.0,11.0,24.880000000000003,40.480000000000004,8.8,499.03999999999996
LD03519,HM010,F343,D12,2026-08-12 16:00:00,Evening Snack,70,5.04,0.7,0.7,55.51,248.5,F343,7.2,1.0,1.0,79.3,5.04,0.7,55.51,248.5
LD03520,HM010,F061,D12,2026-08-12 16:00:00,Evening Snack,5,0.03,0.01,0.02,0.38,1.73,F061,0.6,0.2,0.4,7.6,0.03,0.010000000000000002,0.38,1.7300000000000002
LD03521,HM010,F478,D12,2026-08-12 18:30:00,Dinner,100,12.7,1.1,3.9,72.8,351.9,F478,12.7,1.1,3.9,72.8,12.7,1.1,72.8,351.9
LD03522,HM010,F363,D12,2026-08-12 18:30:00,Dinner,10,1.88,4.35,2.73,2.98,58.59,F363,18.8,43.5,27.3,29.8,1.8800000000000001,4.3500000000000005,2.9800000000000004,58.589999999999996
LD03523,HM010,F251,D12,2026-08-12 18:30:00,Dinner,500,3.0,0.5,6.0,17.5,86.5,F251,0.6,0.1,1.2,3.5,3.0,0.5,17.5,86.5
LD03524,HM010,F152,D13,2026-08-13 06:30:00,Breakfast,135,22.14,12.015,8.1,13.23,249.615,F152,16.4,8.9,6.0,9.8,22.14,12.015,13.230000000000002,249.615
LD03525,HM010,F084,D13,2026-08-13 06:30:00,Breakfast,175,13.65,1.05,8.75,34.3,201.25,F084,7.8,0.6,5.0,19.6,13.65,1.05,34.300000000000004,201.24999999999997
LD03526,HM010,F055,D13,2026-08-13 06:30:00,Breakfast,500,15.5,1.5,5.0,16.5,141.5,F055,3.1,0.3,1.0,3.3,15.5,1.5,16.5,141.5
LD03527,HM010,F117,D13,2026-08-13 06:30:00,Breakfast,500,3.0,0.5,6.0,16.5,82.5,F117,0.6,0.1,1.2,3.3,3.0,0.5,16.5,82.5
LD03528,HM010,F187,D13,2026-08-13 09:30:00,Mid snack,165,1.155,0.165,0.825,5.94,29.865,F187,0.7,0.1,0.5,3.6,1.1549999999999998,0.165,5.9399999999999995,29.865000000000002
LD03529,HM010,F077,D13,2026-08-13 09:30:00,Mid snack,180,7.74,3.42,5.04,37.62,212.22,F077,4.3,1.9,2.8,20.9,7.74,3.42,37.62,212.22
LD03530,HM010,F308,D13,2026-08-13 09:30:00,Mid snack,80,20.16,0.88,0.0,0.0,88.56,F308,25.2,1.1,0.0,0.0,20.16,0.8800000000000001,0.0,88.56
LD03531,HM010,F418,D13,2026-08-13 09:30:00,Mid snack,15,1.23,0.225,1.05,3.36,20.385,F418,8.2,1.5,7.0,22.4,1.2299999999999998,0.22499999999999998,3.36,20.384999999999998
LD03532,HM010,F388,D13,2026-08-13 13:00:00,Lunch,500,3.5,0.5,2.5,18.5,92.5,F388,0.7,0.1,0.5,3.7,3.5,0.5,18.5,92.5
LD03533,HM010,F232,D13,2026-08-13 13:00:00,Lunch,80,10.48,8.8,0.0,0.88,124.64,F232,13.1,11.0,0.0,1.1,10.48,8.8,0.8800000000000001,124.64000000000001
LD03534,HM010,F190,D13,2026-08-13 13:00:00,Lunch,115,1.265,0.345,2.99,25.99,112.125,F190,1.1,0.3,2.6,22.6,1.265,0.345,25.99,112.125
LD03535,HM010,F200,D13,2026-08-13 13:00:00,Lunch,25,0.775,0.125,0.925,19.6,82.625,F200,3.1,0.5,3.7,78.4,0.775,0.125,19.6,82.625
LD03536,HM010,F133,D13,2026-08-13 13:00:00,Lunch,45,1.35,0.225,1.665,34.92,147.105,F133,3.0,0.5,3.7,77.6,1.35,0.225,34.92,147.10500000000002
LD03537,HM010,F240,D13,2026-08-13 13:00:00,Lunch,135,40.77,1.35,0.0,0.0,175.23,F240,30.2,1.0,0.0,0.0,40.77,1.35,0.0,175.23000000000002
LD03538,HM010,F459,D13,2026-08-13 16:00:00,Evening Snack,135,3.645,1.35,7.29,19.71,105.57,F459,2.7,1.0,5.4,14.6,3.6450000000000005,1.35,19.71,105.57000000000001
LD03539,HM010,F425,D13,2026-08-13 16:00:00,Evening Snack,10,2.63,5.02,0.85,1.64,62.26,F425,26.3,50.2,8.5,16.4,2.6300000000000003,5.0200000000000005,1.64,62.25999999999999
LD03540,HM010,F471,D13,2026-08-13 16:00:00,Evening Snack,15,0.39,0.135,0.27,3.45,16.575,F471,2.6,0.9,1.8,23.0,0.39,0.135,3.4499999999999997,16.575000000000003
LD03541,HM010,F329,D13,2026-08-13 16:00:00,Evening Snack,170,1.02,0.34,0.68,13.6,61.54,F329,0.6,0.2,0.4,8.0,1.02,0.34,13.6,61.54
LD03542,HM010,F339,D13,2026-08-13 16:00:00,Evening Snack,15,1.695,0.78,1.65,10.35,55.2,F339,11.3,5.2,11.0,69.0,1.695,0.78,10.35,55.2
LD03543,HM010,F465,D13,2026-08-13 16:00:00,Evening Snack,95,0.475,0.095,1.33,12.73,53.675,F465,0.5,0.1,1.4,13.4,0.475,0.095,12.73,53.675
LD03544,HM010,F178,D13,2026-08-13 18:30:00,Dinner,245,5.88,0.98,8.085,17.395,101.92,F178,2.4,0.4,3.3,7.1,5.88,0.9800000000000001,17.395,101.91999999999999
LD03545,HM010,F465,D13,2026-08-13 18:30:00,Dinner,425,2.125,0.425,5.95,56.95,240.125,F465,0.5,0.1,1.4,13.4,2.125,0.42500000000000004,56.95,240.125
LD03546,HM010,F290,D13,2026-08-13 18:30:00,Dinner,500,17.0,17.5,0.0,25.0,325.5,F290,3.4,3.5,0.0,5.0,17.0,17.5,25.0,325.5
LD03547,HM010,F447,D14,2026-08-14 06:30:00,Breakfast,500,9.0,2.0,11.5,25.5,156.0,F447,1.8,0.4,2.3,5.1,9.0,2.0,25.5,156.0
LD03548,HM010,F231,D14,2026-08-14 06:30:00,Breakfast,20,6.28,10.22,1.2,2.22,125.98,F231,31.4,51.1,6.0,11.1,6.28,10.22,2.22,125.98
LD03549,HM010,F210,D14,2026-08-14 06:30:00,Breakfast,80,10.56,0.88,3.12,60.56,292.4,F210,13.2,1.1,3.9,75.7,10.56,0.8800000000000001,60.56,292.40000000000003
LD03550,HM010,F265,D14,2026-08-14 06:30:00,Breakfast,60,0.42,0.12,0.54,11.28,47.88,F265,0.7,0.2,0.9,18.8,0.42,0.12,11.28,47.879999999999995
LD03551,HM010,F122,D14,2026-08-14 09:30:00,Mid snack,255,7.65,0.765,2.55,8.16,70.125,F122,3.0,0.3,1.0,3.2,7.6499999999999995,0.7649999999999999,8.16,70.125
LD03552,HM010,F030,D14,2026-08-14 09:30:00,Mid snack,30,9.06,14.73,1.8,3.21,181.65,F030,30.2,49.1,6.0,10.7,9.059999999999999,14.73,3.2099999999999995,181.64999999999998
LD03553,HM010,F018,D14,2026-08-14 09:30:00,Mid snack,10,1.66,0.9,0.6,0.99,18.7,F018,16.6,9.0,6.0,9.9,1.6600000000000001,0.9,0.9900000000000001,18.7
LD03554,HM010,F237,D14,2026-08-14 13:00:00,Lunch,90,20.61,5.58,0.0,0.0,132.66,F237,22.9,6.2,0.0,0.0,20.61,5.58,0.0,132.66
LD03555,HM010,F076,D14,2026-08-14 13:00:00,Lunch,35,4.34,0.385,1.365,24.955,120.645,F076,12.4,1.1,3.9,71.3,4.34,0.385,24.955,120.645
LD03556,HM010,F293,D14,2026-08-14 13:00:00,Lunch,10,1.91,4.6,0.33,3.17,61.72,F293,19.1,46.0,3.3,31.7,1.9100000000000001,4.6000000000000005,3.17,61.72
LD03557,HM010,F029,D14,2026-08-14 13:00:00,Lunch,75,13.275,37.275,8.85,17.55,458.775,F029,17.7,49.7,11.8,23.4,13.274999999999999,37.275000000000006,17.549999999999997,458.775
LD03558,HM010,F243,D14,2026-08-14 16:00:00,Evening Snack,130,4.03,0.39,3.12,5.2,40.43,F243,3.1,0.3,2.4,4.0,4.03,0.39,5.2,40.43
LD03559,HM010,F172,D14,2026-08-14 16:00:00,Evening Snack,115,28.52,12.535,0.0,0.0,226.895,F172,24.8,10.9,0.0,0.0,28.52,12.535,0.0,226.89499999999998
LD03560,HM010,F345,D14,2026-08-14 18:30:00,Dinner,95,4.275,1.9,2.66,20.805,117.42,F345,4.5,2.0,2.8,21.9,4.2749999999999995,1.9,20.804999999999996,117.41999999999999
LD03561,HM010,F442,D14,2026-08-14 18:30:00,Dinner,310,75.95,3.1,0.0,0.0,331.7,F442,24.5,1.0,0.0,0.0,75.95,3.1,0.0,331.7
LD03562,HM010,F089,D14,2026-08-14 18:30:00,Dinner,365,11.315,11.68,0.0,17.155,219.0,F089,3.1,3.2,0.0,4.7,11.315,11.68,17.155,219.0
LD03563,HM010,F268,D15,2026-08-15 06:30:00,Breakfast,255,2.295,1.53,10.965,27.03,131.07,F268,0.9,0.6,4.3,10.6,2.295,1.5299999999999998,27.029999999999998,131.07000000000002
LD03564,HM010,F275,D15,2026-08-15 06:30:00,Breakfast,35,4.865,2.38,3.535,24.885,140.42,F275,13.9,6.8,10.1,71.1,4.865,2.38,24.884999999999998,140.42
LD03565,HM010,F357,D15,2026-08-15 06:30:00,Breakfast,230,7.59,7.82,0.0,11.27,145.82,F357,3.3,3.4,0.0,4.9,7.589999999999999,7.819999999999999,11.27,145.82
LD03566,HM010,F054,D15,2026-08-15 06:30:00,Breakfast,500,5.5,0.5,8.5,46.5,212.5,F054,1.1,0.1,1.7,9.3,5.5,0.5,46.5,212.5
LD03567,HM010,F179,D15,2026-08-15 09:30:00,Mid snack,40,0.72,0.16,0.92,2.0,12.32,F179,1.8,0.4,2.3,5.0,0.7200000000000001,0.16000000000000003,2.0,12.319999999999999
LD03568,HM010,F481,D15,2026-08-15 09:30:00,Mid snack,20,1.74,0.1,1.28,4.56,26.1,F481,8.7,0.5,6.4,22.8,1.74,0.1,4.5600000000000005,26.099999999999998
LD03569,HM010,F092,D15,2026-08-15 09:30:00,Mid snack,5,0.89,2.145,0.165,1.48,28.785,F092,17.8,42.9,3.3,29.6,0.8900000000000001,2.145,1.4800000000000002,28.785
LD03570,HM010,F168,D15,2026-08-15 09:30:00,Mid snack,85,21.845,9.18,0.0,0.0,170.0,F168,25.7,10.8,0.0,0.0,21.845,9.18,0.0,170.0
LD03571,HM010,F150,D15,2026-08-15 09:30:00,Mid snack,80,6.32,1.2,5.6,17.44,105.84,F150,7.9,1.5,7.0,21.8,6.32,1.2000000000000002,17.44,105.84
LD03572,HM010,F067,D15,2026-08-15 13:00:00,Lunch,10,0.09,0.06,0.43,1.02,4.98,F067,0.9,0.6,4.3,10.2,0.09000000000000001,0.06,1.02,4.98
LD03573,HM010,F198,D15,2026-08-15 13:00:00,Lunch,370,2.59,0.74,3.33,66.23,281.94,F198,0.7,0.2,0.9,17.9,2.59,0.7400000000000001,66.23,281.94000000000005
LD03574,HM010,F454,D15,2026-08-15 13:00:00,Lunch,500,4.5,1.0,6.0,20.0,107.0,F454,0.9,0.2,1.2,4.0,4.5,1.0,20.0,107.0
LD03575,HM010,F340,D15,2026-08-15 13:00:00,Lunch,30,3.21,0.96,1.98,22.44,111.24,F340,10.7,3.2,6.6,74.8,3.2099999999999995,0.96,22.439999999999998,111.24000000000001
LD03576,HM010,F185,D15,2026-08-15 13:00:00,Lunch,500,5.0,1.0,14.0,20.0,109.0,F185,1.0,0.2,2.8,4.0,5.0,1.0,20.0,109.0
LD03577,HM010,F328,D15,2026-08-15 16:00:00,Evening Snack,95,1.71,1.235,3.8,18.62,92.435,F328,1.8,1.3,4.0,19.6,1.71,1.2349999999999999,18.62,92.435
LD03578,HM010,F159,D15,2026-08-15 16:00:00,Evening Snack,40,7.2,17.36,1.32,11.96,232.88,F159,18.0,43.4,3.3,29.9,7.2,17.36,11.96,232.88
LD03579,HM010,F360,D15,2026-08-15 16:00:00,Evening Snack,10,1.87,4.51,0.33,3.11,60.51,F360,18.7,45.1,3.3,31.1,1.87,4.510000000000001,3.1100000000000003,60.51
LD03580,HM010,F356,D15,2026-08-15 18:30:00,Dinner,135,4.86,4.59,0.0,6.48,86.67,F356,3.6,3.4,0.0,4.8,4.86,4.59,6.48,86.67
LD03581,HM010,F090,D15,2026-08-15 18:30:00,Dinner,60,15.18,28.92,5.1,9.48,358.92,F090,25.3,48.2,8.5,15.8,15.18,28.92,9.48,358.92
LD03582,HM010,F056,D15,2026-08-15 18:30:00,Dinner,35,0.385,0.105,0.91,7.98,34.405,F056,1.1,0.3,2.6,22.8,0.385,0.105,7.9799999999999995,34.405
LD03583,HM010,F265,D15,2026-08-15 18:30:00,Dinner,30,0.21,0.06,0.27,5.64,23.94,F265,0.7,0.2,0.9,18.8,0.21,0.06,5.64,23.939999999999998
LD03584,HM010,F113,D15,2026-08-15 18:30:00,Dinner,420,3.78,0.84,11.76,39.48,180.6,F113,0.9,0.2,2.8,9.4,3.7800000000000002,0.8400000000000001,39.480000000000004,180.6
LD03585,HM010,F293,D15,2026-08-15 18:30:00,Dinner,35,6.685,16.1,1.155,11.095,216.02,F293,19.1,46.0,3.3,31.7,6.6850000000000005,16.099999999999998,11.094999999999999,216.02
LD03586,HM010,F220,D16,2026-08-16 06:30:00,Breakfast,500,41.5,25.0,1.5,10.0,431.0,F220,8.3,5.0,0.3,2.0,41.5,25.0,10.0,431.0
LD03587,HM010,F484,D16,2026-08-16 06:30:00,Breakfast,60,5.4,0.24,4.74,12.0,71.76,F484,9.0,0.4,7.9,20.0,5.3999999999999995,0.24,12.0,71.75999999999999
LD03588,HM010,F075,D16,2026-08-16 06:30:00,Breakfast,10,0.69,0.1,0.1,7.55,33.86,F075,6.9,1.0,1.0,75.5,0.6900000000000001,0.1,7.550000000000001,33.86
LD03589,HM010,F350,D16,2026-08-16 06:30:00,Breakfast,5,0.465,0.02,0.395,1.03,6.16,F350,9.3,0.4,7.9,20.6,0.4650000000000001,0.020000000000000004,1.03,6.16
LD03590,HM010,F452,D16,2026-08-16 06:30:00,Breakfast,500,3.0,0.5,6.0,17.5,86.5,F452,0.6,0.1,1.2,3.5,3.0,0.5,17.5,86.5
LD03591,HM010,F453,D16,2026-08-16 09:30:00,Mid snack,65,0.65,0.13,1.82,2.665,14.43,F453,1.0,0.2,2.8,4.1,0.65,0.13,2.665,14.43
LD03592,HM010,F180,D16,2026-08-16 09:30:00,Mid snack,20,0.18,0.04,0.56,1.9,8.68,F180,0.9,0.2,2.8,9.5,0.18000000000000002,0.04000000000000001,1.9000000000000001,8.68
LD03593,HM010,F194,D16,2026-08-16 09:30:00,Mid snack,75,1.275,0.9,3.0,13.875,68.7,F194,1.7,1.2,4.0,18.5,1.275,0.8999999999999999,13.875,68.7
LD03594,HM010,F184,D16,2026-08-16 09:30:00,Mid snack,45,0.27,0.045,0.54,1.53,7.605,F184,0.6,0.1,1.2,3.4,0.27,0.045000000000000005,1.53,7.605
LD03595,HM010,F355,D16,2026-08-16 09:30:00,Mid snack,55,10.34,11.77,0.0,1.43,153.01,F355,18.8,21.4,0.0,2.6,10.340000000000002,11.77,1.4300000000000002,153.01
LD03596,HM010,F314,D16,2026-08-16 09:30:00,Mid snack,115,1.035,0.23,3.22,11.615,52.67,F314,0.9,0.2,2.8,10.1,1.035,0.22999999999999998,11.614999999999998,52.67
LD03597,HM010,F043,D16,2026-08-16 13:00:00,Lunch,135,8.1,1.35,10.8,10.8,87.75,F043,6.0,1.0,8.0,8.0,8.100000000000001,1.35,10.8,87.75
LD03598,HM010,F428,D16,2026-08-16 13:00:00,Lunch,95,14.725,63.175,6.365,13.3,680.675,F428,15.5,66.5,6.7,14.0,14.725,63.175,13.299999999999999,680.675
LD03599,HM010,F104,D16,2026-08-16 13:00:00,Lunch,160,31.36,7.84,0.0,0.0,196.0,F104,19.6,4.9,0.0,0.0,31.360000000000003,7.840000000000001,0.0,196.0
LD03600,HM010,F073,D16,2026-08-16 16:00:00,Evening Snack,35,4.69,0.665,4.27,24.885,124.285,F073,13.4,1.9,12.2,71.1,4.6899999999999995,0.6649999999999999,24.884999999999998,124.28500000000001
LD03601,HM010,F253,D16,2026-08-16 16:00:00,Evening Snack,75,0.675,0.15,0.9,3.075,16.35,F253,0.9,0.2,1.2,4.1,0.675,0.15000000000000002,3.0749999999999997,16.35
LD03602,HM010,F274,D16,2026-08-16 16:00:00,Evening Snack,45,6.48,0.9,5.49,34.29,171.18,F274,14.4,2.0,12.2,76.2,6.48,0.9,34.29,171.17999999999998
LD03603,HM010,F128,D16,2026-08-16 18:30:00,Dinner,500,3.0,1.0,2.0,37.0,169.0,F128,0.6,0.2,0.4,7.4,3.0,1.0,37.0,169.0
LD03604,HM010,F410,D16,2026-08-16 18:30:00,Dinner,70,4.97,0.7,0.7,54.95,245.98,F410,7.1,1.0,1.0,78.5,4.97,0.7,54.949999999999996,245.98000000000002
LD03605,HM010,F011,D16,2026-08-16 18:30:00,Dinner,105,9.345,2.73,7.98,28.77,177.03,F011,8.9,2.6,7.6,27.4,9.345,2.7300000000000004,28.77,177.03
LD03606,HM010,F424,D17,2026-08-17 06:30:00,Breakfast,330,10.89,11.22,0.0,16.17,209.22,F424,3.3,3.4,0.0,4.9,10.889999999999999,11.219999999999999,16.17,209.22000000000003
LD03607,HM010,F223,D17,2026-08-17 06:30:00,Breakfast,260,8.58,8.84,0.0,13.0,165.88,F223,3.3,3.4,0.0,5.0,8.58,8.84,13.0,165.88
LD03608,HM010,F136,D17,2026-08-17 06:30:00,Breakfast,75,1.95,0.675,1.35,17.1,82.275,F136,2.6,0.9,1.8,22.8,1.9500000000000002,0.675,17.1,82.275
LD03609,HM010,F033,D17,2026-08-17 13:00:00,Lunch,265,82.15,9.54,0.0,0.0,414.46,F033,31.0,3.6,0.0,0.0,82.14999999999999,9.54,0.0,414.46000000000004
LD03610,HM010,F424,D17,2026-08-17 13:00:00,Lunch,220,7.26,7.48,0.0,10.78,139.48,F424,3.3,3.4,0.0,4.9,7.26,7.48,10.780000000000001,139.48000000000002
LD03611,HM010,F268,D17,2026-08-17 18:30:00,Dinner,500,4.5,3.0,21.5,53.0,257.0,F268,0.9,0.6,4.3,10.6,4.5,3.0,53.0,257.0
LD03612,HM010,F432,D17,2026-08-17 18:30:00,Dinner,10,3.08,5.01,0.6,1.09,61.77,F432,30.8,50.1,6.0,10.9,3.08,5.010000000000001,1.09,61.769999999999996
LD03613,HM010,F317,D18,2026-08-18 06:30:00,Breakfast,500,5.5,1.0,15.0,31.5,157.0,F317,1.1,0.2,3.0,6.3,5.5,1.0,31.5,157.0
LD03614,HM010,F277,D18,2026-08-18 06:30:00,Breakfast,50,6.65,0.6,1.95,38.2,184.8,F277,13.3,1.2,3.9,76.4,6.65,0.6,38.2,184.8
LD03615,HM010,F171,D18,2026-08-18 06:30:00,Breakfast,80,15.84,4.0,0.0,0.0,99.36,F171,19.8,5.0,0.0,0.0,15.840000000000002,4.0,0.0,99.36
LD03616,HM010,F417,D18,2026-08-18 06:30:00,Breakfast,50,4.6,0.2,3.95,10.2,61.0,F417,9.2,0.4,7.9,20.4,4.6,0.2,10.2,60.99999999999999
LD03617,HM010,F095,D18,2026-08-18 09:30:00,Mid snack,20,3.58,8.28,5.46,5.66,111.48,F095,17.9,41.4,27.3,28.3,3.58,8.28,5.66,111.47999999999999
LD03618,HM010,F027,D18,2026-08-18 09:30:00,Mid snack,5,0.825,1.535,1.72,2.105,25.535,F027,16.5,30.7,34.4,42.1,0.8250000000000001,1.5350000000000001,2.105,25.534999999999997
LD03619,HM010,F238,D18,2026-08-18 09:30:00,Mid snack,75,15.6,3.9,0.0,0.0,97.5,F238,20.8,5.2,0.0,0.0,15.600000000000001,3.9000000000000004,0.0,97.5
LD03620,HM010,F479,D18,2026-08-18 09:30:00,Mid snack,20,0.88,0.38,0.56,4.26,23.98,F479,4.4,1.9,2.8,21.3,0.8800000000000001,0.38,4.260000000000001,23.979999999999997
LD03621,HM010,F016,D18,2026-08-18 09:30:00,Mid snack,25,2.0,0.375,1.75,5.5,33.375,F016,8.0,1.5,7.0,22.0,2.0,0.375,5.5,33.375
LD03622,HM010,F025,D18,2026-08-18 09:30:00,Mid snack,10,1.82,4.38,0.33,3.02,58.78,F025,18.2,43.8,3.3,30.2,1.82,4.38,3.02,58.78
LD03623,HM010,F152,D18,2026-08-18 13:00:00,Lunch,100,16.4,8.9,6.0,9.8,184.9,F152,16.4,8.9,6.0,9.8,16.4,8.9,9.8,184.9
LD03624,HM010,F429,D18,2026-08-18 13:00:00,Lunch,5,0.84,1.565,1.72,2.145,26.025,F429,16.8,31.3,34.4,42.9,0.8400000000000001,1.5650000000000002,2.145,26.025
LD03625,HM010,F052,D18,2026-08-18 13:00:00,Lunch,500,4.5,1.0,6.0,19.5,105.0,F052,0.9,0.2,1.2,3.9,4.5,1.0,19.5,105.0
LD03626,HM010,F465,D18,2026-08-18 13:00:00,Lunch,390,1.95,0.39,5.46,52.26,220.35,F465,0.5,0.1,1.4,13.4,1.95,0.39,52.26,220.35
LD03627,HM010,F482,D18,2026-08-18 13:00:00,Lunch,80,5.6,0.32,6.08,15.36,86.72,F482,7.0,0.4,7.6,19.2,5.6000000000000005,0.32000000000000006,15.36,86.72
LD03628,HM010,F402,D18,2026-08-18 13:00:00,Lunch,235,2.115,1.41,10.105,24.675,119.85,F402,0.9,0.6,4.3,10.5,2.115,1.41,24.675,119.85
LD03629,HM010,F252,D18,2026-08-18 16:00:00,Evening Snack,500,5.0,1.0,14.0,21.0,113.0,F252,1.0,0.2,2.8,4.2,5.0,1.0,21.0,113.0
LD03630,HM010,F227,D18,2026-08-18 16:00:00,Evening Snack,5,0.79,3.39,0.335,0.71,36.51,F227,15.8,67.8,6.7,14.2,0.79,3.39,0.71,36.510000000000005
LD03631,HM010,F002,D18,2026-08-18 16:00:00,Evening Snack,70,1.82,0.63,1.26,16.1,77.35,F002,2.6,0.9,1.8,23.0,1.8199999999999998,0.63,16.099999999999998,77.35000000000001
LD03632,HM010,F497,D18,2026-08-18 18:30:00,Dinner,5,0.915,2.11,1.365,1.445,28.43,F497,18.3,42.2,27.3,28.9,0.915,2.1100000000000003,1.445,28.43
LD03633,HM010,F127,D18,2026-08-18 18:30:00,Dinner,190,3.23,2.28,7.6,34.77,172.52,F127,1.7,1.2,4.0,18.3,3.23,2.28,34.77,172.52
LD03634,HM010,F359,D18,2026-08-18 18:30:00,Dinner,10,2.18,5.14,1.25,2.24,63.94,F359,21.8,51.4,12.5,22.4,2.18,5.140000000000001,2.2399999999999998,63.94
LD03635,HM010,F148,D18,2026-08-18 18:30:00,Dinner,30,2.13,0.3,1.53,5.94,34.98,F148,7.1,1.0,5.1,19.8,2.13,0.3,5.94,34.980000000000004
LD03636,HM010,F054,D18,2026-08-18 18:30:00,Dinner,500,5.5,0.5,8.5,46.5,212.5,F054,1.1,0.1,1.7,9.3,5.5,0.5,46.5,212.5
LD03637,HM010,F107,D19,2026-08-19 06:30:00,Breakfast,155,36.425,1.55,0.0,0.0,159.65,F107,23.5,1.0,0.0,0.0,36.425000000000004,1.55,0.0,159.64999999999998
LD03638,HM010,F009,D19,2026-08-19 06:30:00,Breakfast,5,0.635,0.055,0.195,3.64,17.595,F009,12.7,1.1,3.9,72.8,0.635,0.05500000000000001,3.64,17.595000000000002
LD03639,HM010,F177,D19,2026-08-19 06:30:00,Breakfast,125,7.375,1.25,10.0,9.875,80.25,F177,5.9,1.0,8.0,7.9,7.375,1.25,9.875,80.25
LD03640,HM010,F273,D19,2026-08-19 06:30:00,Breakfast,90,9.81,2.97,5.94,68.58,340.29,F273,10.9,3.3,6.6,76.2,9.81,2.9699999999999998,68.58,340.29
LD03641,HM010,F316,D19,2026-08-19 09:30:00,Mid snack,125,2.5,0.25,4.0,9.875,51.75,F316,2.0,0.2,3.2,7.9,2.5,0.25,9.875,51.75
LD03642,HM010,F170,D19,2026-08-19 09:30:00,Mid snack,50,10.9,2.95,0.0,0.0,70.15,F170,21.8,5.9,0.0,0.0,10.9,2.95,0.0,70.15
LD03643,HM010,F369,D19,2026-08-19 09:30:00,Mid snack,20,5.36,2.24,0.0,0.0,41.6,F369,26.8,11.2,0.0,0.0,5.36,2.2399999999999998,0.0,41.60000000000001
LD03644,HM010,F291,D19,2026-08-19 09:30:00,Mid snack,10,2.71,5.17,0.85,1.69,64.13,F291,27.1,51.7,8.5,16.9,2.7100000000000004,5.170000000000001,1.69,64.13
LD03645,HM010,F109,D19,2026-08-19 13:00:00,Lunch,500,14.5,1.5,12.0,18.5,145.5,F109,2.9,0.3,2.4,3.7,14.5,1.5,18.5,145.5
LD03646,HM010,F142,D19,2026-08-19 13:00:00,Lunch,80,5.52,0.8,0.8,60.96,273.12,F142,6.9,1.0,1.0,76.2,5.5200000000000005,0.8,60.96000000000001,273.12
LD03647,HM010,F416,D19,2026-08-19 13:00:00,Lunch,70,5.11,0.7,3.57,14.28,83.86,F416,7.3,1.0,5.1,20.4,5.109999999999999,0.7,14.279999999999998,83.86
LD03648,HM010,F066,D19,2026-08-19 13:00:00,Lunch,5,0.155,0.025,0.185,3.96,16.685,F066,3.1,0.5,3.7,79.2,0.15500000000000003,0.025,3.9600000000000004,16.685000000000002
LD03649,HM010,F494,D19,2026-08-19 16:00:00,Evening Snack,5,0.91,2.19,0.165,1.51,29.39,F494,18.2,43.8,3.3,30.2,0.91,2.19,1.51,29.39
LD03650,HM010,F190,D19,2026-08-19 16:00:00,Evening Snack,125,1.375,0.375,3.25,28.25,121.875,F190,1.1,0.3,2.6,22.6,1.375,0.375,28.25,121.875
LD03651,HM010,F210,D19,2026-08-19 16:00:00,Evening Snack,30,3.96,0.33,1.17,22.71,109.65,F210,13.2,1.1,3.9,75.7,3.9599999999999995,0.33,22.71,109.65
LD03652,HM010,F267,D19,2026-08-19 18:30:00,Dinner,120,3.84,0.6,4.44,98.88,416.28,F267,3.2,0.5,3.7,82.4,3.84,0.6,98.88000000000001,416.28
LD03653,HM010,F300,D19,2026-08-19 18:30:00,Dinner,385,43.89,0.77,0.0,2.695,193.27,F300,11.4,0.2,0.0,0.7,43.89,0.77,2.695,193.27
LD03654,HM010,F126,D20,2026-08-20 06:30:00,Breakfast,105,0.525,0.315,1.785,10.08,45.255,F126,0.5,0.3,1.7,9.6,0.525,0.315,10.08,45.255
LD03655,HM010,F186,D20,2026-08-20 06:30:00,Breakfast,500,4.5,1.0,6.0,19.5,105.0,F186,0.9,0.2,1.2,3.9,4.5,1.0,19.5,105.0
LD03656,HM010,F156,D20,2026-08-20 06:30:00,Breakfast,355,11.36,11.715,0.0,17.04,219.035,F156,3.2,3.3,0.0,4.8,11.36,11.714999999999998,17.04,219.035
LD03657,HM010,F388,D20,2026-08-20 09:30:00,Mid snack,15,0.105,0.015,0.075,0.555,2.775,F388,0.7,0.1,0.5,3.7,0.105,0.015,0.555,2.7750000000000004
LD03658,HM010,F402,D20,2026-08-20 09:30:00,Mid snack,105,0.945,0.63,4.515,11.025,53.55,F402,0.9,0.6,4.3,10.5,0.9450000000000001,0.63,11.025,53.550000000000004
LD03659,HM010,F288,D20,2026-08-20 09:30:00,Mid snack,40,7.68,8.72,0.0,1.04,113.36,F288,19.2,21.8,0.0,2.6,7.68,8.72,1.04,113.36
LD03660,HM010,F102,D20,2026-08-20 09:30:00,Mid snack,35,8.575,5.845,0.0,0.0,86.905,F102,24.5,16.7,0.0,0.0,8.575,5.845,0.0,86.905
LD03661,HM010,F407,D20,2026-08-20 13:00:00,Lunch,185,19.61,5.92,12.21,137.085,680.06,F407,10.6,3.2,6.6,74.1,19.61,5.920000000000001,137.085,680.06
LD03662,HM010,F384,D20,2026-08-20 13:00:00,Lunch,220,2.2,0.44,6.6,13.64,67.32,F384,1.0,0.2,3.0,6.2,2.2,0.44000000000000006,13.640000000000002,67.32
LD03663,HM010,F297,D20,2026-08-20 16:00:00,Evening Snack,5,0.93,2.61,0.59,1.23,32.13,F297,18.6,52.2,11.8,24.6,0.9300000000000002,2.6100000000000003,1.2300000000000002,32.129999999999995
LD03664,HM010,F472,D20,2026-08-20 16:00:00,Evening Snack,10,0.73,0.13,1.15,7.2,32.89,F472,7.3,1.3,11.5,72.0,0.73,0.13,7.2,32.89
LD03665,HM010,F467,D20,2026-08-20 16:00:00,Evening Snack,60,1.08,0.12,4.02,45.9,189.0,F467,1.8,0.2,6.7,76.5,1.08,0.12,45.9,189.0
LD03666,HM010,F127,D20,2026-08-20 18:30:00,Dinner,80,1.36,0.96,3.2,14.64,72.64,F127,1.7,1.2,4.0,18.3,1.36,0.96,14.64,72.64
LD03667,HM010,F491,D20,2026-08-20 18:30:00,Dinner,250,8.0,8.25,0.0,12.0,154.25,F491,3.2,3.3,0.0,4.8,8.0,8.25,12.0,154.25
LD03668,HM010,F437,D20,2026-08-20 18:30:00,Dinner,30,7.65,5.19,0.0,0.0,77.31,F437,25.5,17.3,0.0,0.0,7.6499999999999995,5.19,0.0,77.31
LD03669,HM010,F391,D20,2026-08-20 18:30:00,Dinner,320,3.52,0.96,8.32,75.2,323.52,F391,1.1,0.3,2.6,23.5,3.5200000000000005,0.96,75.2,323.52
LD03670,HM010,F405,D21,2026-08-21 06:30:00,Breakfast,50,3.7,0.65,5.75,36.7,167.45,F405,7.4,1.3,11.5,73.4,3.7,0.65,36.7,167.45000000000002
LD03671,HM010,F445,D21,2026-08-21 06:30:00,Breakfast,185,11.285,1.85,14.8,15.17,122.47,F445,6.1,1.0,8.0,8.2,11.285,1.85,15.17,122.47
LD03672,HM010,F125,D21,2026-08-21 06:30:00,Breakfast,325,2.925,0.325,7.8,37.7,165.425,F125,0.9,0.1,2.4,11.6,2.9250000000000003,0.325,37.699999999999996,165.425
LD03673,HM010,F062,D21,2026-08-21 06:30:00,Breakfast,485,3.88,1.94,7.76,72.75,323.98,F062,0.8,0.4,1.6,15.0,3.88,1.94,72.75,323.97999999999996
LD03674,HM010,F177,D21,2026-08-21 06:30:00,Breakfast,5,0.295,0.05,0.4,0.395,3.21,F177,5.9,1.0,8.0,7.9,0.29500000000000004,0.05,0.395,3.21
LD03675,HM010,F490,D21,2026-08-21 09:30:00,Mid snack,215,7.525,7.095,0.0,10.105,134.375,F490,3.5,3.3,0.0,4.7,7.5249999999999995,7.095,10.105,134.375
LD03676,HM010,F157,D21,2026-08-21 09:30:00,Mid snack,5,1.275,2.435,0.425,0.795,30.195,F157,25.5,48.7,8.5,15.9,1.2750000000000001,2.4350000000000005,0.795,30.195
LD03677,HM010,F023,D21,2026-08-21 09:30:00,Mid snack,5,1.29,2.46,0.425,0.805,30.52,F023,25.8,49.2,8.5,16.1,1.29,2.4600000000000004,0.8050000000000002,30.520000000000003
LD03678,HM010,F113,D21,2026-08-21 09:30:00,Mid snack,110,0.99,0.22,3.08,10.34,47.3,F113,0.9,0.2,2.8,9.4,0.9900000000000001,0.22000000000000003,10.340000000000002,47.3
LD03679,HM010,F041,D21,2026-08-21 09:30:00,Mid snack,55,10.45,0.825,0.0,0.0,49.225,F041,19.0,1.5,0.0,0.0,10.450000000000001,0.8250000000000001,0.0,49.224999999999994
LD03680,HM010,F215,D21,2026-08-21 09:30:00,Mid snack,40,3.0,0.4,2.04,8.32,48.88,F215,7.5,1.0,5.1,20.8,3.0,0.4,8.32,48.88
LD03681,HM010,F497,D21,2026-08-21 13:00:00,Lunch,5,0.915,2.11,1.365,1.445,28.43,F497,18.3,42.2,27.3,28.9,0.915,2.1100000000000003,1.445,28.43
LD03682,HM010,F194,D21,2026-08-21 13:00:00,Lunch,500,8.5,6.0,20.0,92.5,458.0,F194,1.7,1.2,4.0,18.5,8.5,6.0,92.5,458.0
LD03683,HM010,F472,D21,2026-08-21 13:00:00,Lunch,65,4.745,0.845,7.475,46.8,213.785,F472,7.3,1.3,11.5,72.0,4.745,0.8450000000000001,46.800000000000004,213.78499999999997
LD03684,HM010,F042,D21,2026-08-21 16:00:00,Evening Snack,210,6.3,0.63,5.04,7.98,62.79,F042,3.0,0.3,2.4,3.8,6.300000000000001,0.63,7.9799999999999995,62.790000000000006
LD03685,HM010,F262,D21,2026-08-21 16:00:00,Evening Snack,155,0.93,0.31,0.62,12.245,55.49,F262,0.6,0.2,0.4,7.9,0.9299999999999999,0.31000000000000005,12.245000000000001,55.489999999999995
LD03686,HM010,F335,D21,2026-08-21 16:00:00,Evening Snack,265,2.385,1.59,11.395,28.355,137.27,F335,0.9,0.6,4.3,10.7,2.385,1.5899999999999999,28.354999999999997,137.27
LD03687,HM010,F131,D21,2026-08-21 16:00:00,Evening Snack,10,0.07,0.02,0.09,1.77,7.54,F131,0.7,0.2,0.9,17.7,0.06999999999999999,0.020000000000000004,1.77,7.54
LD03688,HM010,F162,D21,2026-08-21 16:00:00,Evening Snack,5,0.905,2.09,1.365,1.43,28.15,F162,18.1,41.8,27.3,28.6,0.9050000000000001,2.09,1.4300000000000002,28.15
LD03689,HM010,F163,D21,2026-08-21 18:30:00,Dinner,15,2.625,7.38,1.77,3.48,90.84,F163,17.5,49.2,11.8,23.2,2.625,7.38,3.48,90.84
LD03690,HM010,F016,D21,2026-08-21 18:30:00,Dinner,140,11.2,2.1,9.8,30.8,186.9,F016,8.0,1.5,7.0,22.0,11.2,2.0999999999999996,30.799999999999997,186.9
LD03691,HM010,F407,D21,2026-08-21 18:30:00,Dinner,140,14.84,4.48,9.24,103.74,514.64,F407,10.6,3.2,6.6,74.1,14.839999999999998,4.4799999999999995,103.73999999999998,514.64
LD03692,HM010,F486,D22,2026-08-22 06:30:00,Breakfast,340,27.2,2.04,17.0,68.0,399.16,F486,8.0,0.6,5.0,20.0,27.2,2.04,68.0,399.16
LD03693,HM010,F327,D22,2026-08-22 06:30:00,Breakfast,365,1.825,1.095,6.205,37.595,167.535,F327,0.5,0.3,1.7,10.3,1.825,1.095,37.595,167.535
LD03694,HM010,F448,D22,2026-08-22 09:30:00,Mid snack,180,1.62,0.36,5.04,17.64,80.28,F448,0.9,0.2,2.8,9.8,1.62,0.36000000000000004,17.64,80.28
LD03695,HM010,F191,D22,2026-08-22 09:30:00,Mid snack,160,4.16,1.6,8.64,22.72,121.92,F191,2.6,1.0,5.4,14.2,4.16,1.6,22.72,121.92
LD03696,HM010,F278,D22,2026-08-22 09:30:00,Mid snack,15,0.69,0.3,0.42,3.36,18.9,F278,4.6,2.0,2.8,22.4,0.69,0.3,3.36,18.9
LD03697,HM010,F372,D22,2026-08-22 13:00:00,Lunch,310,63.86,16.12,0.0,0.0,400.52,F372,20.6,5.2,0.0,0.0,63.86000000000001,16.12,0.0,400.52
LD03698,HM010,F325,D22,2026-08-22 13:00:00,Lunch,225,6.075,2.475,12.15,33.75,181.575,F325,2.7,1.1,5.4,15.0,6.075,2.475,33.75,181.57500000000002
LD03699,HM010,F010,D22,2026-08-22 13:00:00,Lunch,105,4.62,1.995,2.94,22.365,125.895,F010,4.4,1.9,2.8,21.3,4.620000000000001,1.9949999999999999,22.365000000000002,125.895
LD03700,HM010,F342,D22,2026-08-22 16:00:00,Evening Snack,5,0.68,0.335,0.505,3.485,19.675,F342,13.6,6.7,10.1,69.7,0.68,0.335,3.4850000000000003,19.675
LD03701,HM010,F361,D22,2026-08-22 16:00:00,Evening Snack,30,4.71,20.16,2.01,4.23,217.2,F361,15.7,67.2,6.7,14.1,4.71,20.16,4.2299999999999995,217.2
LD03702,HM010,F174,D22,2026-08-22 18:30:00,Dinner,385,91.63,3.85,0.0,0.0,401.17,F174,23.8,1.0,0.0,0.0,91.63000000000001,3.85,0.0,401.16999999999996
LD03703,HM010,F098,D22,2026-08-22 18:30:00,Dinner,145,17.835,15.08,0.0,1.595,213.44,F098,12.3,10.4,0.0,1.1,17.835,15.08,1.595,213.44
LD03704,HM011,F049,D01,2026-08-01 06:30:00,Breakfast,350,3.5,0.7,10.5,21.0,104.3,F049,1.0,0.2,3.0,6.0,3.5,0.7000000000000001,21.0,104.3
LD03705,HM011,F278,D01,2026-08-01 06:30:00,Breakfast,70,3.22,1.4,1.96,15.68,88.2,F278,4.6,2.0,2.8,22.4,3.2199999999999998,1.4,15.679999999999998,88.19999999999999
LD03706,HM011,F136,D01,2026-08-01 06:30:00,Breakfast,35,0.91,0.315,0.63,7.98,38.395,F136,2.6,0.9,1.8,22.8,0.9099999999999999,0.315,7.9799999999999995,38.395
LD03707,HM011,F206,D01,2026-08-01 06:30:00,Breakfast,15,1.62,0.48,0.99,11.325,56.1,F206,10.8,3.2,6.6,75.5,1.62,0.48,11.325,56.1
LD03708,HM011,F457,D01,2026-08-01 09:30:00,Mid snack,90,2.88,0.27,0.9,3.06,26.19,F457,3.2,0.3,1.0,3.4,2.8800000000000003,0.27,3.06,26.189999999999998
LD03709,HM011,F169,D01,2026-08-01 09:30:00,Mid snack,40,9.92,6.72,0.0,0.0,100.16,F169,24.8,16.8,0.0,0.0,9.920000000000002,6.720000000000001,0.0,100.16
LD03710,HM011,F048,D01,2026-08-01 13:00:00,Lunch,225,4.275,0.45,7.2,16.875,88.65,F048,1.9,0.2,3.2,7.5,4.2749999999999995,0.45,16.875,88.64999999999999
LD03711,HM011,F006,D01,2026-08-01 13:00:00,Lunch,25,3.425,0.475,3.05,18.15,90.575,F006,13.7,1.9,12.2,72.6,3.425,0.475,18.15,90.575
LD03712,HM011,F289,D01,2026-08-01 13:00:00,Lunch,240,8.88,8.4,0.0,11.76,158.16,F289,3.7,3.5,0.0,4.9,8.88,8.4,11.76,158.16000000000003
LD03713,HM011,F211,D01,2026-08-01 13:00:00,Lunch,15,0.69,0.3,0.42,3.33,18.78,F211,4.6,2.0,2.8,22.2,0.69,0.3,3.3299999999999996,18.779999999999998
LD03714,HM011,F294,D01,2026-08-01 18:30:00,Dinner,20,3.2,13.7,1.34,2.88,147.62,F294,16.0,68.5,6.7,14.4,3.2,13.700000000000001,2.8800000000000003,147.62
LD03715,HM011,F121,D01,2026-08-01 18:30:00,Dinner,205,2.255,0.205,3.485,18.655,85.485,F121,1.1,0.1,1.7,9.1,2.255,0.205,18.654999999999998,85.485
LD03716,HM011,F317,D01,2026-08-01 18:30:00,Dinner,135,1.485,0.27,4.05,8.505,42.39,F317,1.1,0.2,3.0,6.3,1.4850000000000003,0.27,8.505,42.39
LD03717,HM011,F064,D01,2026-08-01 18:30:00,Dinner,30,0.21,0.06,0.27,5.43,23.1,F064,0.7,0.2,0.9,18.1,0.21,0.06,5.430000000000001,23.099999999999998
LD03718,HM011,F442,D02,2026-08-02 06:30:00,Breakfast,75,18.375,0.75,0.0,0.0,80.25,F442,24.5,1.0,0.0,0.0,18.375,0.75,0.0,80.25
LD03719,HM011,F269,D02,2026-08-02 06:30:00,Breakfast,110,3.08,0.33,0.44,32.56,145.53,F269,2.8,0.3,0.4,29.6,3.08,0.33,32.56,145.53
LD03720,HM011,F057,D02,2026-08-02 06:30:00,Breakfast,385,10.01,3.85,20.79,55.055,294.91,F057,2.6,1.0,5.4,14.3,10.01,3.85,55.05500000000001,294.90999999999997
LD03721,HM011,F366,D02,2026-08-02 06:30:00,Breakfast,100,13.0,10.9,0.0,1.1,154.5,F366,13.0,10.9,0.0,1.1,13.0,10.9,1.1,154.5
LD03722,HM011,F251,D02,2026-08-02 09:30:00,Mid snack,95,0.57,0.095,1.14,3.325,16.435,F251,0.6,0.1,1.2,3.5,0.57,0.095,3.3249999999999997,16.435
LD03723,HM011,F109,D02,2026-08-02 09:30:00,Mid snack,85,2.465,0.255,2.04,3.145,24.735,F109,2.9,0.3,2.4,3.7,2.465,0.255,3.145,24.735
LD03724,HM011,F117,D02,2026-08-02 09:30:00,Mid snack,500,3.0,0.5,6.0,16.5,82.5,F117,0.6,0.1,1.2,3.3,3.0,0.5,16.5,82.5
LD03725,HM011,F246,D02,2026-08-02 09:30:00,Mid snack,195,3.705,0.78,4.485,10.14,62.4,F246,1.9,0.4,2.3,5.2,3.7049999999999996,0.78,10.14,62.400000000000006
LD03726,HM011,F481,D02,2026-08-02 13:00:00,Lunch,65,5.655,0.325,4.16,14.82,84.825,F481,8.7,0.5,6.4,22.8,5.654999999999999,0.325,14.82,84.825
LD03727,HM011,F023,D02,2026-08-02 13:00:00,Lunch,35,9.03,17.22,2.975,5.635,213.64,F023,25.8,49.2,8.5,16.1,9.03,17.22,5.635,213.64
LD03728,HM011,F418,D02,2026-08-02 13:00:00,Lunch,170,13.94,2.55,11.9,38.08,231.03,F418,8.2,1.5,7.0,22.4,13.939999999999998,2.55,38.08,231.02999999999997
LD03729,HM011,F314,D02,2026-08-02 13:00:00,Lunch,500,4.5,1.0,14.0,50.5,229.0,F314,0.9,0.2,2.8,10.1,4.5,1.0,50.5,229.0
LD03730,HM011,F329,D02,2026-08-02 13:00:00,Lunch,15,0.09,0.03,0.06,1.2,5.43,F329,0.6,0.2,0.4,8.0,0.09,0.03,1.2,5.43
LD03731,HM011,F116,D02,2026-08-02 16:00:00,Evening Snack,500,5.0,1.0,15.0,29.5,147.0,F116,1.0,0.2,3.0,5.9,5.0,1.0,29.5,147.0
LD03732,HM011,F430,D02,2026-08-02 16:00:00,Evening Snack,10,1.87,4.3,2.73,2.95,57.98,F430,18.7,43.0,27.3,29.5,1.87,4.3,2.95,57.98
LD03733,HM011,F475,D02,2026-08-02 16:00:00,Evening Snack,5,0.685,0.095,0.61,3.63,18.115,F475,13.7,1.9,12.2,72.6,0.685,0.095,3.63,18.115
LD03734,HM011,F239,D02,2026-08-02 16:00:00,Evening Snack,10,2.6,1.14,0.0,0.0,20.66,F239,26.0,11.4,0.0,0.0,2.6,1.1400000000000001,0.0,20.66
LD03735,HM011,F319,D02,2026-08-02 18:30:00,Dinner,380,4.18,0.76,10.64,15.96,87.4,F319,1.1,0.2,2.8,4.2,4.18,0.76,15.959999999999999,87.4
LD03736,HM011,F138,D02,2026-08-02 18:30:00,Dinner,30,3.27,1.5,3.3,19.89,106.14,F138,10.9,5.0,11.0,66.3,3.27,1.5,19.889999999999997,106.14
LD03737,HM011,F147,D02,2026-08-02 18:30:00,Dinner,325,22.425,1.3,24.7,61.75,348.4,F147,6.9,0.4,7.6,19.0,22.425,1.3,61.75,348.4
LD03738,HM011,F403,D02,2026-08-02 18:30:00,Dinner,70,1.96,0.21,0.28,20.16,90.37,F403,2.8,0.3,0.4,28.8,1.9599999999999997,0.21,20.16,90.37
LD03739,HM011,F044,D03,2026-08-03 06:30:00,Breakfast,175,4.2,0.7,5.775,12.6,73.5,F044,2.4,0.4,3.3,7.2,4.2,0.7000000000000001,12.6,73.5
LD03740,HM011,F084,D03,2026-08-03 06:30:00,Breakfast,20,1.56,0.12,1.0,3.92,23.0,F084,7.8,0.6,5.0,19.6,1.56,0.12,3.9200000000000004,23.0
LD03741,HM011,F236,D03,2026-08-03 06:30:00,Breakfast,170,44.2,30.09,0.0,0.0,447.61,F236,26.0,17.7,0.0,0.0,44.199999999999996,30.089999999999996,0.0,447.61
LD03742,HM011,F289,D03,2026-08-03 09:30:00,Mid snack,235,8.695,8.225,0.0,11.515,154.865,F289,3.7,3.5,0.0,4.9,8.695,8.225,11.515,154.865
LD03743,HM011,F387,D03,2026-08-03 09:30:00,Mid snack,265,2.385,0.53,3.18,10.6,56.71,F387,0.9,0.2,1.2,4.0,2.385,0.53,10.6,56.71
LD03744,HM011,F475,D03,2026-08-03 13:00:00,Lunch,10,1.37,0.19,1.22,7.26,36.23,F475,13.7,1.9,12.2,72.6,1.37,0.19,7.26,36.23
LD03745,HM011,F302,D03,2026-08-03 13:00:00,Lunch,80,21.84,9.12,0.0,0.0,169.44,F302,27.3,11.4,0.0,0.0,21.840000000000003,9.120000000000001,0.0,169.44
LD03746,HM011,F048,D03,2026-08-03 13:00:00,Lunch,500,9.5,1.0,16.0,37.5,197.0,F048,1.9,0.2,3.2,7.5,9.5,1.0,37.5,197.0
LD03747,HM011,F466,D03,2026-08-03 13:00:00,Lunch,65,0.455,0.13,0.585,12.025,51.09,F466,0.7,0.2,0.9,18.5,0.45499999999999996,0.13,12.025,51.09
LD03748,HM011,F204,D03,2026-08-03 16:00:00,Evening Snack,50,3.8,0.7,5.75,37.45,171.3,F204,7.6,1.4,11.5,74.9,3.8,0.7,37.45,171.3
LD03749,HM011,F380,D03,2026-08-03 16:00:00,Evening Snack,5,0.095,0.02,0.115,0.26,1.6,F380,1.9,0.4,2.3,5.2,0.095,0.020000000000000004,0.26,1.5999999999999999
LD03750,HM011,F266,D03,2026-08-03 16:00:00,Evening Snack,5,0.095,0.01,0.335,3.9,16.07,F266,1.9,0.2,6.7,78.0,0.095,0.010000000000000002,3.9000000000000004,16.07
LD03751,HM011,F322,D03,2026-08-03 16:00:00,Evening Snack,90,1.08,0.09,1.53,8.82,40.41,F322,1.2,0.1,1.7,9.8,1.08,0.09000000000000001,8.82,40.410000000000004
LD03752,HM011,F262,D03,2026-08-03 18:30:00,Dinner,125,0.75,0.25,0.5,9.875,44.75,F262,0.6,0.2,0.4,7.9,0.75,0.25,9.875,44.75
LD03753,HM011,F277,D03,2026-08-03 18:30:00,Dinner,50,6.65,0.6,1.95,38.2,184.8,F277,13.3,1.2,3.9,76.4,6.65,0.6,38.2,184.8
LD03754,HM011,F079,D03,2026-08-03 18:30:00,Dinner,220,18.7,1.1,14.08,49.06,280.94,F079,8.5,0.5,6.4,22.3,18.700000000000003,1.1,49.06,280.94
LD03755,HM011,F282,D03,2026-08-03 18:30:00,Dinner,5,0.38,0.055,0.255,1.05,6.215,F282,7.6,1.1,5.1,21.0,0.38,0.05500000000000001,1.05,6.215000000000001
LD03756,HM011,F470,D04,2026-08-04 06:30:00,Breakfast,300,8.1,0.9,1.2,84.6,378.9,F470,2.7,0.3,0.4,28.2,8.100000000000001,0.8999999999999999,84.6,378.9
LD03757,HM011,F030,D04,2026-08-04 06:30:00,Breakfast,20,6.04,9.82,1.2,2.14,121.1,F030,30.2,49.1,6.0,10.7,6.04,9.82,2.14,121.1
LD03758,HM011,F447,D04,2026-08-04 09:30:00,Mid snack,45,0.81,0.18,1.035,2.295,14.04,F447,1.8,0.4,2.3,5.1,0.81,0.18000000000000002,2.295,14.04
LD03759,HM011,F319,D04,2026-08-04 09:30:00,Mid snack,90,0.99,0.18,2.52,3.78,20.7,F319,1.1,0.2,2.8,4.2,0.9900000000000001,0.18000000000000002,3.7800000000000002,20.7
LD03760,HM011,F362,D04,2026-08-04 09:30:00,Mid snack,5,0.85,1.58,1.72,2.17,26.3,F362,17.0,31.6,34.4,43.4,0.8500000000000001,1.58,2.17,26.3
LD03761,HM011,F051,D04,2026-08-04 09:30:00,Mid snack,500,5.0,1.0,14.0,20.0,109.0,F051,1.0,0.2,2.8,4.0,5.0,1.0,20.0,109.0
LD03762,HM011,F175,D04,2026-08-04 13:00:00,Lunch,500,94.0,7.5,0.0,0.0,443.5,F175,18.8,1.5,0.0,0.0,94.0,7.5,0.0,443.5
LD03763,HM011,F111,D04,2026-08-04 13:00:00,Lunch,90,2.16,0.36,2.97,6.39,37.44,F111,2.4,0.4,3.3,7.1,2.16,0.36000000000000004,6.39,37.440000000000005
LD03764,HM011,F065,D04,2026-08-04 16:00:00,Evening Snack,10,0.18,0.02,0.67,7.5,30.9,F065,1.8,0.2,6.7,75.0,0.18000000000000002,0.020000000000000004,7.5,30.9
LD03765,HM011,F397,D04,2026-08-04 16:00:00,Evening Snack,240,1.92,0.96,3.84,37.2,165.12,F397,0.8,0.4,1.6,15.5,1.92,0.96,37.199999999999996,165.12
LD03766,HM011,F343,D04,2026-08-04 18:30:00,Dinner,85,6.12,0.85,0.85,67.405,301.75,F343,7.2,1.0,1.0,79.3,6.12,0.85,67.405,301.75
LD03767,HM011,F297,D04,2026-08-04 18:30:00,Dinner,15,2.79,7.83,1.77,3.69,96.39,F297,18.6,52.2,11.8,24.6,2.79,7.83,3.69,96.39
LD03768,HM011,F376,D04,2026-08-04 18:30:00,Dinner,110,21.56,1.65,0.0,0.0,101.09,F376,19.6,1.5,0.0,0.0,21.560000000000002,1.6500000000000001,0.0,101.08999999999999
LD03769,HM011,F328,D04,2026-08-04 18:30:00,Dinner,5,0.09,0.065,0.2,0.98,4.865,F328,1.8,1.3,4.0,19.6,0.09000000000000001,0.065,0.9800000000000001,4.865
LD03770,HM011,F405,D05,2026-08-05 06:30:00,Breakfast,80,5.92,1.04,9.2,58.72,267.92,F405,7.4,1.3,11.5,73.4,5.920000000000001,1.04,58.720000000000006,267.92
LD03771,HM011,F413,D05,2026-08-05 06:30:00,Breakfast,155,14.105,4.185,11.78,43.245,267.065,F413,9.1,2.7,7.6,27.9,14.105,4.1850000000000005,43.245,267.065
LD03772,HM011,F213,D05,2026-08-05 09:30:00,Mid snack,50,4.5,0.25,3.2,11.85,67.65,F213,9.0,0.5,6.4,23.7,4.5,0.25,11.85,67.65
LD03773,HM011,F487,D05,2026-08-05 09:30:00,Mid snack,25,4.15,2.25,1.5,2.475,46.75,F487,16.6,9.0,6.0,9.9,4.15,2.25,2.475,46.75
LD03774,HM011,F447,D05,2026-08-05 09:30:00,Mid snack,275,4.95,1.1,6.325,14.025,85.8,F447,1.8,0.4,2.3,5.1,4.95,1.1,14.024999999999999,85.80000000000001
LD03775,HM011,F110,D05,2026-08-05 09:30:00,Mid snack,20,1.18,0.2,1.6,1.56,12.76,F110,5.9,1.0,8.0,7.8,1.1800000000000002,0.2,1.56,12.760000000000002
LD03776,HM011,F106,D05,2026-08-05 13:00:00,Lunch,20,5.68,0.2,0.0,0.0,24.52,F106,28.4,1.0,0.0,0.0,5.68,0.2,0.0,24.52
LD03777,HM011,F015,D05,2026-08-05 13:00:00,Lunch,500,45.0,2.0,39.5,100.0,598.0,F015,9.0,0.4,7.9,20.0,45.0,2.0,100.0,598.0
LD03778,HM011,F476,D05,2026-08-05 16:00:00,Evening Snack,55,7.26,3.575,5.555,37.235,210.155,F476,13.2,6.5,10.1,67.7,7.26,3.575,37.23500000000001,210.155
LD03779,HM011,F425,D05,2026-08-05 16:00:00,Evening Snack,5,1.315,2.51,0.425,0.82,31.13,F425,26.3,50.2,8.5,16.4,1.3150000000000002,2.5100000000000002,0.82,31.129999999999995
LD03780,HM011,F318,D05,2026-08-05 18:30:00,Dinner,500,3.0,0.5,6.0,18.0,88.5,F318,0.6,0.1,1.2,3.6,3.0,0.5,18.0,88.5
LD03781,HM011,F304,D05,2026-08-05 18:30:00,Dinner,150,34.65,9.45,0.0,0.0,223.65,F304,23.1,6.3,0.0,0.0,34.650000000000006,9.45,0.0,223.64999999999998
LD03782,HM011,F254,D06,2026-08-06 06:30:00,Breakfast,500,3.5,0.5,2.5,18.5,92.5,F254,0.7,0.1,0.5,3.7,3.5,0.5,18.5,92.5
LD03783,HM011,F366,D06,2026-08-06 06:30:00,Breakfast,25,3.25,2.725,0.0,0.275,38.625,F366,13.0,10.9,0.0,1.1,3.25,2.725,0.275,38.625
LD03784,HM011,F171,D06,2026-08-06 06:30:00,Breakfast,180,35.64,9.0,0.0,0.0,223.56,F171,19.8,5.0,0.0,0.0,35.64,9.0,0.0,223.56
LD03785,HM011,F354,D06,2026-08-06 06:30:00,Breakfast,160,13.12,7.84,0.48,3.2,135.84,F354,8.2,4.9,0.3,2.0,13.12,7.840000000000001,3.2,135.84
LD03786,HM011,F364,D06,2026-08-06 09:30:00,Mid snack,5,0.91,2.56,0.59,1.205,31.5,F364,18.2,51.2,11.8,24.1,0.91,2.5600000000000005,1.205,31.5
LD03787,HM011,F289,D06,2026-08-06 09:30:00,Mid snack,50,1.85,1.75,0.0,2.45,32.95,F289,3.7,3.5,0.0,4.9,1.85,1.75,2.45,32.95
LD03788,HM011,F278,D06,2026-08-06 09:30:00,Mid snack,120,5.52,2.4,3.36,26.88,151.2,F278,4.6,2.0,2.8,22.4,5.52,2.4,26.88,151.2
LD03789,HM011,F095,D06,2026-08-06 13:00:00,Lunch,70,12.53,28.98,19.11,19.81,390.18,F095,17.9,41.4,27.3,28.3,12.529999999999998,28.979999999999997,19.81,390.17999999999995
LD03790,HM011,F070,D06,2026-08-06 13:00:00,Lunch,35,2.52,0.455,4.025,24.71,113.015,F070,7.2,1.3,11.5,70.6,2.52,0.45499999999999996,24.709999999999997,113.015
LD03791,HM011,F463,D06,2026-08-06 13:00:00,Lunch,140,0.84,0.28,0.56,10.92,49.56,F463,0.6,0.2,0.4,7.8,0.84,0.27999999999999997,10.92,49.56
LD03792,HM011,F470,D06,2026-08-06 13:00:00,Lunch,35,0.945,0.105,0.14,9.87,44.205,F470,2.7,0.3,0.4,28.2,0.945,0.105,9.87,44.205
LD03793,HM011,F205,D06,2026-08-06 16:00:00,Evening Snack,35,3.99,1.82,3.85,24.395,129.92,F205,11.4,5.2,11.0,69.7,3.9899999999999998,1.8199999999999998,24.395,129.92
LD03794,HM011,F306,D06,2026-08-06 16:00:00,Evening Snack,10,2.62,1.16,0.0,0.0,20.92,F306,26.2,11.6,0.0,0.0,2.62,1.16,0.0,20.92
LD03795,HM011,F295,D06,2026-08-06 16:00:00,Evening Snack,5,0.865,1.61,1.72,2.21,26.79,F295,17.3,32.2,34.4,44.2,0.8650000000000001,1.6100000000000003,2.2100000000000004,26.79
LD03796,HM011,F254,D06,2026-08-06 18:30:00,Dinner,500,3.5,0.5,2.5,18.5,92.5,F254,0.7,0.1,0.5,3.7,3.5,0.5,18.5,92.5
LD03797,HM011,F196,D06,2026-08-06 18:30:00,Dinner,500,4.0,2.0,8.0,74.0,330.0,F196,0.8,0.4,1.6,14.8,4.0,2.0,74.0,330.0
LD03798,HM011,F047,D07,2026-08-07 06:30:00,Breakfast,185,2.96,0.37,5.18,17.76,86.21,F047,1.6,0.2,2.8,9.6,2.9600000000000004,0.37000000000000005,17.76,86.21000000000001
LD03799,HM011,F145,D07,2026-08-07 06:30:00,Breakfast,45,3.96,1.17,3.42,12.195,75.15,F145,8.8,2.6,7.6,27.1,3.9600000000000004,1.1700000000000002,12.195,75.15
LD03800,HM011,F241,D07,2026-08-07 06:30:00,Breakfast,230,57.5,2.3,0.0,0.0,250.7,F241,25.0,1.0,0.0,0.0,57.49999999999999,2.3,0.0,250.7
LD03801,HM011,F287,D07,2026-08-07 06:30:00,Breakfast,70,5.88,3.5,0.21,1.4,60.62,F287,8.4,5.0,0.3,2.0,5.88,3.5,1.4,60.62
LD03802,HM011,F052,D07,2026-08-07 09:30:00,Mid snack,130,1.17,0.26,1.56,5.07,27.3,F052,0.9,0.2,1.2,3.9,1.1700000000000002,0.26,5.07,27.3
LD03803,HM011,F319,D07,2026-08-07 09:30:00,Mid snack,405,4.455,0.81,11.34,17.01,93.15,F319,1.1,0.2,2.8,4.2,4.455,0.81,17.01,93.15000000000002
LD03804,HM011,F220,D07,2026-08-07 09:30:00,Mid snack,60,4.98,3.0,0.18,1.2,51.72,F220,8.3,5.0,0.3,2.0,4.98,3.0,1.2,51.72
LD03805,HM011,F081,D07,2026-08-07 13:00:00,Lunch,220,15.62,2.2,11.22,43.12,254.76,F081,7.1,1.0,5.1,19.6,15.620000000000001,2.2,43.120000000000005,254.76
LD03806,HM011,F429,D07,2026-08-07 13:00:00,Lunch,55,9.24,17.215,18.92,23.595,286.275,F429,16.8,31.3,34.4,42.9,9.240000000000002,17.215000000000003,23.595000000000002,286.275
LD03807,HM011,F497,D07,2026-08-07 16:00:00,Evening Snack,20,3.66,8.44,5.46,5.78,113.72,F497,18.3,42.2,27.3,28.9,3.66,8.440000000000001,5.78,113.72
LD03808,HM011,F393,D07,2026-08-07 16:00:00,Evening Snack,140,1.26,0.14,3.36,17.08,74.62,F393,0.9,0.1,2.4,12.2,1.26,0.13999999999999999,17.08,74.62
LD03809,HM011,F420,D07,2026-08-07 18:30:00,Dinner,65,10.985,5.98,3.9,6.565,124.02,F420,16.9,9.2,6.0,10.1,10.985,5.9799999999999995,6.565,124.02000000000001
LD03810,HM011,F409,D07,2026-08-07 18:30:00,Dinner,90,12.15,5.94,9.09,62.19,350.82,F409,13.5,6.6,10.1,69.1,12.15,5.9399999999999995,62.19,350.82
LD03811,HM011,F430,D08,2026-08-08 06:30:00,Breakfast,20,3.74,8.6,5.46,5.9,115.96,F430,18.7,43.0,27.3,29.5,3.74,8.6,5.9,115.96
LD03812,HM011,F036,D08,2026-08-08 06:30:00,Breakfast,15,3.3,0.9,0.0,0.0,21.3,F036,22.0,6.0,0.0,0.0,3.3,0.8999999999999999,0.0,21.299999999999997
LD03813,HM011,F404,D08,2026-08-08 06:30:00,Breakfast,220,5.94,1.98,3.96,51.7,248.38,F404,2.7,0.9,1.8,23.5,5.940000000000001,1.9800000000000002,51.7,248.38
LD03814,HM011,F184,D08,2026-08-08 06:30:00,Breakfast,500,3.0,0.5,6.0,17.0,84.5,F184,0.6,0.1,1.2,3.4,3.0,0.5,17.0,84.5
LD03815,HM011,F455,D08,2026-08-08 09:30:00,Mid snack,470,3.29,0.47,2.35,17.39,86.95,F455,0.7,0.1,0.5,3.7,3.29,0.47000000000000003,17.39,86.95
LD03816,HM011,F044,D08,2026-08-08 09:30:00,Mid snack,165,3.96,0.66,5.445,11.88,69.3,F044,2.4,0.4,3.3,7.2,3.9599999999999995,0.66,11.879999999999999,69.3
LD03817,HM011,F021,D08,2026-08-08 09:30:00,Mid snack,45,1.575,1.485,0.0,2.115,28.125,F021,3.5,3.3,0.0,4.7,1.575,1.4849999999999999,2.115,28.125
LD03818,HM011,F012,D08,2026-08-08 09:30:00,Mid snack,20,1.74,0.1,1.28,4.56,26.1,F012,8.7,0.5,6.4,22.8,1.74,0.1,4.5600000000000005,26.099999999999998
LD03819,HM011,F259,D08,2026-08-08 13:00:00,Lunch,115,1.035,0.115,2.76,14.145,61.755,F259,0.9,0.1,2.4,12.3,1.035,0.11499999999999999,14.145,61.754999999999995
LD03820,HM011,F111,D08,2026-08-08 13:00:00,Lunch,500,12.0,2.0,16.5,35.5,208.0,F111,2.4,0.4,3.3,7.1,12.0,2.0,35.5,208.0
LD03821,HM011,F007,D08,2026-08-08 13:00:00,Lunch,50,6.6,3.25,5.05,33.85,191.05,F007,13.2,6.5,10.1,67.7,6.6,3.25,33.85,191.05
LD03822,HM011,F305,D08,2026-08-08 13:00:00,Lunch,100,21.0,5.2,0.0,0.0,130.8,F305,21.0,5.2,0.0,0.0,21.0,5.2,0.0,130.8
LD03823,HM011,F393,D08,2026-08-08 16:00:00,Evening Snack,185,1.665,0.185,4.44,22.57,98.605,F393,0.9,0.1,2.4,12.2,1.665,0.18500000000000003,22.57,98.605
LD03824,HM011,F382,D08,2026-08-08 16:00:00,Evening Snack,225,3.6,0.45,6.3,22.275,107.55,F382,1.6,0.2,2.8,9.9,3.6,0.45,22.275000000000002,107.55
LD03825,HM011,F259,D08,2026-08-08 18:30:00,Dinner,215,1.935,0.215,5.16,26.445,115.455,F259,0.9,0.1,2.4,12.3,1.935,0.215,26.445,115.455
LD03826,HM011,F303,D08,2026-08-08 18:30:00,Dinner,120,31.44,21.48,0.0,0.0,319.08,F303,26.2,17.9,0.0,0.0,31.439999999999998,21.479999999999997,0.0,319.08
LD03827,HM011,F194,D08,2026-08-08 18:30:00,Dinner,75,1.275,0.9,3.0,13.875,68.7,F194,1.7,1.2,4.0,18.5,1.275,0.8999999999999999,13.875,68.7
LD03828,HM011,F380,D08,2026-08-08 18:30:00,Dinner,115,2.185,0.46,2.645,5.98,36.8,F380,1.9,0.4,2.3,5.2,2.1849999999999996,0.45999999999999996,5.9799999999999995,36.800000000000004
LD03829,HM011,F066,D09,2026-08-09 06:30:00,Breakfast,60,1.86,0.3,2.22,47.52,200.22,F066,3.1,0.5,3.7,79.2,1.8599999999999999,0.3,47.52,200.22
LD03830,HM011,F171,D09,2026-08-09 06:30:00,Breakfast,30,5.94,1.5,0.0,0.0,37.26,F171,19.8,5.0,0.0,0.0,5.94,1.5,0.0,37.260000000000005
LD03831,HM011,F276,D09,2026-08-09 06:30:00,Breakfast,35,2.59,0.385,0.35,28.315,127.085,F276,7.4,1.1,1.0,80.9,2.59,0.385,28.315,127.08500000000001
LD03832,HM011,F457,D09,2026-08-09 06:30:00,Breakfast,225,7.2,0.675,2.25,7.65,65.475,F457,3.2,0.3,1.0,3.4,7.2,0.6749999999999999,7.6499999999999995,65.47500000000001
LD03833,HM011,F393,D09,2026-08-09 13:00:00,Lunch,135,1.215,0.135,3.24,16.47,71.955,F393,0.9,0.1,2.4,12.2,1.215,0.135,16.47,71.955
LD03834,HM011,F154,D09,2026-08-09 13:00:00,Lunch,65,11.765,13.39,0.0,1.625,174.07,F154,18.1,20.6,0.0,2.5,11.765,13.39,1.625,174.07
LD03835,HM011,F146,D09,2026-08-09 13:00:00,Lunch,55,4.73,0.275,3.52,12.43,71.115,F146,8.6,0.5,6.4,22.6,4.73,0.275,12.430000000000001,71.115
LD03836,HM011,F473,D09,2026-08-09 13:00:00,Lunch,60,6.6,3.0,6.6,40.2,214.2,F473,11.0,5.0,11.0,67.0,6.6,3.0,40.199999999999996,214.20000000000002
LD03837,HM011,F084,D09,2026-08-09 18:30:00,Dinner,65,5.07,0.39,3.25,12.74,74.75,F084,7.8,0.6,5.0,19.6,5.07,0.39,12.740000000000002,74.75000000000001
LD03838,HM011,F104,D09,2026-08-09 18:30:00,Dinner,5,0.98,0.245,0.0,0.0,6.125,F104,19.6,4.9,0.0,0.0,0.9800000000000001,0.24500000000000002,0.0,6.125
LD03839,HM011,F483,D09,2026-08-09 18:30:00,Dinner,10,0.72,0.1,0.51,2.0,11.78,F483,7.2,1.0,5.1,20.0,0.7200000000000001,0.1,2.0,11.78
LD03840,HM011,F062,D09,2026-08-09 18:30:00,Dinner,500,4.0,2.0,8.0,75.0,334.0,F062,0.8,0.4,1.6,15.0,4.0,2.0,75.0,334.0
LD03841,HM011,F454,D10,2026-08-10 06:30:00,Breakfast,500,4.5,1.0,6.0,20.0,107.0,F454,0.9,0.2,1.2,4.0,4.5,1.0,20.0,107.0
LD03842,HM011,F215,D10,2026-08-10 06:30:00,Breakfast,5,0.375,0.05,0.255,1.04,6.11,F215,7.5,1.0,5.1,20.8,0.375,0.05,1.04,6.11
LD03843,HM011,F189,D10,2026-08-10 06:30:00,Breakfast,135,4.185,0.405,1.35,4.455,38.205,F189,3.1,0.3,1.0,3.3,4.1850000000000005,0.405,4.455,38.205000000000005
LD03844,HM011,F411,D10,2026-08-10 06:30:00,Breakfast,15,1.95,0.165,0.585,11.145,53.865,F411,13.0,1.1,3.9,74.3,1.95,0.165,11.145,53.864999999999995
LD03845,HM011,F390,D10,2026-08-10 09:30:00,Mid snack,410,13.12,1.23,4.1,13.94,119.31,F390,3.2,0.3,1.0,3.4,13.12,1.2299999999999998,13.939999999999998,119.31
LD03846,HM011,F232,D10,2026-08-10 09:30:00,Mid snack,5,0.655,0.55,0.0,0.055,7.79,F232,13.1,11.0,0.0,1.1,0.655,0.55,0.05500000000000001,7.790000000000001
LD03847,HM011,F489,D10,2026-08-10 09:30:00,Mid snack,5,0.915,1.04,0.0,0.125,13.52,F489,18.3,20.8,0.0,2.5,0.915,1.04,0.125,13.52
LD03848,HM011,F396,D10,2026-08-10 13:00:00,Lunch,295,1.77,0.59,1.18,23.01,104.43,F396,0.6,0.2,0.4,7.8,1.77,0.5900000000000001,23.01,104.43
LD03849,HM011,F068,D10,2026-08-10 13:00:00,Lunch,5,0.13,0.015,0.02,1.38,6.175,F068,2.6,0.3,0.4,27.6,0.13,0.015,1.3800000000000001,6.174999999999999
LD03850,HM011,F387,D10,2026-08-10 13:00:00,Lunch,110,0.99,0.22,1.32,4.4,23.54,F387,0.9,0.2,1.2,4.0,0.9900000000000001,0.22000000000000003,4.4,23.540000000000003
LD03851,HM011,F162,D10,2026-08-10 13:00:00,Lunch,45,8.145,18.81,12.285,12.87,253.35,F162,18.1,41.8,27.3,28.6,8.145000000000001,18.81,12.870000000000001,253.35
LD03852,HM011,F004,D10,2026-08-10 16:00:00,Evening Snack,5,0.55,0.25,0.55,3.35,17.85,F004,11.0,5.0,11.0,67.0,0.55,0.25,3.35,17.85
LD03853,HM011,F380,D10,2026-08-10 16:00:00,Evening Snack,165,3.135,0.66,3.795,8.58,52.8,F380,1.9,0.4,2.3,5.2,3.135,0.66,8.58,52.8
LD03854,HM011,F402,D10,2026-08-10 16:00:00,Evening Snack,85,0.765,0.51,3.655,8.925,43.35,F402,0.9,0.6,4.3,10.5,0.765,0.51,8.924999999999999,43.35000000000001
LD03855,HM011,F371,D10,2026-08-10 18:30:00,Dinner,30,6.81,1.86,0.0,0.0,43.98,F371,22.7,6.2,0.0,0.0,6.81,1.8599999999999999,0.0,43.980000000000004
LD03856,HM011,F006,D10,2026-08-10 18:30:00,Dinner,65,8.905,1.235,7.93,47.19,235.495,F006,13.7,1.9,12.2,72.6,8.905,1.2349999999999999,47.19,235.495
LD03857,HM011,F343,D10,2026-08-10 18:30:00,Dinner,15,1.08,0.15,0.15,11.895,53.25,F343,7.2,1.0,1.0,79.3,1.08,0.15,11.895,53.25
LD03858,HM011,F454,D11,2026-08-11 06:30:00,Breakfast,500,4.5,1.0,6.0,20.0,107.0,F454,0.9,0.2,1.2,4.0,4.5,1.0,20.0,107.0
LD03859,HM011,F458,D11,2026-08-11 06:30:00,Breakfast,25,0.275,0.075,0.65,5.825,25.075,F458,1.1,0.3,2.6,23.3,0.275,0.075,5.825,25.075000000000003
LD03860,HM011,F271,D11,2026-08-11 06:30:00,Breakfast,35,2.695,0.49,4.025,26.46,121.03,F271,7.7,1.4,11.5,75.6,2.695,0.48999999999999994,26.459999999999997,121.03
LD03861,HM011,F308,D11,2026-08-11 13:00:00,Lunch,175,44.1,1.925,0.0,0.0,193.725,F308,25.2,1.1,0.0,0.0,44.1,1.9250000000000003,0.0,193.725
LD03862,HM011,F337,D11,2026-08-11 13:00:00,Lunch,50,1.35,0.45,0.9,11.85,56.85,F337,2.7,0.9,1.8,23.7,1.35,0.45,11.85,56.849999999999994
LD03863,HM011,F499,D11,2026-08-11 13:00:00,Lunch,10,3.02,4.91,0.6,1.07,60.55,F499,30.2,49.1,6.0,10.7,3.02,4.91,1.07,60.55
LD03864,HM011,F443,D11,2026-08-11 13:00:00,Lunch,90,17.46,1.35,0.0,0.0,81.99,F443,19.4,1.5,0.0,0.0,17.46,1.35,0.0,81.99000000000001
LD03865,HM011,F378,D11,2026-08-11 16:00:00,Evening Snack,30,1.86,0.3,2.4,2.46,19.98,F378,6.2,1.0,8.0,8.2,1.8599999999999999,0.3,2.4599999999999995,19.98
LD03866,HM011,F043,D11,2026-08-11 16:00:00,Evening Snack,85,5.1,0.85,6.8,6.8,55.25,F043,6.0,1.0,8.0,8.0,5.1,0.85,6.8,55.24999999999999
LD03867,HM011,F254,D11,2026-08-11 16:00:00,Evening Snack,185,1.295,0.185,0.925,6.845,34.225,F254,0.7,0.1,0.5,3.7,1.295,0.18500000000000003,6.845000000000001,34.225
LD03868,HM011,F376,D11,2026-08-11 18:30:00,Dinner,185,36.26,2.775,0.0,0.0,170.015,F376,19.6,1.5,0.0,0.0,36.260000000000005,2.7750000000000004,0.0,170.015
LD03869,HM011,F107,D11,2026-08-11 18:30:00,Dinner,145,34.075,1.45,0.0,0.0,149.35,F107,23.5,1.0,0.0,0.0,34.074999999999996,1.45,0.0,149.35000000000002
LD03870,HM011,F078,D12,2026-08-12 06:30:00,Breakfast,230,20.01,5.75,17.48,61.87,379.27,F078,8.7,2.5,7.6,26.9,20.009999999999998,5.75,61.86999999999999,379.27
LD03871,HM011,F067,D12,2026-08-12 06:30:00,Breakfast,120,1.08,0.72,5.16,12.24,59.76,F067,0.9,0.6,4.3,10.2,1.08,0.72,12.239999999999998,59.76
LD03872,HM011,F496,D12,2026-08-12 06:30:00,Breakfast,55,9.075,16.885,18.92,23.155,280.885,F496,16.5,30.7,34.4,42.1,9.075000000000001,16.885,23.155,280.885
LD03873,HM011,F152,D12,2026-08-12 09:30:00,Mid snack,10,1.64,0.89,0.6,0.98,18.49,F152,16.4,8.9,6.0,9.8,1.64,0.8900000000000001,0.9800000000000001,18.490000000000002
LD03874,HM011,F441,D12,2026-08-12 09:30:00,Mid snack,75,22.2,0.75,0.0,0.0,95.55,F441,29.6,1.0,0.0,0.0,22.200000000000003,0.75,0.0,95.55
LD03875,HM011,F317,D12,2026-08-12 09:30:00,Mid snack,145,1.595,0.29,4.35,9.135,45.53,F317,1.1,0.2,3.0,6.3,1.595,0.29,9.135,45.53
LD03876,HM011,F171,D12,2026-08-12 09:30:00,Mid snack,40,7.92,2.0,0.0,0.0,49.68,F171,19.8,5.0,0.0,0.0,7.920000000000001,2.0,0.0,49.68
LD03877,HM011,F449,D12,2026-08-12 09:30:00,Mid snack,195,3.12,0.39,5.46,19.11,92.43,F449,1.6,0.2,2.8,9.8,3.12,0.39,19.11,92.43
LD03878,HM011,F216,D12,2026-08-12 13:00:00,Lunch,15,1.41,0.06,1.185,3.12,18.66,F216,9.4,0.4,7.9,20.8,1.41,0.06,3.12,18.66
LD03879,HM011,F180,D12,2026-08-12 13:00:00,Lunch,500,4.5,1.0,14.0,47.5,217.0,F180,0.9,0.2,2.8,9.5,4.5,1.0,47.5,217.0
LD03880,HM011,F359,D12,2026-08-12 13:00:00,Lunch,10,2.18,5.14,1.25,2.24,63.94,F359,21.8,51.4,12.5,22.4,2.18,5.140000000000001,2.2399999999999998,63.94
LD03881,HM011,F121,D12,2026-08-12 16:00:00,Evening Snack,20,0.22,0.02,0.34,1.82,8.34,F121,1.1,0.1,1.7,9.1,0.22000000000000003,0.020000000000000004,1.82,8.34
LD03882,HM011,F386,D12,2026-08-12 16:00:00,Evening Snack,125,1.25,0.25,3.5,5.125,27.75,F386,1.0,0.2,2.8,4.1,1.25,0.25,5.125,27.75
LD03883,HM011,F467,D12,2026-08-12 16:00:00,Evening Snack,30,0.54,0.06,2.01,22.95,94.5,F467,1.8,0.2,6.7,76.5,0.54,0.06,22.95,94.5
LD03884,HM011,F273,D12,2026-08-12 16:00:00,Evening Snack,15,1.635,0.495,0.99,11.43,56.715,F273,10.9,3.3,6.6,76.2,1.635,0.49499999999999994,11.43,56.714999999999996
LD03885,HM011,F226,D12,2026-08-12 16:00:00,Evening Snack,20,3.78,9.12,0.66,6.28,122.32,F226,18.9,45.6,3.3,31.4,3.78,9.120000000000001,6.28,122.32
LD03886,HM011,F287,D12,2026-08-12 18:30:00,Dinner,110,9.24,5.5,0.33,2.2,95.26,F287,8.4,5.0,0.3,2.0,9.240000000000002,5.5,2.2,95.26
LD03887,HM011,F340,D12,2026-08-12 18:30:00,Dinner,5,0.535,0.16,0.33,3.74,18.54,F340,10.7,3.2,6.6,74.8,0.535,0.16000000000000003,3.74,18.540000000000003
LD03888,HM011,F018,D12,2026-08-12 18:30:00,Dinner,95,15.77,8.55,5.7,9.405,177.65,F018,16.6,9.0,6.0,9.9,15.770000000000001,8.549999999999999,9.405,177.64999999999998
LD03889,HM011,F463,D12,2026-08-12 18:30:00,Dinner,500,3.0,1.0,2.0,39.0,177.0,F463,0.6,0.2,0.4,7.8,3.0,1.0,39.0,177.0
LD03890,HM011,F365,D12,2026-08-12 18:30:00,Dinner,10,3.11,5.06,0.6,1.1,62.38,F365,31.1,50.6,6.0,11.0,3.1100000000000003,5.0600000000000005,1.1,62.379999999999995
LD03891,HM011,F074,D12,2026-08-12 18:30:00,Dinner,55,7.095,3.52,5.555,36.465,205.92,F074,12.9,6.4,10.1,66.3,7.095000000000001,3.5200000000000005,36.465,205.92000000000002
LD03892,HM011,F106,D13,2026-08-13 06:30:00,Breakfast,225,63.9,2.25,0.0,0.0,275.85,F106,28.4,1.0,0.0,0.0,63.9,2.25,0.0,275.85
LD03893,HM011,F119,D13,2026-08-13 06:30:00,Breakfast,500,4.5,1.0,6.0,19.0,103.0,F119,0.9,0.2,1.2,3.8,4.5,1.0,19.0,103.0
LD03894,HM011,F195,D13,2026-08-13 13:00:00,Lunch,500,3.0,1.0,2.0,37.5,171.0,F195,0.6,0.2,0.4,7.5,3.0,1.0,37.5,171.0
LD03895,HM011,F421,D13,2026-08-13 13:00:00,Lunch,310,25.42,15.19,0.93,5.89,261.95,F421,8.2,4.9,0.3,1.9,25.419999999999998,15.190000000000001,5.89,261.95000000000005
LD03896,HM011,F276,D13,2026-08-13 18:30:00,Dinner,15,1.11,0.165,0.15,12.135,54.465,F276,7.4,1.1,1.0,80.9,1.11,0.165,12.135,54.464999999999996
LD03897,HM011,F305,D13,2026-08-13 18:30:00,Dinner,25,5.25,1.3,0.0,0.0,32.7,F305,21.0,5.2,0.0,0.0,5.25,1.3,0.0,32.7
LD03898,HM011,F384,D13,2026-08-13 18:30:00,Dinner,500,5.0,1.0,15.0,31.0,153.0,F384,1.0,0.2,3.0,6.2,5.0,1.0,31.0,153.0
LD03899,HM011,F414,D14,2026-08-14 06:30:00,Breakfast,70,6.23,0.35,4.48,16.31,93.31,F414,8.9,0.5,6.4,23.3,6.2299999999999995,0.35,16.31,93.31
LD03900,HM011,F249,D14,2026-08-14 06:30:00,Breakfast,500,10.0,1.0,16.0,39.0,205.0,F249,2.0,0.2,3.2,7.8,10.0,1.0,39.0,205.0
LD03901,HM011,F215,D14,2026-08-14 06:30:00,Breakfast,5,0.375,0.05,0.255,1.04,6.11,F215,7.5,1.0,5.1,20.8,0.375,0.05,1.04,6.11
LD03902,HM011,F261,D14,2026-08-14 09:30:00,Mid snack,75,1.35,0.9,3.0,14.55,71.7,F261,1.8,1.2,4.0,19.4,1.35,0.8999999999999999,14.549999999999999,71.7
LD03903,HM011,F219,D14,2026-08-14 09:30:00,Mid snack,65,11.245,6.11,3.9,6.695,126.75,F219,17.3,9.4,6.0,10.3,11.245000000000001,6.11,6.695,126.75
LD03904,HM011,F100,D14,2026-08-14 09:30:00,Mid snack,30,9.12,1.05,0.0,0.0,45.93,F100,30.4,3.5,0.0,0.0,9.12,1.05,0.0,45.93
LD03905,HM011,F319,D14,2026-08-14 09:30:00,Mid snack,120,1.32,0.24,3.36,5.04,27.6,F319,1.1,0.2,2.8,4.2,1.32,0.24,5.04,27.6
LD03906,HM011,F385,D14,2026-08-14 09:30:00,Mid snack,15,0.09,0.015,0.18,0.525,2.595,F385,0.6,0.1,1.2,3.5,0.09,0.015,0.525,2.5949999999999998
LD03907,HM011,F214,D14,2026-08-14 13:00:00,Lunch,260,18.98,1.04,19.76,52.0,293.28,F214,7.3,0.4,7.6,20.0,18.98,1.04,52.0,293.28000000000003
LD03908,HM011,F176,D14,2026-08-14 13:00:00,Lunch,500,15.0,1.5,12.0,19.0,149.5,F176,3.0,0.3,2.4,3.8,15.0,1.5,19.0,149.5
LD03909,HM011,F088,D14,2026-08-14 13:00:00,Lunch,45,1.53,1.44,0.0,2.07,27.36,F088,3.4,3.2,0.0,4.6,1.53,1.4400000000000002,2.07,27.36
LD03910,HM011,F378,D14,2026-08-14 16:00:00,Evening Snack,5,0.31,0.05,0.4,0.41,3.33,F378,6.2,1.0,8.0,8.2,0.31000000000000005,0.05,0.41,3.33
LD03911,HM011,F449,D14,2026-08-14 16:00:00,Evening Snack,5,0.08,0.01,0.14,0.49,2.37,F449,1.6,0.2,2.8,9.8,0.08000000000000002,0.010000000000000002,0.49000000000000005,2.3699999999999997
LD03912,HM011,F203,D14,2026-08-14 16:00:00,Evening Snack,5,0.135,0.045,0.09,1.195,5.725,F203,2.7,0.9,1.8,23.9,0.135,0.045000000000000005,1.195,5.7250000000000005
LD03913,HM011,F444,D14,2026-08-14 16:00:00,Evening Snack,475,14.725,1.425,11.4,18.525,145.825,F444,3.1,0.3,2.4,3.9,14.725,1.425,18.525,145.825
LD03914,HM011,F377,D14,2026-08-14 16:00:00,Evening Snack,315,9.765,0.945,7.56,12.285,96.705,F377,3.1,0.3,2.4,3.9,9.765,0.945,12.285,96.705
LD03915,HM011,F180,D14,2026-08-14 16:00:00,Evening Snack,15,0.135,0.03,0.42,1.425,6.51,F180,0.9,0.2,2.8,9.5,0.135,0.03,1.425,6.51
LD03916,HM011,F327,D14,2026-08-14 18:30:00,Dinner,500,2.5,1.5,8.5,51.5,229.5,F327,0.5,0.3,1.7,10.3,2.5,1.5,51.5,229.5
LD03917,HM011,F393,D14,2026-08-14 18:30:00,Dinner,500,4.5,0.5,12.0,61.0,266.5,F393,0.9,0.1,2.4,12.2,4.5,0.5,61.0,266.5
LD03918,HM011,F389,D14,2026-08-14 18:30:00,Dinner,30,0.33,0.03,0.51,2.88,13.11,F389,1.1,0.1,1.7,9.6,0.33,0.03,2.88,13.11
LD03919,HM011,F435,D15,2026-08-15 06:30:00,Breakfast,340,107.44,12.58,0.0,0.0,542.98,F435,31.6,3.7,0.0,0.0,107.44,12.58,0.0,542.98
LD03920,HM011,F049,D15,2026-08-15 06:30:00,Breakfast,280,2.8,0.56,8.4,16.8,83.44,F049,1.0,0.2,3.0,6.0,2.8,0.5599999999999999,16.799999999999997,83.44000000000001
LD03921,HM011,F404,D15,2026-08-15 06:30:00,Breakfast,95,2.565,0.855,1.71,22.325,107.255,F404,2.7,0.9,1.8,23.5,2.565,0.855,22.325,107.255
LD03922,HM011,F048,D15,2026-08-15 06:30:00,Breakfast,115,2.185,0.23,3.68,8.625,45.31,F048,1.9,0.2,3.2,7.5,2.1849999999999996,0.22999999999999998,8.625,45.31
LD03923,HM011,F463,D15,2026-08-15 06:30:00,Breakfast,60,0.36,0.12,0.24,4.68,21.24,F463,0.6,0.2,0.4,7.8,0.36,0.12,4.68,21.240000000000002
LD03924,HM011,F316,D15,2026-08-15 09:30:00,Mid snack,5,0.1,0.01,0.16,0.395,2.07,F316,2.0,0.2,3.2,7.9,0.1,0.010000000000000002,0.395,2.07
LD03925,HM011,F047,D15,2026-08-15 09:30:00,Mid snack,80,1.28,0.16,2.24,7.68,37.28,F047,1.6,0.2,2.8,9.6,1.2800000000000002,0.16000000000000003,7.68,37.279999999999994
LD03926,HM011,F164,D15,2026-08-15 09:30:00,Mid snack,5,1.495,2.43,0.3,0.53,29.97,F164,29.9,48.6,6.0,10.6,1.495,2.43,0.53,29.970000000000002
LD03927,HM011,F025,D15,2026-08-15 09:30:00,Mid snack,30,5.46,13.14,0.99,9.06,176.34,F025,18.2,43.8,3.3,30.2,5.46,13.139999999999999,9.059999999999999,176.34
LD03928,HM011,F036,D15,2026-08-15 09:30:00,Mid snack,40,8.8,2.4,0.0,0.0,56.8,F036,22.0,6.0,0.0,0.0,8.8,2.4000000000000004,0.0,56.8
LD03929,HM011,F074,D15,2026-08-15 13:00:00,Lunch,15,1.935,0.96,1.515,9.945,56.16,F074,12.9,6.4,10.1,66.3,1.935,0.96,9.944999999999999,56.160000000000004
LD03930,HM011,F137,D15,2026-08-15 13:00:00,Lunch,40,2.88,0.52,4.6,28.52,130.28,F137,7.2,1.3,11.5,71.3,2.8800000000000003,0.52,28.52,130.28
LD03931,HM011,F023,D15,2026-08-15 13:00:00,Lunch,105,27.09,51.66,8.925,16.905,640.92,F023,25.8,49.2,8.5,16.1,27.090000000000003,51.660000000000004,16.905,640.92
LD03932,HM011,F468,D15,2026-08-15 13:00:00,Lunch,5,0.16,0.025,0.185,4.04,17.025,F468,3.2,0.5,3.7,80.8,0.16000000000000003,0.025,4.04,17.025000000000002
LD03933,HM011,F232,D15,2026-08-15 13:00:00,Lunch,80,10.48,8.8,0.0,0.88,124.64,F232,13.1,11.0,0.0,1.1,10.48,8.8,0.8800000000000001,124.64000000000001
LD03934,HM011,F450,D15,2026-08-15 16:00:00,Evening Snack,290,5.51,0.58,9.28,22.33,116.58,F450,1.9,0.2,3.2,7.7,5.51,0.58,22.33,116.57999999999998
LD03935,HM011,F182,D15,2026-08-15 16:00:00,Evening Snack,90,1.71,0.18,2.88,6.66,35.1,F182,1.9,0.2,3.2,7.4,1.71,0.18000000000000002,6.66,35.1
LD03936,HM011,F494,D15,2026-08-15 16:00:00,Evening Snack,5,0.91,2.19,0.165,1.51,29.39,F494,18.2,43.8,3.3,30.2,0.91,2.19,1.51,29.39
LD03937,HM011,F076,D15,2026-08-15 16:00:00,Evening Snack,35,4.34,0.385,1.365,24.955,120.645,F076,12.4,1.1,3.9,71.3,4.34,0.385,24.955,120.645
LD03938,HM011,F122,D15,2026-08-15 18:30:00,Dinner,500,15.0,1.5,5.0,16.0,137.5,F122,3.0,0.3,1.0,3.2,15.0,1.5,16.0,137.5
LD03939,HM011,F391,D15,2026-08-15 18:30:00,Dinner,60,0.66,0.18,1.56,14.1,60.66,F391,1.1,0.3,2.6,23.5,0.66,0.18,14.1,60.66
LD03940,HM011,F054,D15,2026-08-15 18:30:00,Dinner,500,5.5,0.5,8.5,46.5,212.5,F054,1.1,0.1,1.7,9.3,5.5,0.5,46.5,212.5
LD03941,HM011,F261,D15,2026-08-15 18:30:00,Dinner,105,1.89,1.26,4.2,20.37,100.38,F261,1.8,1.2,4.0,19.4,1.8900000000000001,1.26,20.37,100.38000000000001
LD03942,HM011,F286,D16,2026-08-16 06:30:00,Breakfast,110,19.14,10.45,6.6,11.44,216.37,F286,17.4,9.5,6.0,10.4,19.14,10.450000000000001,11.440000000000001,216.37
LD03943,HM011,F189,D16,2026-08-16 06:30:00,Breakfast,390,12.09,1.17,3.9,12.87,110.37,F189,3.1,0.3,1.0,3.3,12.09,1.17,12.87,110.37
LD03944,HM011,F367,D16,2026-08-16 06:30:00,Breakfast,415,46.48,0.83,0.0,2.905,205.01,F367,11.2,0.2,0.0,0.7,46.480000000000004,0.8300000000000001,2.9050000000000002,205.01
LD03945,HM011,F058,D16,2026-08-16 06:30:00,Breakfast,5,0.045,0.005,0.12,0.59,2.585,F058,0.9,0.1,2.4,11.8,0.045000000000000005,0.005000000000000001,0.5900000000000001,2.585
LD03946,HM011,F443,D16,2026-08-16 09:30:00,Mid snack,50,9.7,0.75,0.0,0.0,45.55,F443,19.4,1.5,0.0,0.0,9.7,0.75,0.0,45.55
LD03947,HM011,F244,D16,2026-08-16 09:30:00,Mid snack,210,13.02,2.1,16.8,17.43,140.7,F244,6.2,1.0,8.0,8.3,13.020000000000001,2.1,17.430000000000003,140.7
LD03948,HM011,F046,D16,2026-08-16 13:00:00,Lunch,155,1.395,0.31,4.34,14.88,67.89,F046,0.9,0.2,2.8,9.6,1.395,0.31000000000000005,14.879999999999999,67.89000000000001
LD03949,HM011,F143,D16,2026-08-16 13:00:00,Lunch,165,20.79,1.815,6.435,118.965,575.355,F143,12.6,1.1,3.9,72.1,20.79,1.815,118.96499999999999,575.355
LD03950,HM011,F378,D16,2026-08-16 16:00:00,Evening Snack,20,1.24,0.2,1.6,1.64,13.32,F378,6.2,1.0,8.0,8.2,1.2400000000000002,0.2,1.64,13.32
LD03951,HM011,F260,D16,2026-08-16 16:00:00,Evening Snack,5,0.025,0.015,0.085,0.51,2.275,F260,0.5,0.3,1.7,10.2,0.025,0.015,0.51,2.2750000000000004
LD03952,HM011,F204,D16,2026-08-16 16:00:00,Evening Snack,55,4.18,0.77,6.325,41.195,188.43,F204,7.6,1.4,11.5,74.9,4.18,0.77,41.19500000000001,188.43
LD03953,HM011,F359,D16,2026-08-16 18:30:00,Dinner,10,2.18,5.14,1.25,2.24,63.94,F359,21.8,51.4,12.5,22.4,2.18,5.140000000000001,2.2399999999999998,63.94
LD03954,HM011,F284,D16,2026-08-16 18:30:00,Dinner,35,2.94,0.56,2.45,8.085,49.14,F284,8.4,1.6,7.0,23.1,2.94,0.5599999999999999,8.085,49.14
LD03955,HM011,F248,D16,2026-08-16 18:30:00,Dinner,330,5.61,0.66,9.24,33.0,160.38,F248,1.7,0.2,2.8,10.0,5.609999999999999,0.66,33.0,160.38
LD03956,HM011,F462,D16,2026-08-16 18:30:00,Dinner,245,4.165,2.94,9.8,46.795,230.3,F462,1.7,1.2,4.0,19.1,4.165,2.94,46.79500000000001,230.3
LD03957,HM011,F254,D17,2026-08-17 06:30:00,Breakfast,360,2.52,0.36,1.8,13.32,66.6,F254,0.7,0.1,0.5,3.7,2.52,0.36000000000000004,13.32,66.6
LD03958,HM011,F063,D17,2026-08-17 06:30:00,Breakfast,85,0.425,0.085,1.19,11.135,47.005,F063,0.5,0.1,1.4,13.1,0.425,0.085,11.135,47.005
LD03959,HM011,F475,D17,2026-08-17 06:30:00,Breakfast,35,4.795,0.665,4.27,25.41,126.805,F475,13.7,1.9,12.2,72.6,4.794999999999999,0.6649999999999999,25.409999999999997,126.80499999999999
LD03960,HM011,F444,D17,2026-08-17 06:30:00,Breakfast,500,15.5,1.5,12.0,19.5,153.5,F444,3.1,0.3,2.4,3.9,15.5,1.5,19.5,153.5
LD03961,HM011,F245,D17,2026-08-17 06:30:00,Breakfast,380,9.5,1.52,12.54,28.5,165.68,F245,2.5,0.4,3.3,7.5,9.5,1.52,28.5,165.68
LD03962,HM011,F225,D17,2026-08-17 09:30:00,Mid snack,20,4.4,10.38,2.5,4.52,129.1,F225,22.0,51.9,12.5,22.6,4.4,10.38,4.5200000000000005,129.1
LD03963,HM011,F291,D17,2026-08-17 09:30:00,Mid snack,10,2.71,5.17,0.85,1.69,64.13,F291,27.1,51.7,8.5,16.9,2.7100000000000004,5.170000000000001,1.69,64.13
LD03964,HM011,F425,D17,2026-08-17 09:30:00,Mid snack,10,2.63,5.02,0.85,1.64,62.26,F425,26.3,50.2,8.5,16.4,2.6300000000000003,5.0200000000000005,1.64,62.25999999999999
LD03965,HM011,F388,D17,2026-08-17 09:30:00,Mid snack,430,3.01,0.43,2.15,15.91,79.55,F388,0.7,0.1,0.5,3.7,3.01,0.43,15.91,79.55000000000001
LD03966,HM011,F136,D17,2026-08-17 13:00:00,Lunch,50,1.3,0.45,0.9,11.4,54.85,F136,2.6,0.9,1.8,22.8,1.3,0.45,11.4,54.85
LD03967,HM011,F456,D17,2026-08-17 13:00:00,Lunch,365,4.015,0.365,6.205,34.675,158.045,F456,1.1,0.1,1.7,9.5,4.015000000000001,0.365,34.675,158.045
LD03968,HM011,F350,D17,2026-08-17 13:00:00,Lunch,500,46.5,2.0,39.5,103.0,616.0,F350,9.3,0.4,7.9,20.6,46.5,2.0,103.0,616.0
LD03969,HM011,F379,D17,2026-08-17 16:00:00,Evening Snack,110,2.75,0.44,3.63,8.14,47.52,F379,2.5,0.4,3.3,7.4,2.75,0.44000000000000006,8.14,47.52
LD03970,HM011,F245,D17,2026-08-17 16:00:00,Evening Snack,215,5.375,0.86,7.095,16.125,93.74,F245,2.5,0.4,3.3,7.5,5.375,0.86,16.125,93.74
LD03971,HM011,F180,D17,2026-08-17 16:00:00,Evening Snack,335,3.015,0.67,9.38,31.825,145.39,F180,0.9,0.2,2.8,9.5,3.015,0.67,31.825,145.39
LD03972,HM011,F316,D17,2026-08-17 16:00:00,Evening Snack,35,0.7,0.07,1.12,2.765,14.49,F316,2.0,0.2,3.2,7.9,0.7,0.06999999999999999,2.765,14.49
LD03973,HM011,F241,D17,2026-08-17 18:30:00,Dinner,155,38.75,1.55,0.0,0.0,168.95,F241,25.0,1.0,0.0,0.0,38.75,1.55,0.0,168.95
LD03974,HM011,F228,D17,2026-08-17 18:30:00,Dinner,95,16.34,30.305,32.68,41.61,504.545,F228,17.2,31.9,34.4,43.8,16.34,30.304999999999996,41.60999999999999,504.545
LD03975,HM011,F303,D17,2026-08-17 18:30:00,Dinner,45,11.79,8.055,0.0,0.0,119.655,F303,26.2,17.9,0.0,0.0,11.79,8.055,0.0,119.655
LD03976,HM011,F457,D18,2026-08-18 06:30:00,Breakfast,130,4.16,0.39,1.3,4.42,37.83,F457,3.2,0.3,1.0,3.4,4.16,0.39,4.42,37.83
LD03977,HM011,F286,D18,2026-08-18 06:30:00,Breakfast,170,29.58,16.15,10.2,17.68,334.39,F286,17.4,9.5,6.0,10.4,29.58,16.15,17.68,334.39
LD03978,HM011,F054,D18,2026-08-18 06:30:00,Breakfast,255,2.805,0.255,4.335,23.715,108.375,F054,1.1,0.1,1.7,9.3,2.805,0.255,23.715,108.375
LD03979,HM011,F155,D18,2026-08-18 09:30:00,Mid snack,100,3.5,3.3,0.0,4.7,62.5,F155,3.5,3.3,0.0,4.7,3.5,3.3,4.7,62.5
LD03980,HM011,F145,D18,2026-08-18 09:30:00,Mid snack,30,2.64,0.78,2.28,8.13,50.1,F145,8.8,2.6,7.6,27.1,2.64,0.78,8.13,50.10000000000001
LD03981,HM011,F313,D18,2026-08-18 09:30:00,Mid snack,250,4.75,1.0,5.75,13.0,80.0,F313,1.9,0.4,2.3,5.2,4.75,1.0,13.0,80.0
LD03982,HM011,F261,D18,2026-08-18 13:00:00,Lunch,355,6.39,4.26,14.2,68.87,339.38,F261,1.8,1.2,4.0,19.4,6.39,4.26,68.86999999999999,339.38
LD03983,HM011,F334,D18,2026-08-18 13:00:00,Lunch,20,0.66,0.1,0.74,16.64,70.1,F334,3.3,0.5,3.7,83.2,0.66,0.1,16.64,70.10000000000001
LD03984,HM011,F383,D18,2026-08-18 13:00:00,Lunch,365,7.3,0.73,11.68,28.105,148.19,F383,2.0,0.2,3.2,7.7,7.3,0.73,28.105,148.19
LD03985,HM011,F176,D18,2026-08-18 16:00:00,Evening Snack,260,7.8,0.78,6.24,9.88,77.74,F176,3.0,0.3,2.4,3.8,7.800000000000001,0.78,9.879999999999999,77.74
LD03986,HM011,F062,D18,2026-08-18 16:00:00,Evening Snack,135,1.08,0.54,2.16,20.25,90.18,F062,0.8,0.4,1.6,15.0,1.08,0.54,20.25,90.17999999999999
LD03987,HM011,F440,D18,2026-08-18 16:00:00,Evening Snack,10,2.55,1.12,0.0,0.0,20.28,F440,25.5,11.2,0.0,0.0,2.5500000000000003,1.1199999999999999,0.0,20.28
LD03988,HM011,F301,D18,2026-08-18 18:30:00,Dinner,55,17.93,2.09,0.0,0.0,90.53,F301,32.6,3.8,0.0,0.0,17.930000000000003,2.09,0.0,90.53
LD03989,HM011,F087,D18,2026-08-18 18:30:00,Dinner,90,16.11,18.36,0.0,2.25,238.68,F087,17.9,20.4,0.0,2.5,16.11,18.36,2.25,238.68
LD03990,HM011,F289,D18,2026-08-18 18:30:00,Dinner,280,10.36,9.8,0.0,13.72,184.52,F289,3.7,3.5,0.0,4.9,10.36,9.799999999999999,13.72,184.51999999999998
LD03991,HM011,F334,D19,2026-08-19 06:30:00,Breakfast,5,0.165,0.025,0.185,4.16,17.525,F334,3.3,0.5,3.7,83.2,0.165,0.025,4.16,17.525000000000002
LD03992,HM011,F404,D19,2026-08-19 06:30:00,Breakfast,485,13.095,4.365,8.73,113.975,547.565,F404,2.7,0.9,1.8,23.5,13.095,4.365,113.975,547.5649999999999
LD03993,HM011,F428,D19,2026-08-19 09:30:00,Mid snack,10,1.55,6.65,0.67,1.4,71.65,F428,15.5,66.5,6.7,14.0,1.55,6.65,1.4000000000000001,71.65
LD03994,HM011,F122,D19,2026-08-19 09:30:00,Mid snack,230,6.9,0.69,2.3,7.36,63.25,F122,3.0,0.3,1.0,3.2,6.8999999999999995,0.69,7.359999999999999,63.25000000000001
LD03995,HM011,F287,D19,2026-08-19 09:30:00,Mid snack,95,7.98,4.75,0.285,1.9,82.27,F287,8.4,5.0,0.3,2.0,7.9799999999999995,4.75,1.9,82.27000000000001
LD03996,HM011,F166,D19,2026-08-19 09:30:00,Mid snack,25,2.7,0.05,0.0,0.175,11.95,F166,10.8,0.2,0.0,0.7,2.7,0.05,0.175,11.95
LD03997,HM011,F088,D19,2026-08-19 13:00:00,Lunch,10,0.34,0.32,0.0,0.46,6.08,F088,3.4,3.2,0.0,4.6,0.34,0.32000000000000006,0.45999999999999996,6.08
LD03998,HM011,F059,D19,2026-08-19 13:00:00,Lunch,435,2.175,1.305,7.395,42.63,190.965,F059,0.5,0.3,1.7,9.8,2.175,1.305,42.63,190.965
LD03999,HM011,F484,D19,2026-08-19 13:00:00,Lunch,345,31.05,1.38,27.255,69.0,412.62,F484,9.0,0.4,7.9,20.0,31.05,1.3800000000000001,69.0,412.62
LD04000,HM011,F209,D19,2026-08-19 16:00:00,Evening Snack,5,0.365,0.05,0.05,4.005,17.93,F209,7.3,1.0,1.0,80.1,0.365,0.05,4.005,17.93
LD04001,HM011,F293,D19,2026-08-19 16:00:00,Evening Snack,30,5.73,13.8,0.99,9.51,185.16,F293,19.1,46.0,3.3,31.7,5.73,13.799999999999999,9.51,185.16
LD04002,HM011,F311,D19,2026-08-19 18:30:00,Dinner,320,20.16,3.52,25.6,26.88,219.84,F311,6.3,1.1,8.0,8.4,20.16,3.5200000000000005,26.880000000000003,219.84
LD04003,HM011,F159,D19,2026-08-19 18:30:00,Dinner,25,4.5,10.85,0.825,7.475,145.55,F159,18.0,43.4,3.3,29.9,4.5,10.85,7.475,145.54999999999998
LD04004,HM011,F254,D19,2026-08-19 18:30:00,Dinner,500,3.5,0.5,2.5,18.5,92.5,F254,0.7,0.1,0.5,3.7,3.5,0.5,18.5,92.5
LD04005,HM011,F240,D20,2026-08-20 06:30:00,Breakfast,290,87.58,2.9,0.0,0.0,376.42,F240,30.2,1.0,0.0,0.0,87.58,2.9,0.0,376.42
LD04006,HM011,F246,D20,2026-08-20 06:30:00,Breakfast,180,3.42,0.72,4.14,9.36,57.6,F246,1.9,0.4,2.3,5.2,3.42,0.7200000000000001,9.360000000000001,57.599999999999994
LD04007,HM011,F015,D20,2026-08-20 06:30:00,Breakfast,135,12.15,0.54,10.665,27.0,161.46,F015,9.0,0.4,7.9,20.0,12.15,0.54,27.0,161.46
LD04008,HM011,F013,D20,2026-08-20 06:30:00,Breakfast,5,0.35,0.02,0.38,0.96,5.42,F013,7.0,0.4,7.6,19.2,0.35000000000000003,0.020000000000000004,0.96,5.42
LD04009,HM011,F309,D20,2026-08-20 06:30:00,Breakfast,175,34.825,2.8,0.0,0.0,164.5,F309,19.9,1.6,0.0,0.0,34.824999999999996,2.8000000000000003,0.0,164.5
LD04010,HM011,F069,D20,2026-08-20 06:30:00,Breakfast,20,0.5,0.18,0.36,4.5,21.62,F069,2.5,0.9,1.8,22.5,0.5,0.18000000000000002,4.5,21.62
LD04011,HM011,F163,D20,2026-08-20 09:30:00,Mid snack,15,2.625,7.38,1.77,3.48,90.84,F163,17.5,49.2,11.8,23.2,2.625,7.38,3.48,90.84
LD04012,HM011,F258,D20,2026-08-20 09:30:00,Mid snack,65,1.755,0.65,3.51,9.685,51.61,F258,2.7,1.0,5.4,14.9,1.7550000000000001,0.65,9.685,51.61000000000001
LD04013,HM011,F452,D20,2026-08-20 09:30:00,Mid snack,5,0.03,0.005,0.06,0.175,0.865,F452,0.6,0.1,1.2,3.5,0.03,0.005000000000000001,0.17500000000000002,0.865
LD04014,HM011,F448,D20,2026-08-20 09:30:00,Mid snack,95,0.855,0.19,2.66,9.31,42.37,F448,0.9,0.2,2.8,9.8,0.855,0.19,9.31,42.370000000000005
LD04015,HM011,F435,D20,2026-08-20 09:30:00,Mid snack,20,6.32,0.74,0.0,0.0,31.94,F435,31.6,3.7,0.0,0.0,6.32,0.7400000000000001,0.0,31.94
LD04016,HM011,F416,D20,2026-08-20 09:30:00,Mid snack,65,4.745,0.65,3.315,13.26,77.87,F416,7.3,1.0,5.1,20.4,4.745,0.65,13.26,77.86999999999999
LD04017,HM011,F184,D20,2026-08-20 13:00:00,Lunch,500,3.0,0.5,6.0,17.0,84.5,F184,0.6,0.1,1.2,3.4,3.0,0.5,17.0,84.5
LD04018,HM011,F483,D20,2026-08-20 13:00:00,Lunch,225,16.2,2.25,11.475,45.0,265.05,F483,7.2,1.0,5.1,20.0,16.2,2.25,45.0,265.05
LD04019,HM011,F495,D20,2026-08-20 13:00:00,Lunch,5,0.76,3.26,0.335,0.685,35.12,F495,15.2,65.2,6.7,13.7,0.76,3.2600000000000002,0.685,35.12
LD04020,HM011,F092,D20,2026-08-20 13:00:00,Lunch,15,2.67,6.435,0.495,4.44,86.355,F092,17.8,42.9,3.3,29.6,2.67,6.435,4.44,86.355
LD04021,HM011,F190,D20,2026-08-20 13:00:00,Lunch,160,1.76,0.48,4.16,36.16,156.0,F190,1.1,0.3,2.6,22.6,1.7600000000000002,0.48,36.160000000000004,155.99999999999997
LD04022,HM011,F371,D20,2026-08-20 13:00:00,Lunch,65,14.755,4.03,0.0,0.0,95.29,F371,22.7,6.2,0.0,0.0,14.755,4.03,0.0,95.29
LD04023,HM011,F426,D20,2026-08-20 16:00:00,Evening Snack,10,2.16,5.09,1.25,2.21,63.29,F426,21.6,50.9,12.5,22.1,2.16,5.09,2.2100000000000004,63.290000000000006
LD04024,HM011,F066,D20,2026-08-20 16:00:00,Evening Snack,5,0.155,0.025,0.185,3.96,16.685,F066,3.1,0.5,3.7,79.2,0.15500000000000003,0.025,3.9600000000000004,16.685000000000002
LD04025,HM011,F273,D20,2026-08-20 16:00:00,Evening Snack,5,0.545,0.165,0.33,3.81,18.905,F273,10.9,3.3,6.6,76.2,0.545,0.165,3.8100000000000005,18.905
LD04026,HM011,F179,D20,2026-08-20 16:00:00,Evening Snack,190,3.42,0.76,4.37,9.5,58.52,F179,1.8,0.4,2.3,5.0,3.42,0.76,9.5,58.519999999999996
LD04027,HM011,F191,D20,2026-08-20 16:00:00,Evening Snack,150,3.9,1.5,8.1,21.3,114.3,F191,2.6,1.0,5.4,14.2,3.9000000000000004,1.5,21.299999999999997,114.3
LD04028,HM011,F358,D20,2026-08-20 16:00:00,Evening Snack,5,1.33,2.535,0.425,0.83,31.455,F358,26.6,50.7,8.5,16.6,1.33,2.535,0.8300000000000001,31.455000000000002
LD04029,HM011,F004,D20,2026-08-20 18:30:00,Dinner,5,0.55,0.25,0.55,3.35,17.85,F004,11.0,5.0,11.0,67.0,0.55,0.25,3.35,17.85
LD04030,HM011,F342,D20,2026-08-20 18:30:00,Dinner,95,12.92,6.365,9.595,66.215,373.825,F342,13.6,6.7,10.1,69.7,12.92,6.365,66.215,373.82500000000005
LD04031,HM011,F381,D20,2026-08-20 18:30:00,Dinner,290,2.61,0.58,8.12,28.71,130.5,F381,0.9,0.2,2.8,9.9,2.61,0.58,28.71,130.5
LD04032,HM011,F350,D20,2026-08-20 18:30:00,Dinner,105,9.765,0.42,8.295,21.63,129.36,F350,9.3,0.4,7.9,20.6,9.765,0.42000000000000004,21.630000000000003,129.35999999999999
LD04033,HM011,F001,D20,2026-08-20 18:30:00,Dinner,75,2.025,0.225,0.3,21.15,94.725,F001,2.7,0.3,0.4,28.2,2.0250000000000004,0.22499999999999998,21.15,94.725
LD04034,HM011,F183,D21,2026-08-21 06:30:00,Breakfast,75,0.75,0.15,2.25,4.425,22.05,F183,1.0,0.2,3.0,5.9,0.75,0.15000000000000002,4.425000000000001,22.05
LD04035,HM011,F273,D21,2026-08-21 06:30:00,Breakfast,100,10.9,3.3,6.6,76.2,378.1,F273,10.9,3.3,6.6,76.2,10.9,3.3,76.2,378.1
LD04036,HM011,F408,D21,2026-08-21 06:30:00,Breakfast,20,2.8,0.38,2.44,14.82,73.9,F408,14.0,1.9,12.2,74.1,2.8000000000000003,0.38,14.82,73.9
LD04037,HM011,F348,D21,2026-08-21 06:30:00,Breakfast,180,12.96,0.72,13.68,35.64,200.88,F348,7.2,0.4,7.6,19.8,12.96,0.7200000000000001,35.64,200.88
LD04038,HM011,F377,D21,2026-08-21 09:30:00,Mid snack,60,1.86,0.18,1.44,2.34,18.42,F377,3.1,0.3,2.4,3.9,1.8599999999999999,0.18,2.34,18.42
LD04039,HM011,F117,D21,2026-08-21 09:30:00,Mid snack,500,3.0,0.5,6.0,16.5,82.5,F117,0.6,0.1,1.2,3.3,3.0,0.5,16.5,82.5
LD04040,HM011,F321,D21,2026-08-21 09:30:00,Mid snack,185,1.295,0.185,0.925,7.03,34.965,F321,0.7,0.1,0.5,3.8,1.295,0.18500000000000003,7.03,34.964999999999996
LD04041,HM011,F328,D21,2026-08-21 09:30:00,Mid snack,65,1.17,0.845,2.6,12.74,63.245,F328,1.8,1.3,4.0,19.6,1.1700000000000002,0.8450000000000001,12.740000000000002,63.245
LD04042,HM011,F455,D21,2026-08-21 13:00:00,Lunch,500,3.5,0.5,2.5,18.5,92.5,F455,0.7,0.1,0.5,3.7,3.5,0.5,18.5,92.5
LD04043,HM011,F054,D21,2026-08-21 13:00:00,Lunch,500,5.5,0.5,8.5,46.5,212.5,F054,1.1,0.1,1.7,9.3,5.5,0.5,46.5,212.5
LD04044,HM011,F341,D21,2026-08-21 13:00:00,Lunch,95,13.395,1.9,11.59,71.06,354.92,F341,14.1,2.0,12.2,74.8,13.395,1.9,71.05999999999999,354.92
LD04045,HM011,F136,D21,2026-08-21 16:00:00,Evening Snack,30,0.78,0.27,0.54,6.84,32.91,F136,2.6,0.9,1.8,22.8,0.78,0.27,6.84,32.910000000000004
LD04046,HM011,F057,D21,2026-08-21 16:00:00,Evening Snack,95,2.47,0.95,5.13,13.585,72.77,F057,2.6,1.0,5.4,14.3,2.4699999999999998,0.95,13.585,72.77
LD04047,HM011,F425,D21,2026-08-21 16:00:00,Evening Snack,30,7.89,15.06,2.55,4.92,186.78,F425,26.3,50.2,8.5,16.4,7.89,15.06,4.919999999999999,186.77999999999997
LD04048,HM011,F133,D21,2026-08-21 18:30:00,Dinner,120,3.6,0.6,4.44,93.12,392.28,F133,3.0,0.5,3.7,77.6,3.5999999999999996,0.6,93.11999999999999,392.28
LD04049,HM011,F032,D21,2026-08-21 18:30:00,Dinner,290,31.61,0.58,0.0,2.03,139.78,F032,10.9,0.2,0.0,0.7,31.61,0.58,2.03,139.78
LD04050,HM011,F254,D21,2026-08-21 18:30:00,Dinner,500,3.5,0.5,2.5,18.5,92.5,F254,0.7,0.1,0.5,3.7,3.5,0.5,18.5,92.5
LD04051,HM011,F173,D22,2026-08-22 06:30:00,Breakfast,75,21.525,0.75,0.0,0.0,92.85,F173,28.7,1.0,0.0,0.0,21.525,0.75,0.0,92.85
LD04052,HM011,F491,D22,2026-08-22 06:30:00,Breakfast,500,16.0,16.5,0.0,24.0,308.5,F491,3.2,3.3,0.0,4.8,16.0,16.5,24.0,308.5
LD04053,HM011,F284,D22,2026-08-22 09:30:00,Mid snack,50,4.2,0.8,3.5,11.55,70.2,F284,8.4,1.6,7.0,23.1,4.2,0.8,11.55,70.2
LD04054,HM011,F278,D22,2026-08-22 09:30:00,Mid snack,25,1.15,0.5,0.7,5.6,31.5,F278,4.6,2.0,2.8,22.4,1.15,0.5,5.6,31.5
LD04055,HM011,F082,D22,2026-08-22 09:30:00,Mid snack,70,6.16,0.28,5.53,13.72,82.04,F082,8.8,0.4,7.9,19.6,6.16,0.27999999999999997,13.72,82.04
LD04056,HM011,F099,D22,2026-08-22 13:00:00,Lunch,500,53.5,1.0,0.0,3.5,237.0,F099,10.7,0.2,0.0,0.7,53.5,1.0,3.5,237.0
LD04057,HM011,F382,D22,2026-08-22 13:00:00,Lunch,285,4.56,0.57,7.98,28.215,136.23,F382,1.6,0.2,2.8,9.9,4.5600000000000005,0.5700000000000001,28.215000000000003,136.23
LD04058,HM011,F011,D22,2026-08-22 13:00:00,Lunch,35,3.115,0.91,2.66,9.59,59.01,F011,8.9,2.6,7.6,27.4,3.1149999999999998,0.9099999999999999,9.589999999999998,59.01
LD04059,HM011,F143,D22,2026-08-22 16:00:00,Evening Snack,55,6.93,0.605,2.145,39.655,191.785,F143,12.6,1.1,3.9,72.1,6.930000000000001,0.6050000000000001,39.655,191.785
LD04060,HM011,F129,D22,2026-08-22 16:00:00,Evening Snack,5,0.04,0.02,0.08,0.735,3.28,F129,0.8,0.4,1.6,14.7,0.04000000000000001,0.020000000000000004,0.735,3.2800000000000002
LD04061,HM011,F220,D22,2026-08-22 18:30:00,Dinner,435,36.105,21.75,1.305,8.7,374.97,F220,8.3,5.0,0.3,2.0,36.105,21.75,8.7,374.96999999999997
LD04062,HM011,F228,D22,2026-08-22 18:30:00,Dinner,5,0.86,1.595,1.72,2.19,26.555,F228,17.2,31.9,34.4,43.8,0.86,1.595,2.19,26.555
LD04063,HM011,F393,D22,2026-08-22 18:30:00,Dinner,35,0.315,0.035,0.84,4.27,18.655,F393,0.9,0.1,2.4,12.2,0.315,0.034999999999999996,4.27,18.655
LD04064,HM011,F024,D22,2026-08-22 18:30:00,Dinner,15,3.18,7.485,1.875,3.255,93.105,F024,21.2,49.9,12.5,21.7,3.1799999999999997,7.484999999999999,3.255,93.10500000000002
LD04065,HM012,F113,D01,2026-08-01 06:30:00,Breakfast,70,0.63,0.14,1.96,6.58,30.1,F113,0.9,0.2,2.8,9.4,0.63,0.13999999999999999,6.58,30.1
LD04066,HM012,F456,D01,2026-08-01 06:30:00,Breakfast,30,0.33,0.03,0.51,2.85,12.99,F456,1.1,0.1,1.7,9.5,0.33,0.03,2.85,12.99
LD04067,HM012,F308,D01,2026-08-01 06:30:00,Breakfast,250,63.0,2.75,0.0,0.0,276.75,F308,25.2,1.1,0.0,0.0,63.0,2.75,0.0,276.75
LD04068,HM012,F369,D01,2026-08-01 06:30:00,Breakfast,100,26.8,11.2,0.0,0.0,208.0,F369,26.8,11.2,0.0,0.0,26.8,11.2,0.0,208.0
LD04069,HM012,F009,D01,2026-08-01 13:00:00,Lunch,55,6.985,0.605,2.145,40.04,193.545,F009,12.7,1.1,3.9,72.8,6.985,0.6050000000000001,40.04,193.545
LD04070,HM012,F053,D01,2026-08-01 13:00:00,Lunch,500,3.5,0.5,2.5,18.0,90.5,F053,0.7,0.1,0.5,3.6,3.5,0.5,18.0,90.5
LD04071,HM012,F164,D01,2026-08-01 13:00:00,Lunch,20,5.98,9.72,1.2,2.12,119.88,F164,29.9,48.6,6.0,10.6,5.98,9.72,2.12,119.88000000000001
LD04072,HM012,F284,D01,2026-08-01 18:30:00,Dinner,85,7.14,1.36,5.95,19.635,119.34,F284,8.4,1.6,7.0,23.1,7.14,1.36,19.635,119.34
LD04073,HM012,F477,D01,2026-08-01 18:30:00,Dinner,70,4.9,0.7,0.7,53.9,241.5,F477,7.0,1.0,1.0,77.0,4.8999999999999995,0.7,53.9,241.5
LD04074,HM012,F500,D01,2026-08-01 18:30:00,Dinner,15,1.89,1.59,0.0,0.165,22.53,F500,12.6,10.6,0.0,1.1,1.89,1.5899999999999999,0.165,22.53
LD04075,HM012,F347,D01,2026-08-01 18:30:00,Dinner,95,8.55,0.475,6.08,22.325,127.775,F347,9.0,0.5,6.4,23.5,8.549999999999999,0.475,22.325,127.775
LD04076,HM012,F245,D02,2026-08-02 06:30:00,Breakfast,500,12.5,2.0,16.5,37.5,218.0,F245,2.5,0.4,3.3,7.5,12.5,2.0,37.5,218.0
LD04077,HM012,F212,D02,2026-08-02 06:30:00,Breakfast,90,8.37,2.43,6.84,25.65,157.95,F212,9.3,2.7,7.6,28.5,8.370000000000001,2.43,25.650000000000002,157.95
LD04078,HM012,F323,D02,2026-08-02 09:30:00,Mid snack,310,10.23,0.93,3.1,10.85,92.69,F323,3.3,0.3,1.0,3.5,10.23,0.9299999999999999,10.85,92.69
LD04079,HM012,F412,D02,2026-08-02 09:30:00,Mid snack,65,2.925,1.235,1.82,14.105,79.235,F412,4.5,1.9,2.8,21.7,2.9250000000000003,1.2349999999999999,14.105,79.235
LD04080,HM012,F270,D02,2026-08-02 13:00:00,Lunch,370,9.99,3.33,6.66,89.54,428.09,F270,2.7,0.9,1.8,24.2,9.990000000000002,3.33,89.54,428.09000000000003
LD04081,HM012,F353,D02,2026-08-02 13:00:00,Lunch,50,8.55,4.65,3.0,5.1,96.45,F353,17.1,9.3,6.0,10.2,8.55,4.65,5.1,96.45
LD04082,HM012,F172,D02,2026-08-02 16:00:00,Evening Snack,60,14.88,6.54,0.0,0.0,118.38,F172,24.8,10.9,0.0,0.0,14.879999999999999,6.54,0.0,118.38
LD04083,HM012,F404,D02,2026-08-02 16:00:00,Evening Snack,20,0.54,0.18,0.36,4.7,22.58,F404,2.7,0.9,1.8,23.5,0.54,0.18000000000000002,4.7,22.580000000000002
LD04084,HM012,F314,D02,2026-08-02 16:00:00,Evening Snack,55,0.495,0.11,1.54,5.555,25.19,F314,0.9,0.2,2.8,10.1,0.49500000000000005,0.11000000000000001,5.555000000000001,25.189999999999998
LD04085,HM012,F342,D02,2026-08-02 16:00:00,Evening Snack,5,0.68,0.335,0.505,3.485,19.675,F342,13.6,6.7,10.1,69.7,0.68,0.335,3.4850000000000003,19.675
LD04086,HM012,F255,D02,2026-08-02 18:30:00,Dinner,500,5.5,0.5,8.5,48.5,220.5,F255,1.1,0.1,1.7,9.7,5.5,0.5,48.5,220.5
LD04087,HM012,F358,D02,2026-08-02 18:30:00,Dinner,5,1.33,2.535,0.425,0.83,31.455,F358,26.6,50.7,8.5,16.6,1.33,2.535,0.8300000000000001,31.455000000000002
LD04088,HM012,F106,D03,2026-08-03 06:30:00,Breakfast,55,15.62,0.55,0.0,0.0,67.43,F106,28.4,1.0,0.0,0.0,15.620000000000001,0.55,0.0,67.42999999999999
LD04089,HM012,F211,D03,2026-08-03 06:30:00,Breakfast,60,2.76,1.2,1.68,13.32,75.12,F211,4.6,2.0,2.8,22.2,2.76,1.2,13.319999999999999,75.11999999999999
LD04090,HM012,F296,D03,2026-08-03 06:30:00,Breakfast,25,4.8,11.075,6.825,7.575,149.175,F296,19.2,44.3,27.3,30.3,4.8,11.075,7.575,149.175
LD04091,HM012,F040,D03,2026-08-03 06:30:00,Breakfast,500,120.0,5.0,0.0,0.0,525.0,F040,24.0,1.0,0.0,0.0,120.0,5.0,0.0,525.0
LD04092,HM012,F092,D03,2026-08-03 09:30:00,Mid snack,20,3.56,8.58,0.66,5.92,115.14,F092,17.8,42.9,3.3,29.6,3.5600000000000005,8.58,5.920000000000001,115.14
LD04093,HM012,F250,D03,2026-08-03 09:30:00,Mid snack,210,2.1,0.42,6.3,13.02,64.26,F250,1.0,0.2,3.0,6.2,2.1,0.42000000000000004,13.020000000000001,64.25999999999999
LD04094,HM012,F351,D03,2026-08-03 09:30:00,Mid snack,120,9.84,1.8,8.4,27.24,164.52,F351,8.2,1.5,7.0,22.7,9.839999999999998,1.7999999999999998,27.24,164.51999999999998
LD04095,HM012,F459,D03,2026-08-03 13:00:00,Lunch,470,12.69,4.7,25.38,68.62,367.54,F459,2.7,1.0,5.4,14.6,12.690000000000001,4.7,68.62,367.54
LD04096,HM012,F472,D03,2026-08-03 13:00:00,Lunch,5,0.365,0.065,0.575,3.6,16.445,F472,7.3,1.3,11.5,72.0,0.365,0.065,3.6,16.445
LD04097,HM012,F291,D03,2026-08-03 13:00:00,Lunch,10,2.71,5.17,0.85,1.69,64.13,F291,27.1,51.7,8.5,16.9,2.7100000000000004,5.170000000000001,1.69,64.13
LD04098,HM012,F443,D03,2026-08-03 13:00:00,Lunch,430,83.42,6.45,0.0,0.0,391.73,F443,19.4,1.5,0.0,0.0,83.41999999999999,6.449999999999999,0.0,391.73
LD04099,HM012,F296,D03,2026-08-03 13:00:00,Lunch,35,6.72,15.505,9.555,10.605,208.845,F296,19.2,44.3,27.3,30.3,6.72,15.504999999999997,10.605,208.84500000000003
LD04100,HM012,F291,D03,2026-08-03 16:00:00,Evening Snack,5,1.355,2.585,0.425,0.845,32.065,F291,27.1,51.7,8.5,16.9,1.3550000000000002,2.5850000000000004,0.845,32.065
LD04101,HM012,F337,D03,2026-08-03 16:00:00,Evening Snack,10,0.27,0.09,0.18,2.37,11.37,F337,2.7,0.9,1.8,23.7,0.27,0.09000000000000001,2.37,11.370000000000001
LD04102,HM012,F402,D03,2026-08-03 16:00:00,Evening Snack,55,0.495,0.33,2.365,5.775,28.05,F402,0.9,0.6,4.3,10.5,0.49500000000000005,0.33,5.775,28.05
LD04103,HM012,F389,D03,2026-08-03 16:00:00,Evening Snack,145,1.595,0.145,2.465,13.92,63.365,F389,1.1,0.1,1.7,9.6,1.595,0.145,13.92,63.365
LD04104,HM012,F454,D03,2026-08-03 16:00:00,Evening Snack,65,0.585,0.13,0.78,2.6,13.91,F454,0.9,0.2,1.2,4.0,0.5850000000000001,0.13,2.6,13.91
LD04105,HM012,F201,D03,2026-08-03 16:00:00,Evening Snack,375,3.375,2.25,16.125,37.875,185.25,F201,0.9,0.6,4.3,10.1,3.375,2.25,37.875,185.25
LD04106,HM012,F270,D03,2026-08-03 18:30:00,Dinner,185,4.995,1.665,3.33,44.77,214.045,F270,2.7,0.9,1.8,24.2,4.995000000000001,1.665,44.77,214.04500000000002
LD04107,HM012,F447,D03,2026-08-03 18:30:00,Dinner,5,0.09,0.02,0.115,0.255,1.56,F447,1.8,0.4,2.3,5.1,0.09000000000000001,0.020000000000000004,0.255,1.5599999999999998
LD04108,HM012,F098,D03,2026-08-03 18:30:00,Dinner,10,1.23,1.04,0.0,0.11,14.72,F098,12.3,10.4,0.0,1.1,1.2300000000000002,1.04,0.11000000000000001,14.719999999999999
LD04109,HM012,F373,D03,2026-08-03 18:30:00,Dinner,95,24.51,10.735,0.0,0.0,194.655,F373,25.8,11.3,0.0,0.0,24.509999999999998,10.735,0.0,194.655
LD04110,HM012,F175,D03,2026-08-03 18:30:00,Dinner,500,94.0,7.5,0.0,0.0,443.5,F175,18.8,1.5,0.0,0.0,94.0,7.5,0.0,443.5
LD04111,HM012,F372,D04,2026-08-04 06:30:00,Breakfast,240,49.44,12.48,0.0,0.0,310.08,F372,20.6,5.2,0.0,0.0,49.440000000000005,12.48,0.0,310.08
LD04112,HM012,F115,D04,2026-08-04 06:30:00,Breakfast,190,3.61,0.38,6.08,13.87,73.34,F115,1.9,0.2,3.2,7.3,3.61,0.38,13.87,73.34
LD04113,HM012,F005,D04,2026-08-04 13:00:00,Lunch,20,2.08,0.62,1.32,14.52,71.98,F005,10.4,3.1,6.6,72.6,2.08,0.6200000000000001,14.52,71.98
LD04114,HM012,F416,D04,2026-08-04 13:00:00,Lunch,15,1.095,0.15,0.765,3.06,17.97,F416,7.3,1.0,5.1,20.4,1.095,0.15,3.0599999999999996,17.970000000000002
LD04115,HM012,F447,D04,2026-08-04 13:00:00,Lunch,500,9.0,2.0,11.5,25.5,156.0,F447,1.8,0.4,2.3,5.1,9.0,2.0,25.5,156.0
LD04116,HM012,F471,D04,2026-08-04 16:00:00,Evening Snack,45,1.17,0.405,0.81,10.35,49.725,F471,2.6,0.9,1.8,23.0,1.1700000000000002,0.405,10.35,49.725
LD04117,HM012,F397,D04,2026-08-04 16:00:00,Evening Snack,150,1.2,0.6,2.4,23.25,103.2,F397,0.8,0.4,1.6,15.5,1.2000000000000002,0.6000000000000001,23.25,103.2
LD04118,HM012,F116,D04,2026-08-04 18:30:00,Dinner,190,1.9,0.38,5.7,11.21,55.86,F116,1.0,0.2,3.0,5.9,1.9,0.38,11.21,55.86000000000001
LD04119,HM012,F445,D04,2026-08-04 18:30:00,Dinner,60,3.66,0.6,4.8,4.92,39.72,F445,6.1,1.0,8.0,8.2,3.6599999999999997,0.6,4.919999999999999,39.72
LD04120,HM012,F335,D04,2026-08-04 18:30:00,Dinner,35,0.315,0.21,1.505,3.745,18.13,F335,0.9,0.6,4.3,10.7,0.315,0.21,3.7449999999999997,18.130000000000003
LD04121,HM012,F387,D04,2026-08-04 18:30:00,Dinner,500,4.5,1.0,6.0,20.0,107.0,F387,0.9,0.2,1.2,4.0,4.5,1.0,20.0,107.0
LD04122,HM012,F442,D05,2026-08-05 06:30:00,Breakfast,40,9.8,0.4,0.0,0.0,42.8,F442,24.5,1.0,0.0,0.0,9.8,0.4,0.0,42.800000000000004
LD04123,HM012,F309,D05,2026-08-05 06:30:00,Breakfast,60,11.94,0.96,0.0,0.0,56.4,F309,19.9,1.6,0.0,0.0,11.94,0.96,0.0,56.4
LD04124,HM012,F052,D05,2026-08-05 06:30:00,Breakfast,500,4.5,1.0,6.0,19.5,105.0,F052,0.9,0.2,1.2,3.9,4.5,1.0,19.5,105.0
LD04125,HM012,F388,D05,2026-08-05 06:30:00,Breakfast,50,0.35,0.05,0.25,1.85,9.25,F388,0.7,0.1,0.5,3.7,0.35,0.05,1.85,9.25
LD04126,HM012,F261,D05,2026-08-05 09:30:00,Mid snack,100,1.8,1.2,4.0,19.4,95.6,F261,1.8,1.2,4.0,19.4,1.8,1.2,19.4,95.6
LD04127,HM012,F364,D05,2026-08-05 09:30:00,Mid snack,25,4.55,12.8,2.95,6.025,157.5,F364,18.2,51.2,11.8,24.1,4.55,12.8,6.025,157.5
LD04128,HM012,F382,D05,2026-08-05 09:30:00,Mid snack,25,0.4,0.05,0.7,2.475,11.95,F382,1.6,0.2,2.8,9.9,0.4,0.05,2.475,11.95
LD04129,HM012,F128,D05,2026-08-05 13:00:00,Lunch,85,0.51,0.17,0.34,6.29,28.73,F128,0.6,0.2,0.4,7.4,0.51,0.17,6.29,28.73
LD04130,HM012,F225,D05,2026-08-05 13:00:00,Lunch,15,3.3,7.785,1.875,3.39,96.825,F225,22.0,51.9,12.5,22.6,3.3,7.784999999999999,3.39,96.82499999999999
LD04131,HM012,F454,D05,2026-08-05 13:00:00,Lunch,305,2.745,0.61,3.66,12.2,65.27,F454,0.9,0.2,1.2,4.0,2.745,0.61,12.2,65.27
LD04132,HM012,F314,D05,2026-08-05 13:00:00,Lunch,500,4.5,1.0,14.0,50.5,229.0,F314,0.9,0.2,2.8,10.1,4.5,1.0,50.5,229.0
LD04133,HM012,F296,D05,2026-08-05 16:00:00,Evening Snack,5,0.96,2.215,1.365,1.515,29.835,F296,19.2,44.3,27.3,30.3,0.96,2.215,1.5150000000000001,29.834999999999997
LD04134,HM012,F051,D05,2026-08-05 16:00:00,Evening Snack,145,1.45,0.29,4.06,5.8,31.61,F051,1.0,0.2,2.8,4.0,1.45,0.29,5.8,31.61
LD04135,HM012,F172,D05,2026-08-05 16:00:00,Evening Snack,85,21.08,9.265,0.0,0.0,167.705,F172,24.8,10.9,0.0,0.0,21.08,9.265,0.0,167.70499999999998
LD04136,HM012,F262,D05,2026-08-05 16:00:00,Evening Snack,135,0.81,0.27,0.54,10.665,48.33,F262,0.6,0.2,0.4,7.9,0.81,0.27,10.665000000000001,48.33
LD04137,HM012,F139,D05,2026-08-05 18:30:00,Dinner,35,3.605,1.085,2.31,25.165,124.845,F139,10.3,3.1,6.6,71.9,3.605,1.085,25.165,124.845
LD04138,HM012,F390,D05,2026-08-05 18:30:00,Dinner,500,16.0,1.5,5.0,17.0,145.5,F390,3.2,0.3,1.0,3.4,16.0,1.5,17.0,145.5
LD04139,HM012,F229,D05,2026-08-05 18:30:00,Dinner,15,2.85,6.585,4.095,4.515,88.725,F229,19.0,43.9,27.3,30.1,2.85,6.585,4.515,88.725
LD04140,HM012,F454,D06,2026-08-06 06:30:00,Breakfast,500,4.5,1.0,6.0,20.0,107.0,F454,0.9,0.2,1.2,4.0,4.5,1.0,20.0,107.0
LD04141,HM012,F363,D06,2026-08-06 06:30:00,Breakfast,5,0.94,2.175,1.365,1.49,29.295,F363,18.8,43.5,27.3,29.8,0.9400000000000001,2.1750000000000003,1.4900000000000002,29.294999999999998
LD04142,HM012,F129,D06,2026-08-06 06:30:00,Breakfast,125,1.0,0.5,2.0,18.375,82.0,F129,0.8,0.4,1.6,14.7,1.0,0.5,18.375,82.0
LD04143,HM012,F446,D06,2026-08-06 06:30:00,Breakfast,145,3.48,0.58,4.785,10.585,61.48,F446,2.4,0.4,3.3,7.3,3.48,0.58,10.584999999999999,61.480000000000004
LD04144,HM012,F179,D06,2026-08-06 13:00:00,Lunch,500,9.0,2.0,11.5,25.0,154.0,F179,1.8,0.4,2.3,5.0,9.0,2.0,25.0,154.0
LD04145,HM012,F346,D06,2026-08-06 13:00:00,Lunch,15,1.38,0.405,1.14,4.23,26.085,F346,9.2,2.7,7.6,28.2,1.38,0.405,4.2299999999999995,26.085
LD04146,HM012,F080,D06,2026-08-06 13:00:00,Lunch,160,11.04,0.64,12.16,30.08,170.24,F080,6.9,0.4,7.6,18.8,11.040000000000001,0.6400000000000001,30.080000000000002,170.23999999999998
LD04147,HM012,F044,D06,2026-08-06 16:00:00,Evening Snack,200,4.8,0.8,6.6,14.4,84.0,F044,2.4,0.4,3.3,7.2,4.8,0.8,14.4,84.0
LD04148,HM012,F196,D06,2026-08-06 16:00:00,Evening Snack,95,0.76,0.38,1.52,14.06,62.7,F196,0.8,0.4,1.6,14.8,0.76,0.38,14.06,62.7
LD04149,HM012,F319,D06,2026-08-06 18:30:00,Dinner,500,5.5,1.0,14.0,21.0,115.0,F319,1.1,0.2,2.8,4.2,5.5,1.0,21.0,115.0
LD04150,HM012,F450,D06,2026-08-06 18:30:00,Dinner,60,1.14,0.12,1.92,4.62,24.12,F450,1.9,0.2,3.2,7.7,1.14,0.12,4.62,24.119999999999997
LD04151,HM012,F330,D06,2026-08-06 18:30:00,Dinner,130,1.04,0.52,2.08,20.54,91.0,F330,0.8,0.4,1.6,15.8,1.04,0.52,20.540000000000003,91.0
LD04152,HM012,F173,D06,2026-08-06 18:30:00,Dinner,105,30.135,1.05,0.0,0.0,129.99,F173,28.7,1.0,0.0,0.0,30.135,1.05,0.0,129.99
LD04153,HM012,F128,D07,2026-08-07 06:30:00,Breakfast,500,3.0,1.0,2.0,37.0,169.0,F128,0.6,0.2,0.4,7.4,3.0,1.0,37.0,169.0
LD04154,HM012,F264,D07,2026-08-07 06:30:00,Breakfast,235,1.175,0.235,3.29,31.96,134.655,F264,0.5,0.1,1.4,13.6,1.175,0.23500000000000001,31.96,134.655
LD04155,HM012,F216,D07,2026-08-07 09:30:00,Mid snack,65,6.11,0.26,5.135,13.52,80.86,F216,9.4,0.4,7.9,20.8,6.11,0.26,13.520000000000001,80.86
LD04156,HM012,F259,D07,2026-08-07 09:30:00,Mid snack,10,0.09,0.01,0.24,1.23,5.37,F259,0.9,0.1,2.4,12.3,0.09000000000000001,0.010000000000000002,1.2300000000000002,5.37
LD04157,HM012,F483,D07,2026-08-07 09:30:00,Mid snack,40,2.88,0.4,2.04,8.0,47.12,F483,7.2,1.0,5.1,20.0,2.8800000000000003,0.4,8.0,47.12
LD04158,HM012,F426,D07,2026-08-07 09:30:00,Mid snack,20,4.32,10.18,2.5,4.42,126.58,F426,21.6,50.9,12.5,22.1,4.32,10.18,4.420000000000001,126.58000000000001
LD04159,HM012,F488,D07,2026-08-07 13:00:00,Lunch,150,12.0,7.2,0.45,2.85,124.2,F488,8.0,4.8,0.3,1.9,12.0,7.199999999999999,2.8499999999999996,124.19999999999999
LD04160,HM012,F373,D07,2026-08-07 13:00:00,Lunch,65,16.77,7.345,0.0,0.0,133.185,F373,25.8,11.3,0.0,0.0,16.77,7.345000000000001,0.0,133.185
LD04161,HM012,F344,D07,2026-08-07 13:00:00,Lunch,120,15.72,1.32,4.68,90.0,434.76,F344,13.1,1.1,3.9,75.0,15.719999999999999,1.32,90.0,434.76
LD04162,HM012,F110,D07,2026-08-07 13:00:00,Lunch,130,7.67,1.3,10.4,10.14,82.94,F110,5.9,1.0,8.0,7.8,7.670000000000001,1.3,10.14,82.94000000000001
LD04163,HM012,F401,D07,2026-08-07 16:00:00,Evening Snack,20,0.64,0.1,0.74,16.32,68.74,F401,3.2,0.5,3.7,81.6,0.6400000000000001,0.1,16.32,68.74000000000001
LD04164,HM012,F207,D07,2026-08-07 16:00:00,Evening Snack,50,7.1,1.0,6.1,37.75,188.4,F207,14.2,2.0,12.2,75.5,7.1,1.0,37.75,188.4
LD04165,HM012,F006,D07,2026-08-07 18:30:00,Dinner,10,1.37,0.19,1.22,7.26,36.23,F006,13.7,1.9,12.2,72.6,1.37,0.19,7.26,36.23
LD04166,HM012,F265,D07,2026-08-07 18:30:00,Dinner,295,2.065,0.59,2.655,55.46,235.41,F265,0.7,0.2,0.9,18.8,2.065,0.5900000000000001,55.46000000000001,235.41
LD04167,HM012,F263,D07,2026-08-07 18:30:00,Dinner,500,4.0,2.0,8.0,78.0,346.0,F263,0.8,0.4,1.6,15.6,4.0,2.0,78.0,346.0
LD04168,HM012,F036,D08,2026-08-08 06:30:00,Breakfast,35,7.7,2.1,0.0,0.0,49.7,F036,22.0,6.0,0.0,0.0,7.699999999999999,2.0999999999999996,0.0,49.7
LD04169,HM012,F178,D08,2026-08-08 06:30:00,Breakfast,320,7.68,1.28,10.56,22.72,133.12,F178,2.4,0.4,3.3,7.1,7.68,1.2800000000000002,22.72,133.12
LD04170,HM012,F251,D08,2026-08-08 06:30:00,Breakfast,500,3.0,0.5,6.0,17.5,86.5,F251,0.6,0.1,1.2,3.5,3.0,0.5,17.5,86.5
LD04171,HM012,F202,D08,2026-08-08 06:30:00,Breakfast,100,2.8,0.3,0.4,29.3,131.1,F202,2.8,0.3,0.4,29.3,2.8,0.3,29.3,131.1
LD04172,HM012,F325,D08,2026-08-08 06:30:00,Breakfast,215,5.805,2.365,11.61,32.25,173.505,F325,2.7,1.1,5.4,15.0,5.805,2.365,32.25,173.505
LD04173,HM012,F486,D08,2026-08-08 06:30:00,Breakfast,20,1.6,0.12,1.0,4.0,23.48,F486,8.0,0.6,5.0,20.0,1.6,0.12,4.0,23.479999999999997
LD04174,HM012,F361,D08,2026-08-08 09:30:00,Mid snack,10,1.57,6.72,0.67,1.41,72.4,F361,15.7,67.2,6.7,14.1,1.57,6.720000000000001,1.4100000000000001,72.39999999999999
LD04175,HM012,F353,D08,2026-08-08 09:30:00,Mid snack,85,14.535,7.905,5.1,8.67,163.965,F353,17.1,9.3,6.0,10.2,14.535,7.905,8.67,163.96499999999997
LD04176,HM012,F322,D08,2026-08-08 09:30:00,Mid snack,150,1.8,0.15,2.55,14.7,67.35,F322,1.2,0.1,1.7,9.8,1.7999999999999998,0.15000000000000002,14.700000000000001,67.35
LD04177,HM012,F135,D08,2026-08-08 13:00:00,Lunch,235,6.345,0.705,0.94,65.565,293.985,F135,2.7,0.3,0.4,27.9,6.345000000000001,0.705,65.565,293.985
LD04178,HM012,F371,D08,2026-08-08 13:00:00,Lunch,125,28.375,7.75,0.0,0.0,183.25,F371,22.7,6.2,0.0,0.0,28.375,7.75,0.0,183.25
LD04179,HM012,F394,D08,2026-08-08 13:00:00,Lunch,495,2.475,1.485,8.415,49.995,223.245,F394,0.5,0.3,1.7,10.1,2.475,1.485,49.995,223.245
LD04180,HM012,F482,D08,2026-08-08 13:00:00,Lunch,30,2.1,0.12,2.28,5.76,32.52,F482,7.0,0.4,7.6,19.2,2.1,0.12,5.76,32.519999999999996
LD04181,HM012,F416,D08,2026-08-08 13:00:00,Lunch,140,10.22,1.4,7.14,28.56,167.72,F416,7.3,1.0,5.1,20.4,10.219999999999999,1.4,28.559999999999995,167.72
LD04182,HM012,F188,D08,2026-08-08 13:00:00,Lunch,45,0.495,0.045,0.765,4.14,18.945,F188,1.1,0.1,1.7,9.2,0.49500000000000005,0.045000000000000005,4.14,18.945
LD04183,HM012,F042,D08,2026-08-08 16:00:00,Evening Snack,180,5.4,0.54,4.32,6.84,53.82,F042,3.0,0.3,2.4,3.8,5.4,0.54,6.84,53.82
LD04184,HM012,F227,D08,2026-08-08 16:00:00,Evening Snack,10,1.58,6.78,0.67,1.42,73.02,F227,15.8,67.8,6.7,14.2,1.58,6.78,1.42,73.02000000000001
LD04185,HM012,F342,D08,2026-08-08 16:00:00,Evening Snack,25,3.4,1.675,2.525,17.425,98.375,F342,13.6,6.7,10.1,69.7,3.4,1.675,17.425,98.375
LD04186,HM012,F070,D08,2026-08-08 16:00:00,Evening Snack,25,1.8,0.325,2.875,17.65,80.725,F070,7.2,1.3,11.5,70.6,1.8,0.325,17.65,80.725
LD04187,HM012,F446,D08,2026-08-08 18:30:00,Dinner,215,5.16,0.86,7.095,15.695,91.16,F446,2.4,0.4,3.3,7.3,5.159999999999999,0.86,15.694999999999999,91.16
LD04188,HM012,F255,D08,2026-08-08 18:30:00,Dinner,140,1.54,0.14,2.38,13.58,61.74,F255,1.1,0.1,1.7,9.7,1.54,0.13999999999999999,13.579999999999998,61.74
LD04189,HM012,F069,D08,2026-08-08 18:30:00,Dinner,105,2.625,0.945,1.89,23.625,113.505,F069,2.5,0.9,1.8,22.5,2.625,0.9450000000000001,23.625,113.505
LD04190,HM012,F196,D08,2026-08-08 18:30:00,Dinner,120,0.96,0.48,1.92,17.76,79.2,F196,0.8,0.4,1.6,14.8,0.96,0.48,17.76,79.20000000000002
LD04191,HM012,F267,D08,2026-08-08 18:30:00,Dinner,120,3.84,0.6,4.44,98.88,416.28,F267,3.2,0.5,3.7,82.4,3.84,0.6,98.88000000000001,416.28
LD04192,HM012,F317,D09,2026-08-09 06:30:00,Breakfast,275,3.025,0.55,8.25,17.325,86.35,F317,1.1,0.2,3.0,6.3,3.0250000000000004,0.55,17.325,86.35
LD04193,HM012,F081,D09,2026-08-09 06:30:00,Breakfast,120,8.52,1.2,6.12,23.52,138.96,F081,7.1,1.0,5.1,19.6,8.52,1.2,23.52,138.96
LD04194,HM012,F113,D09,2026-08-09 06:30:00,Breakfast,425,3.825,0.85,11.9,39.95,182.75,F113,0.9,0.2,2.8,9.4,3.825,0.8500000000000001,39.95,182.75000000000003
LD04195,HM012,F414,D09,2026-08-09 06:30:00,Breakfast,90,8.01,0.45,5.76,20.97,119.97,F414,8.9,0.5,6.4,23.3,8.01,0.45,20.970000000000002,119.96999999999998
LD04196,HM012,F437,D09,2026-08-09 09:30:00,Mid snack,10,2.55,1.73,0.0,0.0,25.77,F437,25.5,17.3,0.0,0.0,2.5500000000000003,1.7300000000000002,0.0,25.77
LD04197,HM012,F353,D09,2026-08-09 09:30:00,Mid snack,5,0.855,0.465,0.3,0.51,9.645,F353,17.1,9.3,6.0,10.2,0.8550000000000001,0.4650000000000001,0.51,9.645
LD04198,HM012,F304,D09,2026-08-09 09:30:00,Mid snack,130,30.03,8.19,0.0,0.0,193.83,F304,23.1,6.3,0.0,0.0,30.03,8.19,0.0,193.82999999999998
LD04199,HM012,F070,D09,2026-08-09 13:00:00,Lunch,15,1.08,0.195,1.725,10.59,48.435,F070,7.2,1.3,11.5,70.6,1.08,0.195,10.589999999999998,48.435
LD04200,HM012,F403,D09,2026-08-09 13:00:00,Lunch,500,14.0,1.5,2.0,144.0,645.5,F403,2.8,0.3,0.4,28.8,14.0,1.5,144.0,645.5
LD04201,HM012,F249,D09,2026-08-09 16:00:00,Evening Snack,235,4.7,0.47,7.52,18.33,96.35,F249,2.0,0.2,3.2,7.8,4.7,0.47000000000000003,18.330000000000002,96.35
LD04202,HM012,F495,D09,2026-08-09 16:00:00,Evening Snack,15,2.28,9.78,1.005,2.055,105.36,F495,15.2,65.2,6.7,13.7,2.28,9.78,2.0549999999999997,105.36
LD04203,HM012,F270,D09,2026-08-09 18:30:00,Dinner,165,4.455,1.485,2.97,39.93,190.905,F270,2.7,0.9,1.8,24.2,4.455,1.4849999999999999,39.93,190.905
LD04204,HM012,F243,D09,2026-08-09 18:30:00,Dinner,500,15.5,1.5,12.0,20.0,155.5,F243,3.1,0.3,2.4,4.0,15.5,1.5,20.0,155.5
LD04205,HM012,F047,D09,2026-08-09 18:30:00,Dinner,205,3.28,0.41,5.74,19.68,95.53,F047,1.6,0.2,2.8,9.6,3.28,0.41,19.679999999999996,95.53
LD04206,HM012,F195,D10,2026-08-10 06:30:00,Breakfast,200,1.2,0.4,0.8,15.0,68.4,F195,0.6,0.2,0.4,7.5,1.2,0.4,15.0,68.39999999999999
LD04207,HM012,F019,D10,2026-08-10 06:30:00,Breakfast,10,0.8,0.48,0.03,0.19,8.28,F019,8.0,4.8,0.3,1.9,0.8,0.48,0.19,8.280000000000001
LD04208,HM012,F124,D10,2026-08-10 06:30:00,Breakfast,140,3.5,1.4,7.56,19.6,105.0,F124,2.5,1.0,5.4,14.0,3.5,1.4,19.599999999999998,105.0
LD04209,HM012,F240,D10,2026-08-10 06:30:00,Breakfast,380,114.76,3.8,0.0,0.0,493.24,F240,30.2,1.0,0.0,0.0,114.75999999999999,3.8,0.0,493.24
LD04210,HM012,F178,D10,2026-08-10 06:30:00,Breakfast,230,5.52,0.92,7.59,16.33,95.68,F178,2.4,0.4,3.3,7.1,5.52,0.9199999999999999,16.33,95.67999999999999
LD04211,HM012,F324,D10,2026-08-10 06:30:00,Breakfast,20,0.24,0.06,0.52,4.78,20.62,F324,1.2,0.3,2.6,23.9,0.24,0.06,4.78,20.62
LD04212,HM012,F374,D10,2026-08-10 09:30:00,Mid snack,10,2.99,0.1,0.0,0.0,12.86,F374,29.9,1.0,0.0,0.0,2.99,0.1,0.0,12.860000000000001
LD04213,HM012,F029,D10,2026-08-10 09:30:00,Mid snack,20,3.54,9.94,2.36,4.68,122.34,F029,17.7,49.7,11.8,23.4,3.54,9.940000000000001,4.68,122.33999999999999
LD04214,HM012,F500,D10,2026-08-10 09:30:00,Mid snack,20,2.52,2.12,0.0,0.22,30.04,F500,12.6,10.6,0.0,1.1,2.52,2.12,0.22000000000000003,30.040000000000003
LD04215,HM012,F304,D10,2026-08-10 09:30:00,Mid snack,80,18.48,5.04,0.0,0.0,119.28,F304,23.1,6.3,0.0,0.0,18.48,5.04,0.0,119.28
LD04216,HM012,F436,D10,2026-08-10 09:30:00,Mid snack,20,5.3,2.22,0.0,0.0,41.18,F436,26.5,11.1,0.0,0.0,5.300000000000001,2.22,0.0,41.18
LD04217,HM012,F142,D10,2026-08-10 13:00:00,Lunch,15,1.035,0.15,0.15,11.43,51.21,F142,6.9,1.0,1.0,76.2,1.035,0.15,11.43,51.21
LD04218,HM012,F034,D10,2026-08-10 13:00:00,Lunch,195,50.7,21.255,0.0,0.0,394.095,F034,26.0,10.9,0.0,0.0,50.699999999999996,21.255,0.0,394.095
LD04219,HM012,F267,D10,2026-08-10 13:00:00,Lunch,10,0.32,0.05,0.37,8.24,34.69,F267,3.2,0.5,3.7,82.4,0.32000000000000006,0.05,8.24,34.690000000000005
LD04220,HM012,F413,D10,2026-08-10 13:00:00,Lunch,270,24.57,7.29,20.52,75.33,465.21,F413,9.1,2.7,7.6,27.9,24.57,7.290000000000001,75.33,465.21000000000004
LD04221,HM012,F130,D10,2026-08-10 16:00:00,Evening Snack,5,0.025,0.005,0.07,0.64,2.705,F130,0.5,0.1,1.4,12.8,0.025,0.005000000000000001,0.6400000000000001,2.705
LD04222,HM012,F469,D10,2026-08-10 16:00:00,Evening Snack,60,0.54,0.36,2.58,6.24,30.36,F469,0.9,0.6,4.3,10.4,0.54,0.36,6.24,30.36
LD04223,HM012,F255,D10,2026-08-10 16:00:00,Evening Snack,500,5.5,0.5,8.5,48.5,220.5,F255,1.1,0.1,1.7,9.7,5.5,0.5,48.5,220.5
LD04224,HM012,F392,D10,2026-08-10 16:00:00,Evening Snack,40,1.08,0.4,2.16,5.88,31.44,F392,2.7,1.0,5.4,14.7,1.08,0.4,5.88,31.44
LD04225,HM012,F496,D10,2026-08-10 16:00:00,Evening Snack,5,0.825,1.535,1.72,2.105,25.535,F496,16.5,30.7,34.4,42.1,0.8250000000000001,1.5350000000000001,2.105,25.534999999999997
LD04226,HM012,F391,D10,2026-08-10 18:30:00,Dinner,350,3.85,1.05,9.1,82.25,353.85,F391,1.1,0.3,2.6,23.5,3.8500000000000005,1.05,82.25,353.84999999999997
LD04227,HM012,F376,D10,2026-08-10 18:30:00,Dinner,175,34.3,2.625,0.0,0.0,160.825,F376,19.6,1.5,0.0,0.0,34.300000000000004,2.625,0.0,160.825
LD04228,HM012,F229,D10,2026-08-10 18:30:00,Dinner,45,8.55,19.755,12.285,13.545,266.175,F229,19.0,43.9,27.3,30.1,8.55,19.755,13.545000000000002,266.17499999999995
LD04229,HM012,F454,D11,2026-08-11 06:30:00,Breakfast,370,3.33,0.74,4.44,14.8,79.18,F454,0.9,0.2,1.2,4.0,3.33,0.7400000000000001,14.8,79.18
LD04230,HM012,F041,D11,2026-08-11 06:30:00,Breakfast,240,45.6,3.6,0.0,0.0,214.8,F041,19.0,1.5,0.0,0.0,45.6,3.5999999999999996,0.0,214.8
LD04231,HM012,F423,D11,2026-08-11 06:30:00,Breakfast,25,0.9,0.85,0.0,1.2,16.05,F423,3.6,3.4,0.0,4.8,0.9,0.85,1.2,16.05
LD04232,HM012,F034,D11,2026-08-11 06:30:00,Breakfast,135,35.1,14.715,0.0,0.0,272.835,F034,26.0,10.9,0.0,0.0,35.1,14.715000000000002,0.0,272.83500000000004
LD04233,HM012,F320,D11,2026-08-11 09:30:00,Mid snack,500,4.5,1.0,6.0,20.5,109.0,F320,0.9,0.2,1.2,4.1,4.5,1.0,20.5,109.0
LD04234,HM012,F086,D11,2026-08-11 09:30:00,Mid snack,45,3.51,2.115,0.135,0.855,36.495,F086,7.8,4.7,0.3,1.9,3.51,2.115,0.855,36.495000000000005
LD04235,HM012,F160,D11,2026-08-11 09:30:00,Mid snack,5,0.75,3.225,0.335,0.68,34.745,F160,15.0,64.5,6.7,13.6,0.75,3.225,0.68,34.745000000000005
LD04236,HM012,F309,D11,2026-08-11 13:00:00,Lunch,85,16.915,1.36,0.0,0.0,79.9,F309,19.9,1.6,0.0,0.0,16.915,1.36,0.0,79.89999999999999
LD04237,HM012,F486,D11,2026-08-11 13:00:00,Lunch,240,19.2,1.44,12.0,48.0,281.76,F486,8.0,0.6,5.0,20.0,19.2,1.44,48.0,281.76
LD04238,HM012,F270,D11,2026-08-11 13:00:00,Lunch,275,7.425,2.475,4.95,66.55,318.175,F270,2.7,0.9,1.8,24.2,7.425000000000001,2.475,66.55,318.17499999999995
LD04239,HM012,F245,D11,2026-08-11 16:00:00,Evening Snack,100,2.5,0.4,3.3,7.5,43.6,F245,2.5,0.4,3.3,7.5,2.5,0.4,7.5,43.6
LD04240,HM012,F254,D11,2026-08-11 16:00:00,Evening Snack,10,0.07,0.01,0.05,0.37,1.85,F254,0.7,0.1,0.5,3.7,0.06999999999999999,0.010000000000000002,0.37000000000000005,1.85
LD04241,HM012,F205,D11,2026-08-11 16:00:00,Evening Snack,10,1.14,0.52,1.1,6.97,37.12,F205,11.4,5.2,11.0,69.7,1.1400000000000001,0.52,6.970000000000001,37.12
LD04242,HM012,F294,D11,2026-08-11 16:00:00,Evening Snack,20,3.2,13.7,1.34,2.88,147.62,F294,16.0,68.5,6.7,14.4,3.2,13.700000000000001,2.8800000000000003,147.62
LD04243,HM012,F315,D11,2026-08-11 18:30:00,Dinner,270,4.59,0.54,7.56,27.27,132.3,F315,1.7,0.2,2.8,10.1,4.59,0.54,27.27,132.3
LD04244,HM012,F016,D11,2026-08-11 18:30:00,Dinner,115,9.2,1.725,8.05,25.3,153.525,F016,8.0,1.5,7.0,22.0,9.2,1.7249999999999999,25.299999999999997,153.525
LD04245,HM012,F125,D11,2026-08-11 18:30:00,Dinner,285,2.565,0.285,6.84,33.06,145.065,F125,0.9,0.1,2.4,11.6,2.565,0.28500000000000003,33.06,145.065
LD04246,HM012,F027,D11,2026-08-11 18:30:00,Dinner,20,3.3,6.14,6.88,8.42,102.14,F027,16.5,30.7,34.4,42.1,3.3000000000000003,6.140000000000001,8.42,102.13999999999999
LD04247,HM012,F372,D12,2026-08-12 06:30:00,Breakfast,115,23.69,5.98,0.0,0.0,148.58,F372,20.6,5.2,0.0,0.0,23.69,5.9799999999999995,0.0,148.58
LD04248,HM012,F192,D12,2026-08-12 06:30:00,Breakfast,25,0.225,0.025,0.6,2.925,12.825,F192,0.9,0.1,2.4,11.7,0.225,0.025,2.925,12.825
LD04249,HM012,F496,D12,2026-08-12 06:30:00,Breakfast,10,1.65,3.07,3.44,4.21,51.07,F496,16.5,30.7,34.4,42.1,1.6500000000000001,3.0700000000000003,4.21,51.06999999999999
LD04250,HM012,F380,D12,2026-08-12 06:30:00,Breakfast,500,9.5,2.0,11.5,26.0,160.0,F380,1.9,0.4,2.3,5.2,9.5,2.0,26.0,160.0
LD04251,HM012,F475,D12,2026-08-12 06:30:00,Breakfast,70,9.59,1.33,8.54,50.82,253.61,F475,13.7,1.9,12.2,72.6,9.589999999999998,1.3299999999999998,50.81999999999999,253.60999999999999
LD04252,HM012,F087,D12,2026-08-12 06:30:00,Breakfast,55,9.845,11.22,0.0,1.375,145.86,F087,17.9,20.4,0.0,2.5,9.845,11.22,1.375,145.86
LD04253,HM012,F440,D12,2026-08-12 09:30:00,Mid snack,20,5.1,2.24,0.0,0.0,40.56,F440,25.5,11.2,0.0,0.0,5.1000000000000005,2.2399999999999998,0.0,40.56
LD04254,HM012,F444,D12,2026-08-12 09:30:00,Mid snack,35,1.085,0.105,0.84,1.365,10.745,F444,3.1,0.3,2.4,3.9,1.085,0.105,1.365,10.745000000000001
LD04255,HM012,F181,D12,2026-08-12 09:30:00,Mid snack,500,8.0,1.0,14.0,47.5,231.0,F181,1.6,0.2,2.8,9.5,8.0,1.0,47.5,231.0
LD04256,HM012,F377,D12,2026-08-12 13:00:00,Lunch,465,14.415,1.395,11.16,18.135,142.755,F377,3.1,0.3,2.4,3.9,14.415000000000001,1.395,18.135,142.755
LD04257,HM012,F460,D12,2026-08-12 13:00:00,Lunch,500,4.5,0.5,12.0,60.0,262.5,F460,0.9,0.1,2.4,12.0,4.5,0.5,60.0,262.5
LD04258,HM012,F006,D12,2026-08-12 13:00:00,Lunch,5,0.685,0.095,0.61,3.63,18.115,F006,13.7,1.9,12.2,72.6,0.685,0.095,3.63,18.115
LD04259,HM012,F428,D12,2026-08-12 13:00:00,Lunch,15,2.325,9.975,1.005,2.1,107.475,F428,15.5,66.5,6.7,14.0,2.3249999999999997,9.975,2.1,107.475
LD04260,HM012,F360,D12,2026-08-12 13:00:00,Lunch,30,5.61,13.53,0.99,9.33,181.53,F360,18.7,45.1,3.3,31.1,5.609999999999999,13.53,9.33,181.53
LD04261,HM012,F240,D12,2026-08-12 13:00:00,Lunch,125,37.75,1.25,0.0,0.0,162.25,F240,30.2,1.0,0.0,0.0,37.75,1.25,0.0,162.25
LD04262,HM012,F270,D12,2026-08-12 16:00:00,Evening Snack,135,3.645,1.215,2.43,32.67,156.195,F270,2.7,0.9,1.8,24.2,3.6450000000000005,1.215,32.67,156.19500000000002
LD04263,HM012,F047,D12,2026-08-12 16:00:00,Evening Snack,175,2.8,0.35,4.9,16.8,81.55,F047,1.6,0.2,2.8,9.6,2.8000000000000003,0.35000000000000003,16.8,81.55000000000001
LD04264,HM012,F327,D12,2026-08-12 16:00:00,Evening Snack,170,0.85,0.51,2.89,17.51,78.03,F327,0.5,0.3,1.7,10.3,0.85,0.51,17.51,78.03000000000002
LD04265,HM012,F014,D12,2026-08-12 18:30:00,Dinner,175,12.6,1.75,8.925,35.0,206.15,F014,7.2,1.0,5.1,20.0,12.6,1.75,35.0,206.15
LD04266,HM012,F248,D12,2026-08-12 18:30:00,Dinner,500,8.5,1.0,14.0,50.0,243.0,F248,1.7,0.2,2.8,10.0,8.5,1.0,50.0,243.0
LD04267,HM012,F114,D12,2026-08-12 18:30:00,Dinner,190,3.04,0.38,5.32,17.86,87.02,F114,1.6,0.2,2.8,9.4,3.04,0.38,17.86,87.02
LD04268,HM012,F361,D12,2026-08-12 18:30:00,Dinner,15,2.355,10.08,1.005,2.115,108.6,F361,15.7,67.2,6.7,14.1,2.355,10.08,2.1149999999999998,108.6
LD04269,HM012,F224,D12,2026-08-12 18:30:00,Dinner,20,5.36,10.24,1.7,3.34,126.96,F224,26.8,51.2,8.5,16.7,5.36,10.240000000000002,3.34,126.96
LD04270,HM012,F391,D13,2026-08-13 06:30:00,Breakfast,325,3.575,0.975,8.45,76.375,328.575,F391,1.1,0.3,2.6,23.5,3.575,0.975,76.375,328.575
LD04271,HM012,F141,D13,2026-08-13 06:30:00,Breakfast,25,3.275,1.6,2.525,16.75,94.5,F141,13.1,6.4,10.1,67.0,3.275,1.6,16.75,94.5
LD04272,HM012,F113,D13,2026-08-13 09:30:00,Mid snack,170,1.53,0.34,4.76,15.98,73.1,F113,0.9,0.2,2.8,9.4,1.53,0.34,15.98,73.10000000000001
LD04273,HM012,F189,D13,2026-08-13 09:30:00,Mid snack,265,8.215,0.795,2.65,8.745,74.995,F189,3.1,0.3,1.0,3.3,8.215,0.7949999999999999,8.745,74.995
LD04274,HM012,F289,D13,2026-08-13 09:30:00,Mid snack,30,1.11,1.05,0.0,1.47,19.77,F289,3.7,3.5,0.0,4.9,1.11,1.05,1.47,19.770000000000003
LD04275,HM012,F016,D13,2026-08-13 13:00:00,Lunch,235,18.8,3.525,16.45,51.7,313.725,F016,8.0,1.5,7.0,22.0,18.8,3.5250000000000004,51.7,313.725
LD04276,HM012,F389,D13,2026-08-13 13:00:00,Lunch,65,0.715,0.065,1.105,6.24,28.405,F389,1.1,0.1,1.7,9.6,0.7150000000000001,0.065,6.24,28.405
LD04277,HM012,F417,D13,2026-08-13 13:00:00,Lunch,60,5.52,0.24,4.74,12.24,73.2,F417,9.2,0.4,7.9,20.4,5.52,0.24,12.239999999999998,73.19999999999999
LD04278,HM012,F446,D13,2026-08-13 13:00:00,Lunch,170,4.08,0.68,5.61,12.41,72.08,F446,2.4,0.4,3.3,7.3,4.08,0.68,12.41,72.08000000000001
LD04279,HM012,F002,D13,2026-08-13 18:30:00,Dinner,265,6.89,2.385,4.77,60.95,292.825,F002,2.6,0.9,1.8,23.0,6.89,2.385,60.949999999999996,292.825
LD04280,HM012,F247,D13,2026-08-13 18:30:00,Dinner,300,2.7,0.6,8.4,30.0,136.2,F247,0.9,0.2,2.8,10.0,2.7,0.6000000000000001,30.0,136.20000000000002
LD04281,HM012,F301,D14,2026-08-14 06:30:00,Breakfast,295,96.17,11.21,0.0,0.0,485.57,F301,32.6,3.8,0.0,0.0,96.17000000000002,11.21,0.0,485.57000000000005
LD04282,HM012,F045,D14,2026-08-14 06:30:00,Breakfast,45,0.81,0.18,1.035,2.25,13.86,F045,1.8,0.4,2.3,5.0,0.81,0.18000000000000002,2.25,13.86
LD04283,HM012,F443,D14,2026-08-14 09:30:00,Mid snack,105,20.37,1.575,0.0,0.0,95.655,F443,19.4,1.5,0.0,0.0,20.37,1.5750000000000002,0.0,95.655
LD04284,HM012,F236,D14,2026-08-14 09:30:00,Mid snack,40,10.4,7.08,0.0,0.0,105.32,F236,26.0,17.7,0.0,0.0,10.4,7.08,0.0,105.32
LD04285,HM012,F152,D14,2026-08-14 13:00:00,Lunch,215,35.26,19.135,12.9,21.07,397.535,F152,16.4,8.9,6.0,9.8,35.26,19.135,21.07,397.53499999999997
LD04286,HM012,F025,D14,2026-08-14 13:00:00,Lunch,30,5.46,13.14,0.99,9.06,176.34,F025,18.2,43.8,3.3,30.2,5.46,13.139999999999999,9.059999999999999,176.34
LD04287,HM012,F205,D14,2026-08-14 18:30:00,Dinner,110,12.54,5.72,12.1,76.67,408.32,F205,11.4,5.2,11.0,69.7,12.540000000000001,5.720000000000001,76.67000000000002,408.32000000000005
LD04288,HM012,F256,D14,2026-08-14 18:30:00,Dinner,185,5.92,0.555,1.85,6.29,53.835,F256,3.2,0.3,1.0,3.4,5.920000000000001,0.555,6.29,53.835
LD04289,HM012,F348,D15,2026-08-15 06:30:00,Breakfast,400,28.8,1.6,30.4,79.2,446.4,F348,7.2,0.4,7.6,19.8,28.8,1.6,79.2,446.4
LD04290,HM012,F004,D15,2026-08-15 06:30:00,Breakfast,25,2.75,1.25,2.75,16.75,89.25,F004,11.0,5.0,11.0,67.0,2.75,1.25,16.75,89.25
LD04291,HM012,F334,D15,2026-08-15 06:30:00,Breakfast,60,1.98,0.3,2.22,49.92,210.3,F334,3.3,0.5,3.7,83.2,1.9799999999999998,0.3,49.92,210.29999999999998
LD04292,HM012,F021,D15,2026-08-15 09:30:00,Mid snack,200,7.0,6.6,0.0,9.4,125.0,F021,3.5,3.3,0.0,4.7,7.0,6.6,9.4,125.0
LD04293,HM012,F103,D15,2026-08-15 09:30:00,Mid snack,5,1.08,0.295,0.0,0.0,6.975,F103,21.6,5.9,0.0,0.0,1.08,0.29500000000000004,0.0,6.975
LD04294,HM012,F213,D15,2026-08-15 09:30:00,Mid snack,30,2.7,0.15,1.92,7.11,40.59,F213,9.0,0.5,6.4,23.7,2.6999999999999997,0.15,7.109999999999999,40.59
LD04295,HM012,F321,D15,2026-08-15 09:30:00,Mid snack,500,3.5,0.5,2.5,19.0,94.5,F321,0.7,0.1,0.5,3.8,3.5,0.5,19.0,94.5
LD04296,HM012,F352,D15,2026-08-15 09:30:00,Mid snack,10,0.82,0.06,0.5,2.06,12.06,F352,8.2,0.6,5.0,20.6,0.82,0.06,2.06,12.059999999999999
LD04297,HM012,F252,D15,2026-08-15 13:00:00,Lunch,500,5.0,1.0,14.0,21.0,113.0,F252,1.0,0.2,2.8,4.2,5.0,1.0,21.0,113.0
LD04298,HM012,F279,D15,2026-08-15 13:00:00,Lunch,40,3.72,1.08,3.04,11.52,70.68,F279,9.3,2.7,7.6,28.8,3.7200000000000006,1.08,11.520000000000001,70.68
LD04299,HM012,F003,D15,2026-08-15 13:00:00,Lunch,20,1.46,0.26,2.3,14.4,65.78,F003,7.3,1.3,11.5,72.0,1.46,0.26,14.4,65.78
LD04300,HM012,F156,D15,2026-08-15 13:00:00,Lunch,20,0.64,0.66,0.0,0.96,12.34,F156,3.2,3.3,0.0,4.8,0.6400000000000001,0.66,0.96,12.34
LD04301,HM012,F497,D15,2026-08-15 13:00:00,Lunch,25,4.575,10.55,6.825,7.225,142.15,F497,18.3,42.2,27.3,28.9,4.575,10.55,7.225,142.15
LD04302,HM012,F058,D15,2026-08-15 16:00:00,Evening Snack,25,0.225,0.025,0.6,2.95,12.925,F058,0.9,0.1,2.4,11.8,0.225,0.025,2.95,12.925
LD04303,HM012,F310,D15,2026-08-15 16:00:00,Evening Snack,220,7.04,0.66,5.28,8.8,69.3,F310,3.2,0.3,2.4,4.0,7.040000000000001,0.66,8.8,69.3
LD04304,HM012,F363,D15,2026-08-15 16:00:00,Evening Snack,15,2.82,6.525,4.095,4.47,87.885,F363,18.8,43.5,27.3,29.8,2.82,6.5249999999999995,4.47,87.88499999999999
LD04305,HM012,F410,D15,2026-08-15 16:00:00,Evening Snack,40,2.84,0.4,0.4,31.4,140.56,F410,7.1,1.0,1.0,78.5,2.84,0.4,31.400000000000002,140.55999999999997
LD04306,HM012,F460,D15,2026-08-15 16:00:00,Evening Snack,30,0.27,0.03,0.72,3.6,15.75,F460,0.9,0.1,2.4,12.0,0.27,0.03,3.5999999999999996,15.75
LD04307,HM012,F355,D15,2026-08-15 18:30:00,Dinner,90,16.92,19.26,0.0,2.34,250.38,F355,18.8,21.4,0.0,2.6,16.92,19.259999999999998,2.3400000000000003,250.38
LD04308,HM012,F228,D15,2026-08-15 18:30:00,Dinner,10,1.72,3.19,3.44,4.38,53.11,F228,17.2,31.9,34.4,43.8,1.72,3.19,4.38,53.11
LD04309,HM012,F225,D15,2026-08-15 18:30:00,Dinner,10,2.2,5.19,1.25,2.26,64.55,F225,22.0,51.9,12.5,22.6,2.2,5.19,2.2600000000000002,64.55
LD04310,HM012,F249,D15,2026-08-15 18:30:00,Dinner,25,0.5,0.05,0.8,1.95,10.25,F249,2.0,0.2,3.2,7.8,0.5,0.05,1.95,10.25
LD04311,HM012,F429,D15,2026-08-15 18:30:00,Dinner,15,2.52,4.695,5.16,6.435,78.075,F429,16.8,31.3,34.4,42.9,2.52,4.695,6.435,78.075
LD04312,HM012,F386,D15,2026-08-15 18:30:00,Dinner,500,5.0,1.0,14.0,20.5,111.0,F386,1.0,0.2,2.8,4.1,5.0,1.0,20.5,111.0
LD04313,HM012,F247,D16,2026-08-16 06:30:00,Breakfast,95,0.855,0.19,2.66,9.5,43.13,F247,0.9,0.2,2.8,10.0,0.855,0.19,9.5,43.13
LD04314,HM012,F005,D16,2026-08-16 06:30:00,Breakfast,25,2.6,0.775,1.65,18.15,89.975,F005,10.4,3.1,6.6,72.6,2.6,0.775,18.15,89.975
LD04315,HM012,F279,D16,2026-08-16 06:30:00,Breakfast,105,9.765,2.835,7.98,30.24,185.535,F279,9.3,2.7,7.6,28.8,9.765,2.8350000000000004,30.240000000000002,185.53499999999997
LD04316,HM012,F323,D16,2026-08-16 06:30:00,Breakfast,125,4.125,0.375,1.25,4.375,37.375,F323,3.3,0.3,1.0,3.5,4.125,0.375,4.375,37.375
LD04317,HM012,F440,D16,2026-08-16 09:30:00,Mid snack,30,7.65,3.36,0.0,0.0,60.84,F440,25.5,11.2,0.0,0.0,7.6499999999999995,3.36,0.0,60.84
LD04318,HM012,F304,D16,2026-08-16 09:30:00,Mid snack,65,15.015,4.095,0.0,0.0,96.915,F304,23.1,6.3,0.0,0.0,15.015,4.095,0.0,96.91499999999999
LD04319,HM012,F453,D16,2026-08-16 13:00:00,Lunch,500,5.0,1.0,14.0,20.5,111.0,F453,1.0,0.2,2.8,4.1,5.0,1.0,20.5,111.0
LD04320,HM012,F030,D16,2026-08-16 13:00:00,Lunch,5,1.51,2.455,0.3,0.535,30.275,F030,30.2,49.1,6.0,10.7,1.51,2.455,0.535,30.275
LD04321,HM012,F408,D16,2026-08-16 18:30:00,Dinner,50,7.0,0.95,6.1,37.05,184.75,F408,14.0,1.9,12.2,74.1,7.0,0.95,37.05,184.75
LD04322,HM012,F307,D16,2026-08-16 18:30:00,Dinner,10,3.05,0.11,0.0,0.0,13.19,F307,30.5,1.1,0.0,0.0,3.0500000000000003,0.11000000000000001,0.0,13.19
LD04323,HM012,F184,D16,2026-08-16 18:30:00,Dinner,500,3.0,0.5,6.0,17.0,84.5,F184,0.6,0.1,1.2,3.4,3.0,0.5,17.0,84.5
LD04324,HM012,F475,D17,2026-08-17 06:30:00,Breakfast,5,0.685,0.095,0.61,3.63,18.115,F475,13.7,1.9,12.2,72.6,0.685,0.095,3.63,18.115
LD04325,HM012,F265,D17,2026-08-17 06:30:00,Breakfast,500,3.5,1.0,4.5,94.0,399.0,F265,0.7,0.2,0.9,18.8,3.5,1.0,94.0,399.0
LD04326,HM012,F272,D17,2026-08-17 06:30:00,Breakfast,70,8.12,3.64,7.7,49.28,262.36,F272,11.6,5.2,11.0,70.4,8.12,3.6399999999999997,49.28,262.36
LD04327,HM012,F220,D17,2026-08-17 06:30:00,Breakfast,65,5.395,3.25,0.195,1.3,56.03,F220,8.3,5.0,0.3,2.0,5.3950000000000005,3.25,1.3,56.03
LD04328,HM012,F180,D17,2026-08-17 09:30:00,Mid snack,80,0.72,0.16,2.24,7.6,34.72,F180,0.9,0.2,2.8,9.5,0.7200000000000001,0.16000000000000003,7.6000000000000005,34.72
LD04329,HM012,F113,D17,2026-08-17 09:30:00,Mid snack,135,1.215,0.27,3.78,12.69,58.05,F113,0.9,0.2,2.8,9.4,1.215,0.27,12.690000000000001,58.05
LD04330,HM012,F146,D17,2026-08-17 09:30:00,Mid snack,150,12.9,0.75,9.6,33.9,193.95,F146,8.6,0.5,6.4,22.6,12.899999999999999,0.75,33.900000000000006,193.95
LD04331,HM012,F167,D17,2026-08-17 09:30:00,Mid snack,10,3.07,0.36,0.0,0.0,15.52,F167,30.7,3.6,0.0,0.0,3.0700000000000003,0.36000000000000004,0.0,15.52
LD04332,HM012,F323,D17,2026-08-17 13:00:00,Lunch,480,15.84,1.44,4.8,16.8,143.52,F323,3.3,0.3,1.0,3.5,15.839999999999998,1.44,16.8,143.52
LD04333,HM012,F133,D17,2026-08-17 13:00:00,Lunch,40,1.2,0.2,1.48,31.04,130.76,F133,3.0,0.5,3.7,77.6,1.2000000000000002,0.2,31.04,130.76000000000002
LD04334,HM012,F367,D17,2026-08-17 13:00:00,Lunch,280,31.36,0.56,0.0,1.96,138.32,F367,11.2,0.2,0.0,0.7,31.359999999999996,0.5599999999999999,1.9599999999999997,138.32
LD04335,HM012,F241,D17,2026-08-17 13:00:00,Lunch,165,41.25,1.65,0.0,0.0,179.85,F241,25.0,1.0,0.0,0.0,41.25,1.65,0.0,179.85
LD04336,HM012,F060,D17,2026-08-17 13:00:00,Lunch,225,3.825,2.7,9.0,42.075,207.9,F060,1.7,1.2,4.0,18.7,3.8249999999999997,2.6999999999999997,42.074999999999996,207.90000000000003
LD04337,HM012,F128,D17,2026-08-17 13:00:00,Lunch,470,2.82,0.94,1.88,34.78,158.86,F128,0.6,0.2,0.4,7.4,2.82,0.9400000000000001,34.78,158.86
LD04338,HM012,F321,D17,2026-08-17 16:00:00,Evening Snack,55,0.385,0.055,0.275,2.09,10.395,F321,0.7,0.1,0.5,3.8,0.385,0.05500000000000001,2.09,10.394999999999998
LD04339,HM012,F094,D17,2026-08-17 16:00:00,Evening Snack,50,8.1,15.05,17.2,20.65,250.45,F094,16.2,30.1,34.4,41.3,8.1,15.05,20.65,250.45000000000002
LD04340,HM012,F027,D17,2026-08-17 16:00:00,Evening Snack,10,1.65,3.07,3.44,4.21,51.07,F027,16.5,30.7,34.4,42.1,1.6500000000000001,3.0700000000000003,4.21,51.06999999999999
LD04341,HM012,F040,D17,2026-08-17 18:30:00,Dinner,60,14.4,0.6,0.0,0.0,63.0,F040,24.0,1.0,0.0,0.0,14.399999999999999,0.6,0.0,63.0
LD04342,HM012,F157,D17,2026-08-17 18:30:00,Dinner,25,6.375,12.175,2.125,3.975,150.975,F157,25.5,48.7,8.5,15.9,6.375,12.175,3.975,150.975
LD04343,HM012,F500,D17,2026-08-17 18:30:00,Dinner,60,7.56,6.36,0.0,0.66,90.12,F500,12.6,10.6,0.0,1.1,7.56,6.359999999999999,0.66,90.12
LD04344,HM012,F205,D17,2026-08-17 18:30:00,Dinner,5,0.57,0.26,0.55,3.485,18.56,F205,11.4,5.2,11.0,69.7,0.5700000000000001,0.26,3.4850000000000003,18.56
LD04345,HM012,F256,D17,2026-08-17 18:30:00,Dinner,500,16.0,1.5,5.0,17.0,145.5,F256,3.2,0.3,1.0,3.4,16.0,1.5,17.0,145.5
LD04346,HM012,F400,D17,2026-08-17 18:30:00,Dinner,75,1.425,0.15,5.025,57.9,238.65,F400,1.9,0.2,6.7,77.2,1.4249999999999998,0.15000000000000002,57.900000000000006,238.64999999999998
LD04347,HM012,F315,D18,2026-08-18 06:30:00,Breakfast,140,2.38,0.28,3.92,14.14,68.6,F315,1.7,0.2,2.8,10.1,2.38,0.27999999999999997,14.139999999999999,68.6
LD04348,HM012,F484,D18,2026-08-18 06:30:00,Breakfast,125,11.25,0.5,9.875,25.0,149.5,F484,9.0,0.4,7.9,20.0,11.25,0.5,25.0,149.5
LD04349,HM012,F390,D18,2026-08-18 06:30:00,Breakfast,125,4.0,0.375,1.25,4.25,36.375,F390,3.2,0.3,1.0,3.4,4.0,0.375,4.25,36.375
LD04350,HM012,F499,D18,2026-08-18 06:30:00,Breakfast,15,4.53,7.365,0.9,1.605,90.825,F499,30.2,49.1,6.0,10.7,4.529999999999999,7.365,1.6049999999999998,90.82499999999999
LD04351,HM012,F271,D18,2026-08-18 13:00:00,Lunch,110,8.47,1.54,12.65,83.16,380.38,F271,7.7,1.4,11.5,75.6,8.47,1.54,83.16,380.38
LD04352,HM012,F051,D18,2026-08-18 13:00:00,Lunch,135,1.35,0.27,3.78,5.4,29.43,F051,1.0,0.2,2.8,4.0,1.35,0.27,5.4,29.43
LD04353,HM012,F327,D18,2026-08-18 16:00:00,Evening Snack,10,0.05,0.03,0.17,1.03,4.59,F327,0.5,0.3,1.7,10.3,0.05,0.03,1.03,4.59
LD04354,HM012,F328,D18,2026-08-18 16:00:00,Evening Snack,40,0.72,0.52,1.6,7.84,38.92,F328,1.8,1.3,4.0,19.6,0.7200000000000001,0.52,7.840000000000001,38.92
LD04355,HM012,F342,D18,2026-08-18 16:00:00,Evening Snack,5,0.68,0.335,0.505,3.485,19.675,F342,13.6,6.7,10.1,69.7,0.68,0.335,3.4850000000000003,19.675
LD04356,HM012,F184,D18,2026-08-18 16:00:00,Evening Snack,375,2.25,0.375,4.5,12.75,63.375,F184,0.6,0.1,1.2,3.4,2.25,0.375,12.75,63.375
LD04357,HM012,F414,D18,2026-08-18 18:30:00,Dinner,135,12.015,0.675,8.64,31.455,179.955,F414,8.9,0.5,6.4,23.3,12.015,0.675,31.455000000000002,179.95499999999998
LD04358,HM012,F194,D18,2026-08-18 18:30:00,Dinner,165,2.805,1.98,6.6,30.525,151.14,F194,1.7,1.2,4.0,18.5,2.8049999999999997,1.9799999999999998,30.525,151.14
LD04359,HM012,F167,D19,2026-08-19 06:30:00,Breakfast,225,69.075,8.1,0.0,0.0,349.2,F167,30.7,3.6,0.0,0.0,69.075,8.1,0.0,349.2
LD04360,HM012,F286,D19,2026-08-19 06:30:00,Breakfast,5,0.87,0.475,0.3,0.52,9.835,F286,17.4,9.5,6.0,10.4,0.87,0.47500000000000003,0.52,9.835
LD04361,HM012,F051,D19,2026-08-19 06:30:00,Breakfast,285,2.85,0.57,7.98,11.4,62.13,F051,1.0,0.2,2.8,4.0,2.85,0.5700000000000001,11.4,62.13
LD04362,HM012,F192,D19,2026-08-19 06:30:00,Breakfast,500,4.5,0.5,12.0,58.5,256.5,F192,0.9,0.1,2.4,11.7,4.5,0.5,58.5,256.5
LD04363,HM012,F264,D19,2026-08-19 06:30:00,Breakfast,170,0.85,0.17,2.38,23.12,97.41,F264,0.5,0.1,1.4,13.6,0.85,0.17,23.119999999999997,97.41000000000001
LD04364,HM012,F313,D19,2026-08-19 09:30:00,Mid snack,500,9.5,2.0,11.5,26.0,160.0,F313,1.9,0.4,2.3,5.2,9.5,2.0,26.0,160.0
LD04365,HM012,F433,D19,2026-08-19 09:30:00,Mid snack,25,3.225,2.7,0.0,0.275,38.3,F433,12.9,10.8,0.0,1.1,3.225,2.7,0.275,38.3
LD04366,HM012,F496,D19,2026-08-19 09:30:00,Mid snack,5,0.825,1.535,1.72,2.105,25.535,F496,16.5,30.7,34.4,42.1,0.8250000000000001,1.5350000000000001,2.105,25.534999999999997
LD04367,HM012,F325,D19,2026-08-19 13:00:00,Lunch,100,2.7,1.1,5.4,15.0,80.7,F325,2.7,1.1,5.4,15.0,2.7,1.1,15.0,80.7
LD04368,HM012,F494,D19,2026-08-19 13:00:00,Lunch,120,21.84,52.56,3.96,36.24,705.36,F494,18.2,43.8,3.3,30.2,21.84,52.559999999999995,36.239999999999995,705.36
LD04369,HM012,F178,D19,2026-08-19 13:00:00,Lunch,500,12.0,2.0,16.5,35.5,208.0,F178,2.4,0.4,3.3,7.1,12.0,2.0,35.5,208.0
LD04370,HM012,F312,D19,2026-08-19 16:00:00,Evening Snack,140,3.5,0.56,4.62,10.64,61.6,F312,2.5,0.4,3.3,7.6,3.5,0.5599999999999999,10.639999999999999,61.6
LD04371,HM012,F338,D19,2026-08-19 16:00:00,Evening Snack,60,4.5,0.78,6.9,44.52,203.1,F338,7.5,1.3,11.5,74.2,4.5,0.78,44.52,203.10000000000002
LD04372,HM012,F476,D19,2026-08-19 16:00:00,Evening Snack,20,2.64,1.3,2.02,13.54,76.42,F476,13.2,6.5,10.1,67.7,2.64,1.3,13.540000000000001,76.42
LD04373,HM012,F458,D19,2026-08-19 18:30:00,Dinner,40,0.44,0.12,1.04,9.32,40.12,F458,1.1,0.3,2.6,23.3,0.44000000000000006,0.12,9.32,40.12
LD04374,HM012,F400,D19,2026-08-19 18:30:00,Dinner,60,1.14,0.12,4.02,46.32,190.92,F400,1.9,0.2,6.7,77.2,1.14,0.12,46.32,190.92000000000002
LD04375,HM012,F002,D19,2026-08-19 18:30:00,Dinner,300,7.8,2.7,5.4,69.0,331.5,F002,2.6,0.9,1.8,23.0,7.800000000000001,2.7,69.0,331.5
LD04376,HM012,F337,D19,2026-08-19 18:30:00,Dinner,215,5.805,1.935,3.87,50.955,244.455,F337,2.7,0.9,1.8,23.7,5.805,1.935,50.955,244.45499999999998
LD04377,HM012,F441,D19,2026-08-19 18:30:00,Dinner,75,22.2,0.75,0.0,0.0,95.55,F441,29.6,1.0,0.0,0.0,22.200000000000003,0.75,0.0,95.55
LD04378,HM012,F033,D20,2026-08-20 06:30:00,Breakfast,35,10.85,1.26,0.0,0.0,54.74,F033,31.0,3.6,0.0,0.0,10.85,1.26,0.0,54.739999999999995
LD04379,HM012,F423,D20,2026-08-20 06:30:00,Breakfast,240,8.64,8.16,0.0,11.52,154.08,F423,3.6,3.4,0.0,4.8,8.64,8.16,11.52,154.07999999999998
LD04380,HM012,F264,D20,2026-08-20 06:30:00,Breakfast,115,0.575,0.115,1.61,15.64,65.895,F264,0.5,0.1,1.4,13.6,0.575,0.11499999999999999,15.639999999999999,65.895
LD04381,HM012,F343,D20,2026-08-20 06:30:00,Breakfast,60,4.32,0.6,0.6,47.58,213.0,F343,7.2,1.0,1.0,79.3,4.32,0.6,47.58,213.0
LD04382,HM012,F227,D20,2026-08-20 13:00:00,Lunch,25,3.95,16.95,1.675,3.55,182.55,F227,15.8,67.8,6.7,14.2,3.95,16.95,3.55,182.54999999999998
LD04383,HM012,F273,D20,2026-08-20 13:00:00,Lunch,5,0.545,0.165,0.33,3.81,18.905,F273,10.9,3.3,6.6,76.2,0.545,0.165,3.8100000000000005,18.905
LD04384,HM012,F034,D20,2026-08-20 13:00:00,Lunch,185,48.1,20.165,0.0,0.0,373.885,F034,26.0,10.9,0.0,0.0,48.1,20.165000000000003,0.0,373.885
LD04385,HM012,F414,D20,2026-08-20 18:30:00,Dinner,5,0.445,0.025,0.32,1.165,6.665,F414,8.9,0.5,6.4,23.3,0.44500000000000006,0.025,1.165,6.665
LD04386,HM012,F263,D20,2026-08-20 18:30:00,Dinner,500,4.0,2.0,8.0,78.0,346.0,F263,0.8,0.4,1.6,15.6,4.0,2.0,78.0,346.0
LD04387,HM012,F184,D21,2026-08-21 06:30:00,Breakfast,500,3.0,0.5,6.0,17.0,84.5,F184,0.6,0.1,1.2,3.4,3.0,0.5,17.0,84.5
LD04388,HM012,F497,D21,2026-08-21 06:30:00,Breakfast,5,0.915,2.11,1.365,1.445,28.43,F497,18.3,42.2,27.3,28.9,0.915,2.1100000000000003,1.445,28.43
LD04389,HM012,F422,D21,2026-08-21 06:30:00,Breakfast,260,48.62,55.12,0.0,6.5,716.56,F422,18.7,21.2,0.0,2.5,48.62,55.12,6.5,716.56
LD04390,HM012,F055,D21,2026-08-21 09:30:00,Mid snack,35,1.085,0.105,0.35,1.155,9.905,F055,3.1,0.3,1.0,3.3,1.085,0.105,1.1549999999999998,9.905000000000001
LD04391,HM012,F116,D21,2026-08-21 09:30:00,Mid snack,405,4.05,0.81,12.15,23.895,119.07,F116,1.0,0.2,3.0,5.9,4.05,0.81,23.895,119.07000000000001
LD04392,HM012,F482,D21,2026-08-21 09:30:00,Mid snack,5,0.35,0.02,0.38,0.96,5.42,F482,7.0,0.4,7.6,19.2,0.35000000000000003,0.020000000000000004,0.96,5.42
LD04393,HM012,F045,D21,2026-08-21 09:30:00,Mid snack,425,7.65,1.7,9.775,21.25,130.9,F045,1.8,0.4,2.3,5.0,7.65,1.7000000000000002,21.25,130.9
LD04394,HM012,F099,D21,2026-08-21 09:30:00,Mid snack,70,7.49,0.14,0.0,0.49,33.18,F099,10.7,0.2,0.0,0.7,7.489999999999999,0.13999999999999999,0.48999999999999994,33.18
LD04395,HM012,F194,D21,2026-08-21 13:00:00,Lunch,140,2.38,1.68,5.6,25.9,128.24,F194,1.7,1.2,4.0,18.5,2.38,1.68,25.9,128.23999999999998
LD04396,HM012,F251,D21,2026-08-21 13:00:00,Lunch,500,3.0,0.5,6.0,17.5,86.5,F251,0.6,0.1,1.2,3.5,3.0,0.5,17.5,86.5
LD04397,HM012,F162,D21,2026-08-21 13:00:00,Lunch,95,17.195,39.71,25.935,27.17,534.85,F162,18.1,41.8,27.3,28.6,17.195,39.709999999999994,27.17,534.85
LD04398,HM012,F340,D21,2026-08-21 16:00:00,Evening Snack,5,0.535,0.16,0.33,3.74,18.54,F340,10.7,3.2,6.6,74.8,0.535,0.16000000000000003,3.74,18.540000000000003
LD04399,HM012,F387,D21,2026-08-21 16:00:00,Evening Snack,390,3.51,0.78,4.68,15.6,83.46,F387,0.9,0.2,1.2,4.0,3.51,0.78,15.6,83.46
LD04400,HM012,F076,D21,2026-08-21 16:00:00,Evening Snack,50,6.2,0.55,1.95,35.65,172.35,F076,12.4,1.1,3.9,71.3,6.2,0.55,35.65,172.35
LD04401,HM012,F461,D21,2026-08-21 16:00:00,Evening Snack,100,0.5,0.3,1.7,10.0,44.7,F461,0.5,0.3,1.7,10.0,0.5,0.3,10.0,44.7
LD04402,HM012,F476,D21,2026-08-21 18:30:00,Dinner,100,13.2,6.5,10.1,67.7,382.1,F476,13.2,6.5,10.1,67.7,13.2,6.5,67.7,382.1
LD04403,HM012,F243,D21,2026-08-21 18:30:00,Dinner,45,1.395,0.135,1.08,1.8,13.995,F243,3.1,0.3,2.4,4.0,1.395,0.135,1.8,13.995000000000001
LD04404,HM012,F228,D21,2026-08-21 18:30:00,Dinner,5,0.86,1.595,1.72,2.19,26.555,F228,17.2,31.9,34.4,43.8,0.86,1.595,2.19,26.555
LD04405,HM012,F279,D21,2026-08-21 18:30:00,Dinner,20,1.86,0.54,1.52,5.76,35.34,F279,9.3,2.7,7.6,28.8,1.8600000000000003,0.54,5.760000000000001,35.34
LD04406,HM012,F168,D21,2026-08-21 18:30:00,Dinner,170,43.69,18.36,0.0,0.0,340.0,F168,25.7,10.8,0.0,0.0,43.69,18.36,0.0,340.0
LD04407,HM012,F330,D21,2026-08-21 18:30:00,Dinner,50,0.4,0.2,0.8,7.9,35.0,F330,0.8,0.4,1.6,15.8,0.4,0.2,7.9,35.0
LD04408,HM012,F061,D22,2026-08-22 06:30:00,Breakfast,500,3.0,1.0,2.0,38.0,173.0,F061,0.6,0.2,0.4,7.6,3.0,1.0,38.0,173.0
LD04409,HM012,F089,D22,2026-08-22 06:30:00,Breakfast,500,15.5,16.0,0.0,23.5,300.0,F089,3.1,3.2,0.0,4.7,15.5,16.0,23.5,300.0
LD04410,HM012,F339,D22,2026-08-22 06:30:00,Breakfast,10,1.13,0.52,1.1,6.9,36.8,F339,11.3,5.2,11.0,69.0,1.1300000000000001,0.52,6.9,36.800000000000004
LD04411,HM012,F396,D22,2026-08-22 06:30:00,Breakfast,105,0.63,0.21,0.42,8.19,37.17,F396,0.6,0.2,0.4,7.8,0.63,0.21000000000000002,8.19,37.17
LD04412,HM012,F382,D22,2026-08-22 06:30:00,Breakfast,260,4.16,0.52,7.28,25.74,124.28,F382,1.6,0.2,2.8,9.9,4.16,0.52,25.740000000000002,124.28
LD04413,HM012,F185,D22,2026-08-22 09:30:00,Mid snack,220,2.2,0.44,6.16,8.8,47.96,F185,1.0,0.2,2.8,4.0,2.2,0.44000000000000006,8.8,47.96
LD04414,HM012,F427,D22,2026-08-22 09:30:00,Mid snack,5,0.93,2.235,0.165,1.54,29.995,F427,18.6,44.7,3.3,30.8,0.9300000000000002,2.2350000000000003,1.54,29.994999999999997
LD04415,HM012,F347,D22,2026-08-22 09:30:00,Mid snack,5,0.45,0.025,0.32,1.175,6.725,F347,9.0,0.5,6.4,23.5,0.45,0.025,1.175,6.725
LD04416,HM012,F251,D22,2026-08-22 09:30:00,Mid snack,500,3.0,0.5,6.0,17.5,86.5,F251,0.6,0.1,1.2,3.5,3.0,0.5,17.5,86.5
LD04417,HM012,F431,D22,2026-08-22 09:30:00,Mid snack,15,2.715,7.605,1.77,3.585,93.645,F431,18.1,50.7,11.8,23.9,2.7150000000000003,7.605,3.5849999999999995,93.64500000000001
LD04418,HM012,F046,D22,2026-08-22 09:30:00,Mid snack,140,1.26,0.28,3.92,13.44,61.32,F046,0.9,0.2,2.8,9.6,1.26,0.27999999999999997,13.44,61.32
LD04419,HM012,F272,D22,2026-08-22 13:00:00,Lunch,20,2.32,1.04,2.2,14.08,74.96,F272,11.6,5.2,11.0,70.4,2.32,1.04,14.080000000000002,74.96
LD04420,HM012,F016,D22,2026-08-22 13:00:00,Lunch,95,7.6,1.425,6.65,20.9,126.825,F016,8.0,1.5,7.0,22.0,7.6,1.4249999999999998,20.9,126.825
LD04421,HM012,F311,D22,2026-08-22 13:00:00,Lunch,500,31.5,5.5,40.0,42.0,343.5,F311,6.3,1.1,8.0,8.4,31.5,5.5,42.0,343.5
LD04422,HM012,F044,D22,2026-08-22 16:00:00,Evening Snack,345,8.28,1.38,11.385,24.84,144.9,F044,2.4,0.4,3.3,7.2,8.28,1.3800000000000001,24.840000000000003,144.89999999999998
LD04423,HM012,F188,D22,2026-08-22 16:00:00,Evening Snack,115,1.265,0.115,1.955,10.58,48.415,F188,1.1,0.1,1.7,9.2,1.265,0.11499999999999999,10.579999999999998,48.415000000000006
LD04424,HM012,F159,D22,2026-08-22 16:00:00,Evening Snack,25,4.5,10.85,0.825,7.475,145.55,F159,18.0,43.4,3.3,29.9,4.5,10.85,7.475,145.54999999999998
LD04425,HM012,F276,D22,2026-08-22 18:30:00,Dinner,115,8.51,1.265,1.15,93.035,417.565,F276,7.4,1.1,1.0,80.9,8.51,1.265,93.035,417.565
LD04426,HM012,F323,D22,2026-08-22 18:30:00,Dinner,500,16.5,1.5,5.0,17.5,149.5,F323,3.3,0.3,1.0,3.5,16.5,1.5,17.5,149.5
LD04427,HM012,F260,D22,2026-08-22 18:30:00,Dinner,140,0.7,0.42,2.38,14.28,63.7,F260,0.5,0.3,1.7,10.2,0.7,0.42,14.279999999999998,63.699999999999996
LD04428,HM012,F436,D22,2026-08-22 18:30:00,Dinner,60,15.9,6.66,0.0,0.0,123.54,F436,26.5,11.1,0.0,0.0,15.899999999999999,6.659999999999999,0.0,123.53999999999999
LD04429,HM013,F050,D01,2026-08-01 06:30:00,Breakfast,80,0.48,0.08,0.96,2.72,13.52,F050,0.6,0.1,1.2,3.4,0.48,0.08000000000000002,2.72,13.520000000000001
LD04430,HM013,F419,D01,2026-08-01 06:30:00,Breakfast,25,2.05,0.15,1.25,5.1,29.95,F419,8.2,0.6,5.0,20.4,2.05,0.15,5.1,29.95
LD04431,HM013,F267,D01,2026-08-01 06:30:00,Breakfast,160,5.12,0.8,5.92,131.84,555.04,F267,3.2,0.5,3.7,82.4,5.120000000000001,0.8,131.84,555.0400000000001
LD04432,HM013,F304,D01,2026-08-01 09:30:00,Mid snack,10,2.31,0.63,0.0,0.0,14.91,F304,23.1,6.3,0.0,0.0,2.31,0.63,0.0,14.91
LD04433,HM013,F171,D01,2026-08-01 09:30:00,Mid snack,190,37.62,9.5,0.0,0.0,235.98,F171,19.8,5.0,0.0,0.0,37.62,9.5,0.0,235.98
LD04434,HM013,F474,D01,2026-08-01 13:00:00,Lunch,105,10.92,3.255,6.93,76.23,377.895,F474,10.4,3.1,6.6,72.6,10.920000000000002,3.2550000000000003,76.23,377.89500000000004
LD04435,HM013,F241,D01,2026-08-01 13:00:00,Lunch,325,81.25,3.25,0.0,0.0,354.25,F241,25.0,1.0,0.0,0.0,81.25,3.25,0.0,354.25
LD04436,HM013,F392,D01,2026-08-01 16:00:00,Evening Snack,35,0.945,0.35,1.89,5.145,27.51,F392,2.7,1.0,5.4,14.7,0.945,0.35,5.145,27.509999999999998
LD04437,HM013,F208,D01,2026-08-01 16:00:00,Evening Snack,50,6.85,3.4,5.05,35.2,198.8,F208,13.7,6.8,10.1,70.4,6.85,3.4,35.2,198.8
LD04438,HM013,F193,D01,2026-08-01 16:00:00,Evening Snack,25,0.125,0.075,0.425,2.425,10.875,F193,0.5,0.3,1.7,9.7,0.125,0.075,2.425,10.875
LD04439,HM013,F155,D01,2026-08-01 18:30:00,Dinner,115,4.025,3.795,0.0,5.405,71.875,F155,3.5,3.3,0.0,4.7,4.0249999999999995,3.7949999999999995,5.404999999999999,71.875
LD04440,HM013,F142,D01,2026-08-01 18:30:00,Dinner,25,1.725,0.25,0.25,19.05,85.35,F142,6.9,1.0,1.0,76.2,1.725,0.25,19.05,85.35000000000001
LD04441,HM013,F044,D01,2026-08-01 18:30:00,Dinner,500,12.0,2.0,16.5,36.0,210.0,F044,2.4,0.4,3.3,7.2,12.0,2.0,36.0,210.0
LD04442,HM013,F397,D02,2026-08-02 06:30:00,Breakfast,350,2.8,1.4,5.6,54.25,240.8,F397,0.8,0.4,1.6,15.5,2.8000000000000003,1.4000000000000001,54.25,240.79999999999998
LD04443,HM013,F242,D02,2026-08-02 06:30:00,Breakfast,325,64.35,5.2,0.0,0.0,304.2,F242,19.8,1.6,0.0,0.0,64.35000000000001,5.2,0.0,304.2
LD04444,HM013,F211,D02,2026-08-02 09:30:00,Mid snack,25,1.15,0.5,0.7,5.55,31.3,F211,4.6,2.0,2.8,22.2,1.15,0.5,5.55,31.299999999999997
LD04445,HM013,F259,D02,2026-08-02 09:30:00,Mid snack,250,2.25,0.25,6.0,30.75,134.25,F259,0.9,0.1,2.4,12.3,2.25,0.25,30.75,134.25
LD04446,HM013,F093,D02,2026-08-02 09:30:00,Mid snack,5,0.745,3.195,0.335,0.67,34.415,F093,14.9,63.9,6.7,13.4,0.7450000000000001,3.1950000000000003,0.67,34.415
LD04447,HM013,F225,D02,2026-08-02 09:30:00,Mid snack,5,1.1,2.595,0.625,1.13,32.275,F225,22.0,51.9,12.5,22.6,1.1,2.595,1.1300000000000001,32.275
LD04448,HM013,F114,D02,2026-08-02 13:00:00,Lunch,95,1.52,0.19,2.66,8.93,43.51,F114,1.6,0.2,2.8,9.4,1.52,0.19,8.93,43.51
LD04449,HM013,F168,D02,2026-08-02 13:00:00,Lunch,185,47.545,19.98,0.0,0.0,370.0,F168,25.7,10.8,0.0,0.0,47.545,19.980000000000004,0.0,370.0
LD04450,HM013,F291,D02,2026-08-02 13:00:00,Lunch,40,10.84,20.68,3.4,6.76,256.52,F291,27.1,51.7,8.5,16.9,10.840000000000002,20.680000000000003,6.76,256.52
LD04451,HM013,F259,D02,2026-08-02 16:00:00,Evening Snack,165,1.485,0.165,3.96,20.295,88.605,F259,0.9,0.1,2.4,12.3,1.4849999999999999,0.165,20.295,88.605
LD04452,HM013,F258,D02,2026-08-02 16:00:00,Evening Snack,140,3.78,1.4,7.56,20.86,111.16,F258,2.7,1.0,5.4,14.9,3.78,1.4,20.86,111.16
LD04453,HM013,F326,D02,2026-08-02 18:30:00,Dinner,435,3.915,0.435,10.44,53.94,235.335,F326,0.9,0.1,2.4,12.4,3.9149999999999996,0.435,53.94,235.33499999999998
LD04454,HM013,F319,D02,2026-08-02 18:30:00,Dinner,65,0.715,0.13,1.82,2.73,14.95,F319,1.1,0.2,2.8,4.2,0.7150000000000001,0.13,2.7300000000000004,14.95
LD04455,HM013,F498,D02,2026-08-02 18:30:00,Dinner,15,2.655,7.455,1.77,3.51,91.755,F498,17.7,49.7,11.8,23.4,2.655,7.455,3.51,91.755
LD04456,HM013,F309,D02,2026-08-02 18:30:00,Dinner,210,41.79,3.36,0.0,0.0,197.4,F309,19.9,1.6,0.0,0.0,41.79,3.3600000000000003,0.0,197.4
LD04457,HM013,F399,D03,2026-08-03 06:30:00,Breakfast,410,2.87,0.82,3.69,76.26,323.9,F399,0.7,0.2,0.9,18.6,2.8699999999999997,0.82,76.26,323.90000000000003
LD04458,HM013,F296,D03,2026-08-03 06:30:00,Breakfast,40,7.68,17.72,10.92,12.12,238.68,F296,19.2,44.3,27.3,30.3,7.68,17.72,12.120000000000001,238.67999999999998
LD04459,HM013,F282,D03,2026-08-03 09:30:00,Mid snack,80,6.08,0.88,4.08,16.8,99.44,F282,7.6,1.1,5.1,21.0,6.08,0.8800000000000001,16.8,99.44000000000001
LD04460,HM013,F239,D03,2026-08-03 09:30:00,Mid snack,55,14.3,6.27,0.0,0.0,113.63,F239,26.0,11.4,0.0,0.0,14.3,6.2700000000000005,0.0,113.63
LD04461,HM013,F170,D03,2026-08-03 09:30:00,Mid snack,10,2.18,0.59,0.0,0.0,14.03,F170,21.8,5.9,0.0,0.0,2.18,0.5900000000000001,0.0,14.030000000000001
LD04462,HM013,F224,D03,2026-08-03 13:00:00,Lunch,30,8.04,15.36,2.55,5.01,190.44,F224,26.8,51.2,8.5,16.7,8.04,15.36,5.01,190.44
LD04463,HM013,F014,D03,2026-08-03 13:00:00,Lunch,145,10.44,1.45,7.395,29.0,170.81,F014,7.2,1.0,5.1,20.0,10.44,1.45,29.0,170.81
LD04464,HM013,F211,D03,2026-08-03 13:00:00,Lunch,120,5.52,2.4,3.36,26.64,150.24,F211,4.6,2.0,2.8,22.2,5.52,2.4,26.639999999999997,150.23999999999998
LD04465,HM013,F236,D03,2026-08-03 13:00:00,Lunch,70,18.2,12.39,0.0,0.0,184.31,F236,26.0,17.7,0.0,0.0,18.2,12.389999999999999,0.0,184.31
LD04466,HM013,F208,D03,2026-08-03 16:00:00,Evening Snack,35,4.795,2.38,3.535,24.64,139.16,F208,13.7,6.8,10.1,70.4,4.794999999999999,2.38,24.64,139.16
LD04467,HM013,F176,D03,2026-08-03 16:00:00,Evening Snack,265,7.95,0.795,6.36,10.07,79.235,F176,3.0,0.3,2.4,3.8,7.949999999999999,0.7949999999999999,10.069999999999999,79.235
LD04468,HM013,F314,D03,2026-08-03 18:30:00,Dinner,280,2.52,0.56,7.84,28.28,128.24,F314,0.9,0.2,2.8,10.1,2.52,0.5599999999999999,28.279999999999998,128.24
LD04469,HM013,F178,D03,2026-08-03 18:30:00,Dinner,110,2.64,0.44,3.63,7.81,45.76,F178,2.4,0.4,3.3,7.1,2.64,0.44000000000000006,7.8100000000000005,45.76
LD04470,HM013,F379,D03,2026-08-03 18:30:00,Dinner,500,12.5,2.0,16.5,37.0,216.0,F379,2.5,0.4,3.3,7.4,12.5,2.0,37.0,216.0
LD04471,HM013,F253,D03,2026-08-03 18:30:00,Dinner,500,4.5,1.0,6.0,20.5,109.0,F253,0.9,0.2,1.2,4.1,4.5,1.0,20.5,109.0
LD04472,HM013,F132,D04,2026-08-04 06:30:00,Breakfast,25,0.45,0.05,1.675,18.375,75.75,F132,1.8,0.2,6.7,73.5,0.45,0.05,18.375,75.75
LD04473,HM013,F151,D04,2026-08-04 06:30:00,Breakfast,290,22.91,1.74,14.5,57.42,336.98,F151,7.9,0.6,5.0,19.8,22.91,1.74,57.42,336.98
LD04474,HM013,F081,D04,2026-08-04 13:00:00,Lunch,30,2.13,0.3,1.53,5.88,34.74,F081,7.1,1.0,5.1,19.6,2.13,0.3,5.88,34.74
LD04475,HM013,F299,D04,2026-08-04 13:00:00,Lunch,320,42.24,35.52,0.0,3.84,504.0,F299,13.2,11.1,0.0,1.2,42.24,35.52,3.84,504.0
LD04476,HM013,F013,D04,2026-08-04 18:30:00,Dinner,55,3.85,0.22,4.18,10.56,59.62,F013,7.0,0.4,7.6,19.2,3.8500000000000005,0.22000000000000003,10.56,59.62
LD04477,HM013,F464,D04,2026-08-04 18:30:00,Dinner,500,4.0,2.0,8.0,76.5,340.0,F464,0.8,0.4,1.6,15.3,4.0,2.0,76.5,340.0
LD04478,HM013,F387,D04,2026-08-04 18:30:00,Dinner,135,1.215,0.27,1.62,5.4,28.89,F387,0.9,0.2,1.2,4.0,1.215,0.27,5.4,28.89
LD04479,HM013,F179,D05,2026-08-05 06:30:00,Breakfast,125,2.25,0.5,2.875,6.25,38.5,F179,1.8,0.4,2.3,5.0,2.25,0.5,6.25,38.5
LD04480,HM013,F240,D05,2026-08-05 06:30:00,Breakfast,70,21.14,0.7,0.0,0.0,90.86,F240,30.2,1.0,0.0,0.0,21.139999999999997,0.7,0.0,90.86
LD04481,HM013,F170,D05,2026-08-05 06:30:00,Breakfast,495,107.91,29.205,0.0,0.0,694.485,F170,21.8,5.9,0.0,0.0,107.91000000000001,29.205000000000002,0.0,694.4849999999999
LD04482,HM013,F424,D05,2026-08-05 09:30:00,Mid snack,15,0.495,0.51,0.0,0.735,9.51,F424,3.3,3.4,0.0,4.9,0.49499999999999994,0.51,0.735,9.51
LD04483,HM013,F295,D05,2026-08-05 09:30:00,Mid snack,5,0.865,1.61,1.72,2.21,26.79,F295,17.3,32.2,34.4,44.2,0.8650000000000001,1.6100000000000003,2.2100000000000004,26.79
LD04484,HM013,F057,D05,2026-08-05 09:30:00,Mid snack,105,2.73,1.05,5.67,15.015,80.43,F057,2.6,1.0,5.4,14.3,2.7300000000000004,1.05,15.015,80.43
LD04485,HM013,F258,D05,2026-08-05 09:30:00,Mid snack,200,5.4,2.0,10.8,29.8,158.8,F258,2.7,1.0,5.4,14.9,5.4,2.0,29.8,158.8
LD04486,HM013,F104,D05,2026-08-05 09:30:00,Mid snack,15,2.94,0.735,0.0,0.0,18.375,F104,19.6,4.9,0.0,0.0,2.94,0.735,0.0,18.375
LD04487,HM013,F253,D05,2026-08-05 09:30:00,Mid snack,90,0.81,0.18,1.08,3.69,19.62,F253,0.9,0.2,1.2,4.1,0.81,0.18000000000000002,3.69,19.62
LD04488,HM013,F253,D05,2026-08-05 13:00:00,Lunch,500,4.5,1.0,6.0,20.5,109.0,F253,0.9,0.2,1.2,4.1,4.5,1.0,20.5,109.0
LD04489,HM013,F390,D05,2026-08-05 13:00:00,Lunch,500,16.0,1.5,5.0,17.0,145.5,F390,3.2,0.3,1.0,3.4,16.0,1.5,17.0,145.5
LD04490,HM013,F180,D05,2026-08-05 13:00:00,Lunch,295,2.655,0.59,8.26,28.025,128.03,F180,0.9,0.2,2.8,9.5,2.6550000000000002,0.5900000000000001,28.025000000000002,128.03
LD04491,HM013,F360,D05,2026-08-05 13:00:00,Lunch,85,15.895,38.335,2.805,26.435,514.335,F360,18.7,45.1,3.3,31.1,15.895,38.335,26.435000000000002,514.335
LD04492,HM013,F005,D05,2026-08-05 16:00:00,Evening Snack,5,0.52,0.155,0.33,3.63,17.995,F005,10.4,3.1,6.6,72.6,0.52,0.15500000000000003,3.63,17.995
LD04493,HM013,F192,D05,2026-08-05 16:00:00,Evening Snack,300,2.7,0.3,7.2,35.1,153.9,F192,0.9,0.1,2.4,11.7,2.7,0.30000000000000004,35.099999999999994,153.9
LD04494,HM013,F268,D05,2026-08-05 16:00:00,Evening Snack,255,2.295,1.53,10.965,27.03,131.07,F268,0.9,0.6,4.3,10.6,2.295,1.5299999999999998,27.029999999999998,131.07000000000002
LD04495,HM013,F356,D05,2026-08-05 18:30:00,Dinner,395,14.22,13.43,0.0,18.96,253.59,F356,3.6,3.4,0.0,4.8,14.22,13.43,18.96,253.59
LD04496,HM013,F338,D05,2026-08-05 18:30:00,Dinner,45,3.375,0.585,5.175,33.39,152.325,F338,7.5,1.3,11.5,74.2,3.375,0.5850000000000001,33.39,152.325
LD04497,HM013,F006,D05,2026-08-05 18:30:00,Dinner,75,10.275,1.425,9.15,54.45,271.725,F006,13.7,1.9,12.2,72.6,10.274999999999999,1.4249999999999998,54.449999999999996,271.725
LD04498,HM013,F217,D05,2026-08-05 18:30:00,Dinner,75,6.225,1.2,5.25,17.175,104.4,F217,8.3,1.6,7.0,22.9,6.2250000000000005,1.2000000000000002,17.174999999999997,104.39999999999999
LD04499,HM013,F336,D06,2026-08-06 06:30:00,Breakfast,60,1.68,0.18,0.24,17.4,77.94,F336,2.8,0.3,0.4,29.0,1.68,0.18,17.4,77.94
LD04500,HM013,F035,D06,2026-08-06 06:30:00,Breakfast,160,40.0,27.2,0.0,0.0,404.8,F035,25.0,17.0,0.0,0.0,40.0,27.200000000000003,0.0,404.79999999999995
LD04501,HM013,F200,D06,2026-08-06 06:30:00,Breakfast,5,0.155,0.025,0.185,3.92,16.525,F200,3.1,0.5,3.7,78.4,0.15500000000000003,0.025,3.9200000000000004,16.525000000000002
LD04502,HM013,F220,D06,2026-08-06 13:00:00,Lunch,70,5.81,3.5,0.21,1.4,60.34,F220,8.3,5.0,0.3,2.0,5.8100000000000005,3.5,1.4,60.339999999999996
LD04503,HM013,F045,D06,2026-08-06 13:00:00,Lunch,500,9.0,2.0,11.5,25.0,154.0,F045,1.8,0.4,2.3,5.0,9.0,2.0,25.0,154.0
LD04504,HM013,F239,D06,2026-08-06 16:00:00,Evening Snack,25,6.5,2.85,0.0,0.0,51.65,F239,26.0,11.4,0.0,0.0,6.5,2.85,0.0,51.650000000000006
LD04505,HM013,F498,D06,2026-08-06 16:00:00,Evening Snack,10,1.77,4.97,1.18,2.34,61.17,F498,17.7,49.7,11.8,23.4,1.77,4.970000000000001,2.34,61.169999999999995
LD04506,HM013,F134,D06,2026-08-06 16:00:00,Evening Snack,65,0.585,0.39,2.795,6.5,31.85,F134,0.9,0.6,4.3,10.0,0.5850000000000001,0.39,6.5,31.85
LD04507,HM013,F404,D06,2026-08-06 16:00:00,Evening Snack,30,0.81,0.27,0.54,7.05,33.87,F404,2.7,0.9,1.8,23.5,0.81,0.27,7.05,33.87
LD04508,HM013,F362,D06,2026-08-06 18:30:00,Dinner,70,11.9,22.12,24.08,30.38,368.2,F362,17.0,31.6,34.4,43.4,11.899999999999999,22.12,30.379999999999995,368.20000000000005
LD04509,HM013,F170,D06,2026-08-06 18:30:00,Dinner,60,13.08,3.54,0.0,0.0,84.18,F170,21.8,5.9,0.0,0.0,13.08,3.54,0.0,84.18
LD04510,HM013,F315,D07,2026-08-07 06:30:00,Breakfast,350,5.95,0.7,9.8,35.35,171.5,F315,1.7,0.2,2.8,10.1,5.95,0.7000000000000001,35.35,171.50000000000003
LD04511,HM013,F444,D07,2026-08-07 06:30:00,Breakfast,350,10.85,1.05,8.4,13.65,107.45,F444,3.1,0.3,2.4,3.9,10.85,1.05,13.65,107.45
LD04512,HM013,F144,D07,2026-08-07 06:30:00,Breakfast,65,2.86,1.235,1.82,13.715,77.415,F144,4.4,1.9,2.8,21.1,2.8600000000000003,1.2349999999999999,13.715000000000002,77.41499999999999
LD04513,HM013,F065,D07,2026-08-07 06:30:00,Breakfast,50,0.9,0.1,3.35,37.5,154.5,F065,1.8,0.2,6.7,75.0,0.9,0.1,37.5,154.5
LD04514,HM013,F033,D07,2026-08-07 09:30:00,Mid snack,65,20.15,2.34,0.0,0.0,101.66,F033,31.0,3.6,0.0,0.0,20.150000000000002,2.3400000000000003,0.0,101.66
LD04515,HM013,F326,D07,2026-08-07 09:30:00,Mid snack,215,1.935,0.215,5.16,26.66,116.315,F326,0.9,0.1,2.4,12.4,1.935,0.215,26.66,116.315
LD04516,HM013,F012,D07,2026-08-07 13:00:00,Lunch,45,3.915,0.225,2.88,10.26,58.725,F012,8.7,0.5,6.4,22.8,3.9149999999999996,0.225,10.26,58.725
LD04517,HM013,F033,D07,2026-08-07 13:00:00,Lunch,390,120.9,14.04,0.0,0.0,609.96,F033,31.0,3.6,0.0,0.0,120.89999999999999,14.04,0.0,609.96
LD04518,HM013,F292,D07,2026-08-07 16:00:00,Evening Snack,5,1.115,2.62,0.625,1.14,32.6,F292,22.3,52.4,12.5,22.8,1.115,2.62,1.1400000000000001,32.6
LD04519,HM013,F458,D07,2026-08-07 16:00:00,Evening Snack,190,2.09,0.57,4.94,44.27,190.57,F458,1.1,0.3,2.6,23.3,2.09,0.57,44.269999999999996,190.57
LD04520,HM013,F005,D07,2026-08-07 18:30:00,Dinner,45,4.68,1.395,2.97,32.67,161.955,F005,10.4,3.1,6.6,72.6,4.680000000000001,1.395,32.67,161.955
LD04521,HM013,F155,D07,2026-08-07 18:30:00,Dinner,435,15.225,14.355,0.0,20.445,271.875,F155,3.5,3.3,0.0,4.7,15.224999999999998,14.354999999999999,20.445,271.875
LD04522,HM013,F254,D07,2026-08-07 18:30:00,Dinner,500,3.5,0.5,2.5,18.5,92.5,F254,0.7,0.1,0.5,3.7,3.5,0.5,18.5,92.5
LD04523,HM013,F108,D08,2026-08-08 06:30:00,Breakfast,365,67.89,5.475,0.0,0.0,320.835,F108,18.6,1.5,0.0,0.0,67.89,5.475,0.0,320.835
LD04524,HM013,F223,D08,2026-08-08 06:30:00,Breakfast,155,5.115,5.27,0.0,7.75,98.89,F223,3.3,3.4,0.0,5.0,5.115,5.27,7.75,98.88999999999999
LD04525,HM013,F259,D08,2026-08-08 09:30:00,Mid snack,65,0.585,0.065,1.56,7.995,34.905,F259,0.9,0.1,2.4,12.3,0.5850000000000001,0.065,7.995000000000001,34.905
LD04526,HM013,F052,D08,2026-08-08 09:30:00,Mid snack,500,4.5,1.0,6.0,19.5,105.0,F052,0.9,0.2,1.2,3.9,4.5,1.0,19.5,105.0
LD04527,HM013,F420,D08,2026-08-08 09:30:00,Mid snack,5,0.845,0.46,0.3,0.505,9.54,F420,16.9,9.2,6.0,10.1,0.845,0.45999999999999996,0.505,9.540000000000001
LD04528,HM013,F147,D08,2026-08-08 09:30:00,Mid snack,10,0.69,0.04,0.76,1.9,10.72,F147,6.9,0.4,7.6,19.0,0.6900000000000001,0.04000000000000001,1.9000000000000001,10.719999999999999
LD04529,HM013,F301,D08,2026-08-08 13:00:00,Lunch,5,1.63,0.19,0.0,0.0,8.23,F301,32.6,3.8,0.0,0.0,1.6300000000000001,0.19,0.0,8.23
LD04530,HM013,F143,D08,2026-08-08 13:00:00,Lunch,35,4.41,0.385,1.365,25.235,122.045,F143,12.6,1.1,3.9,72.1,4.409999999999999,0.385,25.234999999999996,122.045
LD04531,HM013,F023,D08,2026-08-08 13:00:00,Lunch,35,9.03,17.22,2.975,5.635,213.64,F023,25.8,49.2,8.5,16.1,9.03,17.22,5.635,213.64
LD04532,HM013,F049,D08,2026-08-08 13:00:00,Lunch,450,4.5,0.9,13.5,27.0,134.1,F049,1.0,0.2,3.0,6.0,4.5,0.9,27.0,134.1
LD04533,HM013,F253,D08,2026-08-08 16:00:00,Evening Snack,420,3.78,0.84,5.04,17.22,91.56,F253,0.9,0.2,1.2,4.1,3.7800000000000002,0.8400000000000001,17.22,91.56
LD04534,HM013,F310,D08,2026-08-08 16:00:00,Evening Snack,55,1.76,0.165,1.32,2.2,17.325,F310,3.2,0.3,2.4,4.0,1.7600000000000002,0.165,2.2,17.325
LD04535,HM013,F472,D08,2026-08-08 16:00:00,Evening Snack,5,0.365,0.065,0.575,3.6,16.445,F472,7.3,1.3,11.5,72.0,0.365,0.065,3.6,16.445
LD04536,HM013,F024,D08,2026-08-08 16:00:00,Evening Snack,5,1.06,2.495,0.625,1.085,31.035,F024,21.2,49.9,12.5,21.7,1.06,2.495,1.085,31.035000000000004
LD04537,HM013,F319,D08,2026-08-08 18:30:00,Dinner,120,1.32,0.24,3.36,5.04,27.6,F319,1.1,0.2,2.8,4.2,1.32,0.24,5.04,27.6
LD04538,HM013,F272,D08,2026-08-08 18:30:00,Dinner,25,2.9,1.3,2.75,17.6,93.7,F272,11.6,5.2,11.0,70.4,2.9,1.3,17.6,93.7
LD04539,HM013,F146,D08,2026-08-08 18:30:00,Dinner,200,17.2,1.0,12.8,45.2,258.6,F146,8.6,0.5,6.4,22.6,17.2,1.0,45.2,258.6
LD04540,HM013,F213,D09,2026-08-09 06:30:00,Breakfast,40,3.6,0.2,2.56,9.48,54.12,F213,9.0,0.5,6.4,23.7,3.6,0.2,9.48,54.12
LD04541,HM013,F011,D09,2026-08-09 06:30:00,Breakfast,110,9.79,2.86,8.36,30.14,185.46,F011,8.9,2.6,7.6,27.4,9.790000000000001,2.8600000000000003,30.14,185.46
LD04542,HM013,F463,D09,2026-08-09 06:30:00,Breakfast,145,0.87,0.29,0.58,11.31,51.33,F463,0.6,0.2,0.4,7.8,0.87,0.29,11.309999999999999,51.33
LD04543,HM013,F028,D09,2026-08-09 06:30:00,Breakfast,55,10.065,23.21,15.015,15.895,312.73,F028,18.3,42.2,27.3,28.9,10.065000000000001,23.210000000000004,15.895000000000001,312.73
LD04544,HM013,F047,D09,2026-08-09 09:30:00,Mid snack,390,6.24,0.78,10.92,37.44,181.74,F047,1.6,0.2,2.8,9.6,6.24,0.78,37.44,181.74
LD04545,HM013,F254,D09,2026-08-09 09:30:00,Mid snack,265,1.855,0.265,1.325,9.805,49.025,F254,0.7,0.1,0.5,3.7,1.8549999999999998,0.265,9.805,49.025
LD04546,HM013,F354,D09,2026-08-09 13:00:00,Lunch,500,41.0,24.5,1.5,10.0,424.5,F354,8.2,4.9,0.3,2.0,41.0,24.5,10.0,424.5
LD04547,HM013,F202,D09,2026-08-09 13:00:00,Lunch,135,3.78,0.405,0.54,39.555,176.985,F202,2.8,0.3,0.4,29.3,3.78,0.405,39.55500000000001,176.985
LD04548,HM013,F310,D09,2026-08-09 16:00:00,Evening Snack,445,14.24,1.335,10.68,17.8,140.175,F310,3.2,0.3,2.4,4.0,14.240000000000002,1.335,17.8,140.175
LD04549,HM013,F121,D09,2026-08-09 16:00:00,Evening Snack,180,1.98,0.18,3.06,16.38,75.06,F121,1.1,0.1,1.7,9.1,1.9800000000000002,0.18000000000000002,16.38,75.06
LD04550,HM013,F002,D09,2026-08-09 16:00:00,Evening Snack,10,0.26,0.09,0.18,2.3,11.05,F002,2.6,0.9,1.8,23.0,0.26,0.09000000000000001,2.3000000000000003,11.049999999999999
LD04551,HM013,F312,D09,2026-08-09 18:30:00,Dinner,500,12.5,2.0,16.5,38.0,220.0,F312,2.5,0.4,3.3,7.6,12.5,2.0,38.0,220.0
LD04552,HM013,F299,D09,2026-08-09 18:30:00,Dinner,70,9.24,7.77,0.0,0.84,110.25,F299,13.2,11.1,0.0,1.2,9.239999999999998,7.77,0.84,110.25
LD04553,HM013,F021,D09,2026-08-09 18:30:00,Dinner,70,2.45,2.31,0.0,3.29,43.75,F021,3.5,3.3,0.0,4.7,2.4499999999999997,2.3099999999999996,3.29,43.75
LD04554,HM013,F307,D09,2026-08-09 18:30:00,Dinner,150,45.75,1.65,0.0,0.0,197.85,F307,30.5,1.1,0.0,0.0,45.75,1.6500000000000001,0.0,197.85
LD04555,HM013,F220,D10,2026-08-10 06:30:00,Breakfast,235,19.505,11.75,0.705,4.7,202.57,F220,8.3,5.0,0.3,2.0,19.505000000000003,11.75,4.7,202.57
LD04556,HM013,F231,D10,2026-08-10 06:30:00,Breakfast,40,12.56,20.44,2.4,4.44,251.96,F231,31.4,51.1,6.0,11.1,12.56,20.44,4.44,251.96
LD04557,HM013,F449,D10,2026-08-10 06:30:00,Breakfast,235,3.76,0.47,6.58,23.03,111.39,F449,1.6,0.2,2.8,9.8,3.7600000000000002,0.47000000000000003,23.03,111.39
LD04558,HM013,F430,D10,2026-08-10 13:00:00,Lunch,20,3.74,8.6,5.46,5.9,115.96,F430,18.7,43.0,27.3,29.5,3.74,8.6,5.9,115.96
LD04559,HM013,F048,D10,2026-08-10 13:00:00,Lunch,500,9.5,1.0,16.0,37.5,197.0,F048,1.9,0.2,3.2,7.5,9.5,1.0,37.5,197.0
LD04560,HM013,F364,D10,2026-08-10 13:00:00,Lunch,30,5.46,15.36,3.54,7.23,189.0,F364,18.2,51.2,11.8,24.1,5.46,15.36,7.23,189.0
LD04561,HM013,F098,D10,2026-08-10 13:00:00,Lunch,55,6.765,5.72,0.0,0.605,80.96,F098,12.3,10.4,0.0,1.1,6.765000000000001,5.720000000000001,0.6050000000000001,80.96
LD04562,HM013,F073,D10,2026-08-10 18:30:00,Dinner,60,8.04,1.14,7.32,42.66,213.06,F073,13.4,1.9,12.2,71.1,8.04,1.14,42.66,213.05999999999997
LD04563,HM013,F046,D10,2026-08-10 18:30:00,Dinner,95,0.855,0.19,2.66,9.12,41.61,F046,0.9,0.2,2.8,9.6,0.855,0.19,9.12,41.61
LD04564,HM013,F060,D10,2026-08-10 18:30:00,Dinner,290,4.93,3.48,11.6,54.23,267.96,F060,1.7,1.2,4.0,18.7,4.93,3.48,54.23,267.96
LD04565,HM013,F131,D10,2026-08-10 18:30:00,Dinner,5,0.035,0.01,0.045,0.885,3.77,F131,0.7,0.2,0.9,17.7,0.034999999999999996,0.010000000000000002,0.885,3.77
LD04566,HM013,F472,D11,2026-08-11 06:30:00,Breakfast,80,5.84,1.04,9.2,57.6,263.12,F472,7.3,1.3,11.5,72.0,5.84,1.04,57.6,263.12
LD04567,HM013,F213,D11,2026-08-11 06:30:00,Breakfast,105,9.45,0.525,6.72,24.885,142.065,F213,9.0,0.5,6.4,23.7,9.450000000000001,0.525,24.885,142.065
LD04568,HM013,F302,D11,2026-08-11 13:00:00,Lunch,75,20.475,8.55,0.0,0.0,158.85,F302,27.3,11.4,0.0,0.0,20.475,8.55,0.0,158.85000000000002
LD04569,HM013,F303,D11,2026-08-11 13:00:00,Lunch,130,34.06,23.27,0.0,0.0,345.67,F303,26.2,17.9,0.0,0.0,34.06,23.27,0.0,345.67
LD04570,HM013,F059,D11,2026-08-11 13:00:00,Lunch,50,0.25,0.15,0.85,4.9,21.95,F059,0.5,0.3,1.7,9.8,0.25,0.15,4.9,21.950000000000003
LD04571,HM013,F244,D11,2026-08-11 18:30:00,Dinner,260,16.12,2.6,20.8,21.58,174.2,F244,6.2,1.0,8.0,8.3,16.12,2.6,21.580000000000002,174.20000000000002
LD04572,HM013,F209,D11,2026-08-11 18:30:00,Dinner,60,4.38,0.6,0.6,48.06,215.16,F209,7.3,1.0,1.0,80.1,4.38,0.6,48.059999999999995,215.16000000000003
LD04573,HM013,F347,D12,2026-08-12 06:30:00,Breakfast,155,13.95,0.775,9.92,36.425,208.475,F347,9.0,0.5,6.4,23.5,13.950000000000001,0.775,36.425000000000004,208.475
LD04574,HM013,F465,D12,2026-08-12 06:30:00,Breakfast,195,0.975,0.195,2.73,26.13,110.175,F465,0.5,0.1,1.4,13.4,0.975,0.195,26.13,110.175
LD04575,HM013,F182,D12,2026-08-12 06:30:00,Breakfast,30,0.57,0.06,0.96,2.22,11.7,F182,1.9,0.2,3.2,7.4,0.57,0.06,2.22,11.7
LD04576,HM013,F249,D12,2026-08-12 06:30:00,Breakfast,130,2.6,0.26,4.16,10.14,53.3,F249,2.0,0.2,3.2,7.8,2.6,0.26,10.14,53.3
LD04577,HM013,F329,D12,2026-08-12 13:00:00,Lunch,395,2.37,0.79,1.58,31.6,142.99,F329,0.6,0.2,0.4,8.0,2.37,0.79,31.6,142.99
LD04578,HM013,F058,D12,2026-08-12 13:00:00,Lunch,20,0.18,0.02,0.48,2.36,10.34,F058,0.9,0.1,2.4,11.8,0.18000000000000002,0.020000000000000004,2.3600000000000003,10.34
LD04579,HM013,F466,D12,2026-08-12 13:00:00,Lunch,435,3.045,0.87,3.915,80.475,341.91,F466,0.7,0.2,0.9,18.5,3.0449999999999995,0.87,80.475,341.90999999999997
LD04580,HM013,F133,D12,2026-08-12 18:30:00,Dinner,35,1.05,0.175,1.295,27.16,114.415,F133,3.0,0.5,3.7,77.6,1.0499999999999998,0.175,27.159999999999997,114.415
LD04581,HM013,F293,D12,2026-08-12 18:30:00,Dinner,25,4.775,11.5,0.825,7.925,154.3,F293,19.1,46.0,3.3,31.7,4.775,11.5,7.925,154.3
LD04582,HM013,F377,D12,2026-08-12 18:30:00,Dinner,460,14.26,1.38,11.04,17.94,141.22,F377,3.1,0.3,2.4,3.9,14.26,1.38,17.939999999999998,141.22
LD04583,HM013,F238,D13,2026-08-13 06:30:00,Breakfast,130,27.04,6.76,0.0,0.0,169.0,F238,20.8,5.2,0.0,0.0,27.040000000000003,6.760000000000001,0.0,169.0
LD04584,HM013,F034,D13,2026-08-13 06:30:00,Breakfast,65,16.9,7.085,0.0,0.0,131.365,F034,26.0,10.9,0.0,0.0,16.900000000000002,7.085000000000001,0.0,131.365
LD04585,HM013,F018,D13,2026-08-13 06:30:00,Breakfast,140,23.24,12.6,8.4,13.86,261.8,F018,16.6,9.0,6.0,9.9,23.240000000000002,12.6,13.86,261.79999999999995
LD04586,HM013,F054,D13,2026-08-13 06:30:00,Breakfast,165,1.815,0.165,2.805,15.345,70.125,F054,1.1,0.1,1.7,9.3,1.815,0.165,15.345,70.125
LD04587,HM013,F232,D13,2026-08-13 09:30:00,Mid snack,55,7.205,6.05,0.0,0.605,85.69,F232,13.1,11.0,0.0,1.1,7.205,6.050000000000001,0.6050000000000001,85.69
LD04588,HM013,F174,D13,2026-08-13 09:30:00,Mid snack,25,5.95,0.25,0.0,0.0,26.05,F174,23.8,1.0,0.0,0.0,5.95,0.25,0.0,26.05
LD04589,HM013,F346,D13,2026-08-13 09:30:00,Mid snack,75,6.9,2.025,5.7,21.15,130.425,F346,9.2,2.7,7.6,28.2,6.8999999999999995,2.0250000000000004,21.15,130.42499999999998
LD04590,HM013,F384,D13,2026-08-13 09:30:00,Mid snack,20,0.2,0.04,0.6,1.24,6.12,F384,1.0,0.2,3.0,6.2,0.2,0.04000000000000001,1.2400000000000002,6.12
LD04591,HM013,F148,D13,2026-08-13 13:00:00,Lunch,65,4.615,0.65,3.315,12.87,75.79,F148,7.1,1.0,5.1,19.8,4.615,0.65,12.870000000000001,75.78999999999999
LD04592,HM013,F431,D13,2026-08-13 13:00:00,Lunch,10,1.81,5.07,1.18,2.39,62.43,F431,18.1,50.7,11.8,23.9,1.8100000000000003,5.07,2.39,62.43000000000001
LD04593,HM013,F255,D13,2026-08-13 13:00:00,Lunch,500,5.5,0.5,8.5,48.5,220.5,F255,1.1,0.1,1.7,9.7,5.5,0.5,48.5,220.5
LD04594,HM013,F408,D13,2026-08-13 16:00:00,Evening Snack,35,4.9,0.665,4.27,25.935,129.325,F408,14.0,1.9,12.2,74.1,4.8999999999999995,0.6649999999999999,25.934999999999995,129.32500000000002
LD04595,HM013,F105,D13,2026-08-13 16:00:00,Evening Snack,10,2.45,1.08,0.0,0.0,19.52,F105,24.5,10.8,0.0,0.0,2.45,1.08,0.0,19.520000000000003
LD04596,HM013,F310,D13,2026-08-13 16:00:00,Evening Snack,280,8.96,0.84,6.72,11.2,88.2,F310,3.2,0.3,2.4,4.0,8.959999999999999,0.84,11.2,88.2
LD04597,HM013,F214,D13,2026-08-13 18:30:00,Dinner,220,16.06,0.88,16.72,44.0,248.16,F214,7.3,0.4,7.6,20.0,16.060000000000002,0.8800000000000001,44.0,248.16
LD04598,HM013,F385,D13,2026-08-13 18:30:00,Dinner,500,3.0,0.5,6.0,17.5,86.5,F385,0.6,0.1,1.2,3.5,3.0,0.5,17.5,86.5
LD04599,HM013,F006,D13,2026-08-13 18:30:00,Dinner,5,0.685,0.095,0.61,3.63,18.115,F006,13.7,1.9,12.2,72.6,0.685,0.095,3.63,18.115
LD04600,HM013,F435,D13,2026-08-13 18:30:00,Dinner,125,39.5,4.625,0.0,0.0,199.625,F435,31.6,3.7,0.0,0.0,39.5,4.625,0.0,199.625
LD04601,HM013,F008,D14,2026-08-14 06:30:00,Breakfast,70,4.9,0.7,0.7,53.9,241.5,F008,7.0,1.0,1.0,77.0,4.8999999999999995,0.7,53.9,241.5
LD04602,HM013,F332,D14,2026-08-14 06:30:00,Breakfast,20,0.14,0.04,0.18,3.8,16.12,F332,0.7,0.2,0.9,19.0,0.13999999999999999,0.04000000000000001,3.8000000000000003,16.12
LD04603,HM013,F298,D14,2026-08-14 06:30:00,Breakfast,70,22.19,36.12,4.2,7.84,445.2,F298,31.7,51.6,6.0,11.2,22.189999999999998,36.12,7.839999999999999,445.2
LD04604,HM013,F330,D14,2026-08-14 06:30:00,Breakfast,90,0.72,0.36,1.44,14.22,63.0,F330,0.8,0.4,1.6,15.8,0.7200000000000001,0.36000000000000004,14.22,63.00000000000001
LD04605,HM013,F354,D14,2026-08-14 06:30:00,Breakfast,105,8.61,5.145,0.315,2.1,89.145,F354,8.2,4.9,0.3,2.0,8.61,5.1450000000000005,2.1,89.14499999999998
LD04606,HM013,F231,D14,2026-08-14 09:30:00,Mid snack,10,3.14,5.11,0.6,1.11,62.99,F231,31.4,51.1,6.0,11.1,3.14,5.11,1.11,62.99
LD04607,HM013,F245,D14,2026-08-14 09:30:00,Mid snack,500,12.5,2.0,16.5,37.5,218.0,F245,2.5,0.4,3.3,7.5,12.5,2.0,37.5,218.0
LD04608,HM013,F486,D14,2026-08-14 09:30:00,Mid snack,5,0.4,0.03,0.25,1.0,5.87,F486,8.0,0.6,5.0,20.0,0.4,0.03,1.0,5.869999999999999
LD04609,HM013,F251,D14,2026-08-14 13:00:00,Lunch,500,3.0,0.5,6.0,17.5,86.5,F251,0.6,0.1,1.2,3.5,3.0,0.5,17.5,86.5
LD04610,HM013,F403,D14,2026-08-14 13:00:00,Lunch,75,2.1,0.225,0.3,21.6,96.825,F403,2.8,0.3,0.4,28.8,2.0999999999999996,0.22499999999999998,21.6,96.82500000000002
LD04611,HM013,F237,D14,2026-08-14 13:00:00,Lunch,175,40.075,10.85,0.0,0.0,257.95,F237,22.9,6.2,0.0,0.0,40.074999999999996,10.85,0.0,257.95
LD04612,HM013,F179,D14,2026-08-14 13:00:00,Lunch,500,9.0,2.0,11.5,25.0,154.0,F179,1.8,0.4,2.3,5.0,9.0,2.0,25.0,154.0
LD04613,HM013,F360,D14,2026-08-14 16:00:00,Evening Snack,5,0.935,2.255,0.165,1.555,30.255,F360,18.7,45.1,3.3,31.1,0.935,2.2550000000000003,1.5550000000000002,30.255
LD04614,HM013,F047,D14,2026-08-14 16:00:00,Evening Snack,300,4.8,0.6,8.4,28.8,139.8,F047,1.6,0.2,2.8,9.6,4.800000000000001,0.6000000000000001,28.799999999999997,139.8
LD04615,HM013,F200,D14,2026-08-14 16:00:00,Evening Snack,15,0.465,0.075,0.555,11.76,49.575,F200,3.1,0.5,3.7,78.4,0.46499999999999997,0.075,11.76,49.574999999999996
LD04616,HM013,F197,D14,2026-08-14 16:00:00,Evening Snack,240,1.2,0.24,3.36,31.2,131.76,F197,0.5,0.1,1.4,13.0,1.2,0.24,31.2,131.76
LD04617,HM013,F095,D14,2026-08-14 18:30:00,Dinner,30,5.37,12.42,8.19,8.49,167.22,F095,17.9,41.4,27.3,28.3,5.369999999999999,12.42,8.49,167.22
LD04618,HM013,F290,D14,2026-08-14 18:30:00,Dinner,255,8.67,8.925,0.0,12.75,166.005,F290,3.4,3.5,0.0,5.0,8.67,8.924999999999999,12.75,166.005
LD04619,HM013,F233,D14,2026-08-14 18:30:00,Dinner,500,56.5,1.0,0.0,3.5,249.0,F233,11.3,0.2,0.0,0.7,56.5,1.0,3.5,249.0
LD04620,HM013,F232,D14,2026-08-14 18:30:00,Dinner,15,1.965,1.65,0.0,0.165,23.37,F232,13.1,11.0,0.0,1.1,1.9649999999999999,1.65,0.165,23.369999999999997
LD04621,HM013,F153,D14,2026-08-14 18:30:00,Dinner,50,3.95,2.4,0.15,0.95,41.2,F153,7.9,4.8,0.3,1.9,3.95,2.4,0.95,41.2
LD04622,HM013,F388,D14,2026-08-14 18:30:00,Dinner,500,3.5,0.5,2.5,18.5,92.5,F388,0.7,0.1,0.5,3.7,3.5,0.5,18.5,92.5
LD04623,HM013,F280,D15,2026-08-15 06:30:00,Breakfast,100,9.1,0.5,6.4,23.9,136.5,F280,9.1,0.5,6.4,23.9,9.1,0.5,23.9,136.5
LD04624,HM013,F189,D15,2026-08-15 06:30:00,Breakfast,500,15.5,1.5,5.0,16.5,141.5,F189,3.1,0.3,1.0,3.3,15.5,1.5,16.5,141.5
LD04625,HM013,F055,D15,2026-08-15 06:30:00,Breakfast,470,14.57,1.41,4.7,15.51,133.01,F055,3.1,0.3,1.0,3.3,14.57,1.41,15.51,133.01
LD04626,HM013,F430,D15,2026-08-15 06:30:00,Breakfast,25,4.675,10.75,6.825,7.375,144.95,F430,18.7,43.0,27.3,29.5,4.675,10.75,7.375,144.95
LD04627,HM013,F178,D15,2026-08-15 09:30:00,Mid snack,440,10.56,1.76,14.52,31.24,183.04,F178,2.4,0.4,3.3,7.1,10.56,1.7600000000000002,31.240000000000002,183.04
LD04628,HM013,F187,D15,2026-08-15 09:30:00,Mid snack,195,1.365,0.195,0.975,7.02,35.295,F187,0.7,0.1,0.5,3.6,1.365,0.195,7.02,35.295
LD04629,HM013,F207,D15,2026-08-15 13:00:00,Lunch,65,9.23,1.3,7.93,49.075,244.92,F207,14.2,2.0,12.2,75.5,9.23,1.3,49.075,244.92000000000002
LD04630,HM013,F353,D15,2026-08-15 13:00:00,Lunch,235,40.185,21.855,14.1,23.97,453.315,F353,17.1,9.3,6.0,10.2,40.185,21.855000000000004,23.97,453.315
LD04631,HM013,F253,D15,2026-08-15 13:00:00,Lunch,80,0.72,0.16,0.96,3.28,17.44,F253,0.9,0.2,1.2,4.1,0.7200000000000001,0.16000000000000003,3.28,17.44
LD04632,HM013,F473,D15,2026-08-15 16:00:00,Evening Snack,20,2.2,1.0,2.2,13.4,71.4,F473,11.0,5.0,11.0,67.0,2.2,1.0,13.4,71.4
LD04633,HM013,F364,D15,2026-08-15 16:00:00,Evening Snack,25,4.55,12.8,2.95,6.025,157.5,F364,18.2,51.2,11.8,24.1,4.55,12.8,6.025,157.5
LD04634,HM013,F058,D15,2026-08-15 16:00:00,Evening Snack,35,0.315,0.035,0.84,4.13,18.095,F058,0.9,0.1,2.4,11.8,0.315,0.034999999999999996,4.13,18.095000000000002
LD04635,HM013,F423,D15,2026-08-15 18:30:00,Dinner,215,7.74,7.31,0.0,10.32,138.03,F423,3.6,3.4,0.0,4.8,7.74,7.31,10.319999999999999,138.03
LD04636,HM013,F189,D15,2026-08-15 18:30:00,Dinner,500,15.5,1.5,5.0,16.5,141.5,F189,3.1,0.3,1.0,3.3,15.5,1.5,16.5,141.5
LD04637,HM013,F262,D15,2026-08-15 18:30:00,Dinner,230,1.38,0.46,0.92,18.17,82.34,F262,0.6,0.2,0.4,7.9,1.38,0.45999999999999996,18.169999999999998,82.34
LD04638,HM013,F318,D16,2026-08-16 06:30:00,Breakfast,500,3.0,0.5,6.0,18.0,88.5,F318,0.6,0.1,1.2,3.6,3.0,0.5,18.0,88.5
LD04639,HM013,F249,D16,2026-08-16 06:30:00,Breakfast,300,6.0,0.6,9.6,23.4,123.0,F249,2.0,0.2,3.2,7.8,6.0,0.6000000000000001,23.4,123.0
LD04640,HM013,F217,D16,2026-08-16 06:30:00,Breakfast,45,3.735,0.72,3.15,10.305,62.64,F217,8.3,1.6,7.0,22.9,3.7350000000000003,0.7200000000000001,10.305,62.63999999999999
LD04641,HM013,F004,D16,2026-08-16 06:30:00,Breakfast,10,1.1,0.5,1.1,6.7,35.7,F004,11.0,5.0,11.0,67.0,1.1,0.5,6.7,35.7
LD04642,HM013,F031,D16,2026-08-16 13:00:00,Lunch,135,17.01,14.31,0.0,1.485,202.77,F031,12.6,10.6,0.0,1.1,17.01,14.31,1.4850000000000003,202.76999999999998
LD04643,HM013,F088,D16,2026-08-16 13:00:00,Lunch,110,3.74,3.52,0.0,5.06,66.88,F088,3.4,3.2,0.0,4.6,3.74,3.5200000000000005,5.06,66.88
LD04644,HM013,F395,D16,2026-08-16 13:00:00,Lunch,35,0.63,0.42,1.4,6.755,33.32,F395,1.8,1.2,4.0,19.3,0.63,0.42,6.755,33.32
LD04645,HM013,F093,D16,2026-08-16 13:00:00,Lunch,40,5.96,25.56,2.68,5.36,275.32,F093,14.9,63.9,6.7,13.4,5.960000000000001,25.560000000000002,5.36,275.32
LD04646,HM013,F058,D16,2026-08-16 16:00:00,Evening Snack,25,0.225,0.025,0.6,2.95,12.925,F058,0.9,0.1,2.4,11.8,0.225,0.025,2.95,12.925
LD04647,HM013,F047,D16,2026-08-16 16:00:00,Evening Snack,75,1.2,0.15,2.1,7.2,34.95,F047,1.6,0.2,2.8,9.6,1.2000000000000002,0.15000000000000002,7.199999999999999,34.95
LD04648,HM013,F053,D16,2026-08-16 16:00:00,Evening Snack,500,3.5,0.5,2.5,18.0,90.5,F053,0.7,0.1,0.5,3.6,3.5,0.5,18.0,90.5
LD04649,HM013,F490,D16,2026-08-16 18:30:00,Dinner,210,7.35,6.93,0.0,9.87,131.25,F490,3.5,3.3,0.0,4.7,7.3500000000000005,6.93,9.870000000000001,131.25
LD04650,HM013,F100,D16,2026-08-16 18:30:00,Dinner,135,41.04,4.725,0.0,0.0,206.685,F100,30.4,3.5,0.0,0.0,41.04,4.7250000000000005,0.0,206.685
LD04651,HM013,F144,D16,2026-08-16 18:30:00,Dinner,10,0.44,0.19,0.28,2.11,11.91,F144,4.4,1.9,2.8,21.1,0.44000000000000006,0.19,2.1100000000000003,11.91
LD04652,HM013,F343,D16,2026-08-16 18:30:00,Dinner,40,2.88,0.4,0.4,31.72,142.0,F343,7.2,1.0,1.0,79.3,2.8800000000000003,0.4,31.72,142.0
LD04653,HM013,F335,D17,2026-08-17 06:30:00,Breakfast,175,1.575,1.05,7.525,18.725,90.65,F335,0.9,0.6,4.3,10.7,1.575,1.05,18.724999999999998,90.65
LD04654,HM013,F457,D17,2026-08-17 06:30:00,Breakfast,500,16.0,1.5,5.0,17.0,145.5,F457,3.2,0.3,1.0,3.4,16.0,1.5,17.0,145.5
LD04655,HM013,F431,D17,2026-08-17 09:30:00,Mid snack,25,4.525,12.675,2.95,5.975,156.075,F431,18.1,50.7,11.8,23.9,4.525,12.675,5.975,156.075
LD04656,HM013,F316,D17,2026-08-17 09:30:00,Mid snack,105,2.1,0.21,3.36,8.295,43.47,F316,2.0,0.2,3.2,7.9,2.1,0.21000000000000002,8.295,43.47
LD04657,HM013,F165,D17,2026-08-17 09:30:00,Mid snack,25,3.125,2.625,0.0,0.275,37.225,F165,12.5,10.5,0.0,1.1,3.125,2.625,0.275,37.225
LD04658,HM013,F186,D17,2026-08-17 13:00:00,Lunch,500,4.5,1.0,6.0,19.5,105.0,F186,0.9,0.2,1.2,3.9,4.5,1.0,19.5,105.0
LD04659,HM013,F335,D17,2026-08-17 13:00:00,Lunch,500,4.5,3.0,21.5,53.5,259.0,F335,0.9,0.6,4.3,10.7,4.5,3.0,53.5,259.0
LD04660,HM013,F262,D17,2026-08-17 16:00:00,Evening Snack,500,3.0,1.0,2.0,39.5,179.0,F262,0.6,0.2,0.4,7.9,3.0,1.0,39.5,179.0
LD04661,HM013,F455,D17,2026-08-17 16:00:00,Evening Snack,75,0.525,0.075,0.375,2.775,13.875,F455,0.7,0.1,0.5,3.7,0.5249999999999999,0.07500000000000001,2.7750000000000004,13.875
LD04662,HM013,F226,D17,2026-08-17 16:00:00,Evening Snack,5,0.945,2.28,0.165,1.57,30.58,F226,18.9,45.6,3.3,31.4,0.945,2.2800000000000002,1.57,30.58
LD04663,HM013,F296,D17,2026-08-17 16:00:00,Evening Snack,5,0.96,2.215,1.365,1.515,29.835,F296,19.2,44.3,27.3,30.3,0.96,2.215,1.5150000000000001,29.834999999999997
LD04664,HM013,F311,D17,2026-08-17 18:30:00,Dinner,115,7.245,1.265,9.2,9.66,79.005,F311,6.3,1.1,8.0,8.4,7.244999999999999,1.265,9.66,79.00500000000001
LD04665,HM013,F486,D17,2026-08-17 18:30:00,Dinner,65,5.2,0.39,3.25,13.0,76.31,F486,8.0,0.6,5.0,20.0,5.2,0.39,13.0,76.31
LD04666,HM013,F333,D17,2026-08-17 18:30:00,Dinner,110,2.09,0.22,7.37,86.68,357.06,F333,1.9,0.2,6.7,78.8,2.09,0.22000000000000003,86.68,357.06000000000006
LD04667,HM013,F065,D17,2026-08-17 18:30:00,Dinner,25,0.45,0.05,1.675,18.75,77.25,F065,1.8,0.2,6.7,75.0,0.45,0.05,18.75,77.25
LD04668,HM013,F053,D18,2026-08-18 06:30:00,Breakfast,500,3.5,0.5,2.5,18.0,90.5,F053,0.7,0.1,0.5,3.6,3.5,0.5,18.0,90.5
LD04669,HM013,F052,D18,2026-08-18 06:30:00,Breakfast,250,2.25,0.5,3.0,9.75,52.5,F052,0.9,0.2,1.2,3.9,2.25,0.5,9.75,52.5
LD04670,HM013,F315,D18,2026-08-18 06:30:00,Breakfast,500,8.5,1.0,14.0,50.5,245.0,F315,1.7,0.2,2.8,10.1,8.5,1.0,50.5,245.0
LD04671,HM013,F335,D18,2026-08-18 09:30:00,Mid snack,160,1.44,0.96,6.88,17.12,82.88,F335,0.9,0.6,4.3,10.7,1.4400000000000002,0.96,17.12,82.88000000000001
LD04672,HM013,F352,D18,2026-08-18 09:30:00,Mid snack,95,7.79,0.57,4.75,19.57,114.57,F352,8.2,0.6,5.0,20.6,7.789999999999999,0.57,19.57,114.57
LD04673,HM013,F447,D18,2026-08-18 09:30:00,Mid snack,100,1.8,0.4,2.3,5.1,31.2,F447,1.8,0.4,2.3,5.1,1.8,0.4,5.1,31.2
LD04674,HM013,F113,D18,2026-08-18 13:00:00,Lunch,500,4.5,1.0,14.0,47.0,215.0,F113,0.9,0.2,2.8,9.4,4.5,1.0,47.0,215.0
LD04675,HM013,F128,D18,2026-08-18 13:00:00,Lunch,500,3.0,1.0,2.0,37.0,169.0,F128,0.6,0.2,0.4,7.4,3.0,1.0,37.0,169.0
LD04676,HM013,F036,D18,2026-08-18 13:00:00,Lunch,50,11.0,3.0,0.0,0.0,71.0,F036,22.0,6.0,0.0,0.0,11.0,3.0,0.0,71.0
LD04677,HM013,F186,D18,2026-08-18 16:00:00,Evening Snack,185,1.665,0.37,2.22,7.215,38.85,F186,0.9,0.2,1.2,3.9,1.665,0.37000000000000005,7.215,38.849999999999994
LD04678,HM013,F192,D18,2026-08-18 16:00:00,Evening Snack,90,0.81,0.09,2.16,10.53,46.17,F192,0.9,0.1,2.4,11.7,0.81,0.09000000000000001,10.53,46.17
LD04679,HM013,F399,D18,2026-08-18 16:00:00,Evening Snack,125,0.875,0.25,1.125,23.25,98.75,F399,0.7,0.2,0.9,18.6,0.875,0.25,23.25,98.75
LD04680,HM013,F492,D18,2026-08-18 16:00:00,Evening Snack,10,2.58,4.92,0.85,1.61,61.04,F492,25.8,49.2,8.5,16.1,2.58,4.920000000000001,1.6100000000000003,61.040000000000006
LD04681,HM013,F352,D18,2026-08-18 18:30:00,Dinner,95,7.79,0.57,4.75,19.57,114.57,F352,8.2,0.6,5.0,20.6,7.789999999999999,0.57,19.57,114.57
LD04682,HM013,F430,D18,2026-08-18 18:30:00,Dinner,80,14.96,34.4,21.84,23.6,463.84,F430,18.7,43.0,27.3,29.5,14.96,34.4,23.6,463.84
LD04683,HM013,F233,D19,2026-08-19 06:30:00,Breakfast,500,56.5,1.0,0.0,3.5,249.0,F233,11.3,0.2,0.0,0.7,56.5,1.0,3.5,249.0
LD04684,HM013,F140,D19,2026-08-19 06:30:00,Breakfast,95,12.92,1.805,11.59,68.305,341.145,F140,13.6,1.9,12.2,71.9,12.92,1.805,68.305,341.14500000000004
LD04685,HM013,F225,D19,2026-08-19 09:30:00,Mid snack,20,4.4,10.38,2.5,4.52,129.1,F225,22.0,51.9,12.5,22.6,4.4,10.38,4.5200000000000005,129.1
LD04686,HM013,F174,D19,2026-08-19 09:30:00,Mid snack,105,24.99,1.05,0.0,0.0,109.41,F174,23.8,1.0,0.0,0.0,24.990000000000002,1.05,0.0,109.41
LD04687,HM013,F377,D19,2026-08-19 13:00:00,Lunch,195,6.045,0.585,4.68,7.605,59.865,F377,3.1,0.3,2.4,3.9,6.045,0.585,7.6049999999999995,59.865
LD04688,HM013,F338,D19,2026-08-19 13:00:00,Lunch,125,9.375,1.625,14.375,92.75,423.125,F338,7.5,1.3,11.5,74.2,9.375,1.625,92.75,423.125
LD04689,HM013,F398,D19,2026-08-19 13:00:00,Lunch,355,1.775,0.355,4.97,47.925,201.995,F398,0.5,0.1,1.4,13.5,1.775,0.355,47.925,201.99499999999998
LD04690,HM013,F058,D19,2026-08-19 16:00:00,Evening Snack,110,0.99,0.11,2.64,12.98,56.87,F058,0.9,0.1,2.4,11.8,0.9900000000000001,0.11000000000000001,12.980000000000002,56.870000000000005
LD04691,HM013,F228,D19,2026-08-19 16:00:00,Evening Snack,15,2.58,4.785,5.16,6.57,79.665,F228,17.2,31.9,34.4,43.8,2.5799999999999996,4.784999999999999,6.569999999999999,79.66499999999999
LD04692,HM013,F136,D19,2026-08-19 16:00:00,Evening Snack,65,1.69,0.585,1.17,14.82,71.305,F136,2.6,0.9,1.8,22.8,1.6900000000000002,0.5850000000000001,14.82,71.305
LD04693,HM013,F138,D19,2026-08-19 16:00:00,Evening Snack,5,0.545,0.25,0.55,3.315,17.69,F138,10.9,5.0,11.0,66.3,0.545,0.25,3.315,17.689999999999998
LD04694,HM013,F019,D19,2026-08-19 18:30:00,Dinner,180,14.4,8.64,0.54,3.42,149.04,F019,8.0,4.8,0.3,1.9,14.4,8.64,3.42,149.04000000000002
LD04695,HM013,F227,D19,2026-08-19 18:30:00,Dinner,15,2.37,10.17,1.005,2.13,109.53,F227,15.8,67.8,6.7,14.2,2.37,10.17,2.13,109.53
LD04696,HM013,F266,D19,2026-08-19 18:30:00,Dinner,35,0.665,0.07,2.345,27.3,112.49,F266,1.9,0.2,6.7,78.0,0.6649999999999999,0.06999999999999999,27.299999999999997,112.49
LD04697,HM013,F405,D19,2026-08-19 18:30:00,Dinner,65,4.81,0.845,7.475,47.71,217.685,F405,7.4,1.3,11.5,73.4,4.8100000000000005,0.8450000000000001,47.71000000000001,217.685
LD04698,HM013,F066,D20,2026-08-20 06:30:00,Breakfast,110,3.41,0.55,4.07,87.12,367.07,F066,3.1,0.5,3.7,79.2,3.4100000000000006,0.55,87.12,367.07
LD04699,HM013,F106,D20,2026-08-20 06:30:00,Breakfast,180,51.12,1.8,0.0,0.0,220.68,F106,28.4,1.0,0.0,0.0,51.12,1.8,0.0,220.67999999999998
LD04700,HM013,F245,D20,2026-08-20 09:30:00,Mid snack,40,1.0,0.16,1.32,3.0,17.44,F245,2.5,0.4,3.3,7.5,1.0,0.16000000000000003,3.0,17.44
LD04701,HM013,F461,D20,2026-08-20 09:30:00,Mid snack,20,0.1,0.06,0.34,2.0,8.94,F461,0.5,0.3,1.7,10.0,0.1,0.06,2.0,8.940000000000001
LD04702,HM013,F496,D20,2026-08-20 09:30:00,Mid snack,20,3.3,6.14,6.88,8.42,102.14,F496,16.5,30.7,34.4,42.1,3.3000000000000003,6.140000000000001,8.42,102.13999999999999
LD04703,HM013,F282,D20,2026-08-20 09:30:00,Mid snack,70,5.32,0.77,3.57,14.7,87.01,F282,7.6,1.1,5.1,21.0,5.319999999999999,0.77,14.7,87.00999999999999
LD04704,HM013,F251,D20,2026-08-20 13:00:00,Lunch,345,2.07,0.345,4.14,12.075,59.685,F251,0.6,0.1,1.2,3.5,2.07,0.34500000000000003,12.075000000000001,59.684999999999995
LD04705,HM013,F378,D20,2026-08-20 13:00:00,Lunch,420,26.04,4.2,33.6,34.44,279.72,F378,6.2,1.0,8.0,8.2,26.040000000000003,4.2,34.44,279.71999999999997
LD04706,HM013,F352,D20,2026-08-20 13:00:00,Lunch,230,18.86,1.38,11.5,47.38,277.38,F352,8.2,0.6,5.0,20.6,18.859999999999996,1.38,47.38,277.38000000000005
LD04707,HM013,F316,D20,2026-08-20 16:00:00,Evening Snack,330,6.6,0.66,10.56,26.07,136.62,F316,2.0,0.2,3.2,7.9,6.6,0.66,26.07,136.62
LD04708,HM013,F363,D20,2026-08-20 16:00:00,Evening Snack,5,0.94,2.175,1.365,1.49,29.295,F363,18.8,43.5,27.3,29.8,0.9400000000000001,2.1750000000000003,1.4900000000000002,29.294999999999998
LD04709,HM013,F002,D20,2026-08-20 16:00:00,Evening Snack,65,1.69,0.585,1.17,14.95,71.825,F002,2.6,0.9,1.8,23.0,1.6900000000000002,0.5850000000000001,14.950000000000001,71.825
LD04710,HM013,F097,D20,2026-08-20 18:30:00,Dinner,45,13.32,21.645,2.7,4.725,266.985,F097,29.6,48.1,6.0,10.5,13.32,21.645,4.7250000000000005,266.985
LD04711,HM013,F340,D20,2026-08-20 18:30:00,Dinner,15,1.605,0.48,0.99,11.22,55.62,F340,10.7,3.2,6.6,74.8,1.6049999999999998,0.48,11.219999999999999,55.620000000000005
LD04712,HM013,F325,D20,2026-08-20 18:30:00,Dinner,220,5.94,2.42,11.88,33.0,177.54,F325,2.7,1.1,5.4,15.0,5.940000000000001,2.4200000000000004,33.0,177.54
LD04713,HM013,F458,D20,2026-08-20 18:30:00,Dinner,50,0.55,0.15,1.3,11.65,50.15,F458,1.1,0.3,2.6,23.3,0.55,0.15,11.65,50.150000000000006
LD04714,HM013,F409,D21,2026-08-21 06:30:00,Breakfast,30,4.05,1.98,3.03,20.73,116.94,F409,13.5,6.6,10.1,69.1,4.05,1.9799999999999998,20.729999999999997,116.94
LD04715,HM013,F438,D21,2026-08-21 06:30:00,Breakfast,195,43.68,11.895,0.0,0.0,281.775,F438,22.4,6.1,0.0,0.0,43.68,11.895,0.0,281.775
LD04716,HM013,F153,D21,2026-08-21 06:30:00,Breakfast,25,1.975,1.2,0.075,0.475,20.6,F153,7.9,4.8,0.3,1.9,1.975,1.2,0.475,20.6
LD04717,HM013,F059,D21,2026-08-21 09:30:00,Mid snack,130,0.65,0.39,2.21,12.74,57.07,F059,0.5,0.3,1.7,9.8,0.65,0.39,12.740000000000002,57.07
LD04718,HM013,F304,D21,2026-08-21 09:30:00,Mid snack,75,17.325,4.725,0.0,0.0,111.825,F304,23.1,6.3,0.0,0.0,17.325000000000003,4.725,0.0,111.82499999999999
LD04719,HM013,F387,D21,2026-08-21 13:00:00,Lunch,500,4.5,1.0,6.0,20.0,107.0,F387,0.9,0.2,1.2,4.0,4.5,1.0,20.0,107.0
LD04720,HM013,F462,D21,2026-08-21 13:00:00,Lunch,55,0.935,0.66,2.2,10.505,51.7,F462,1.7,1.2,4.0,19.1,0.935,0.66,10.505,51.7
LD04721,HM013,F067,D21,2026-08-21 13:00:00,Lunch,5,0.045,0.03,0.215,0.51,2.49,F067,0.9,0.6,4.3,10.2,0.045000000000000005,0.03,0.51,2.49
LD04722,HM013,F361,D21,2026-08-21 13:00:00,Lunch,5,0.785,3.36,0.335,0.705,36.2,F361,15.7,67.2,6.7,14.1,0.785,3.3600000000000003,0.7050000000000001,36.199999999999996
LD04723,HM013,F332,D21,2026-08-21 16:00:00,Evening Snack,60,0.42,0.12,0.54,11.4,48.36,F332,0.7,0.2,0.9,19.0,0.42,0.12,11.4,48.36
LD04724,HM013,F325,D21,2026-08-21 16:00:00,Evening Snack,45,1.215,0.495,2.43,6.75,36.315,F325,2.7,1.1,5.4,15.0,1.215,0.49500000000000005,6.75,36.315
LD04725,HM013,F190,D21,2026-08-21 16:00:00,Evening Snack,80,0.88,0.24,2.08,18.08,78.0,F190,1.1,0.3,2.6,22.6,0.8800000000000001,0.24,18.080000000000002,77.99999999999999
LD04726,HM013,F316,D21,2026-08-21 18:30:00,Dinner,230,4.6,0.46,7.36,18.17,95.22,F316,2.0,0.2,3.2,7.9,4.6,0.45999999999999996,18.169999999999998,95.22000000000001
LD04727,HM013,F098,D21,2026-08-21 18:30:00,Dinner,220,27.06,22.88,0.0,2.42,323.84,F098,12.3,10.4,0.0,1.1,27.060000000000002,22.880000000000003,2.4200000000000004,323.84
LD04728,HM013,F438,D22,2026-08-22 06:30:00,Breakfast,260,58.24,15.86,0.0,0.0,375.7,F438,22.4,6.1,0.0,0.0,58.239999999999995,15.86,0.0,375.70000000000005
LD04729,HM013,F326,D22,2026-08-22 06:30:00,Breakfast,230,2.07,0.23,5.52,28.52,124.43,F326,0.9,0.1,2.4,12.4,2.07,0.22999999999999998,28.52,124.43
LD04730,HM013,F102,D22,2026-08-22 06:30:00,Breakfast,30,7.35,5.01,0.0,0.0,74.49,F102,24.5,16.7,0.0,0.0,7.35,5.01,0.0,74.49
LD04731,HM013,F383,D22,2026-08-22 09:30:00,Mid snack,65,1.3,0.13,2.08,5.005,26.39,F383,2.0,0.2,3.2,7.7,1.3,0.13,5.005,26.39
LD04732,HM013,F347,D22,2026-08-22 09:30:00,Mid snack,30,2.7,0.15,1.92,7.05,40.35,F347,9.0,0.5,6.4,23.5,2.6999999999999997,0.15,7.05,40.35
LD04733,HM013,F386,D22,2026-08-22 09:30:00,Mid snack,375,3.75,0.75,10.5,15.375,83.25,F386,1.0,0.2,2.8,4.1,3.75,0.75,15.374999999999998,83.25
LD04734,HM013,F186,D22,2026-08-22 09:30:00,Mid snack,250,2.25,0.5,3.0,9.75,52.5,F186,0.9,0.2,1.2,3.9,2.25,0.5,9.75,52.5
LD04735,HM013,F141,D22,2026-08-22 13:00:00,Lunch,35,4.585,2.24,3.535,23.45,132.3,F141,13.1,6.4,10.1,67.0,4.585,2.2399999999999998,23.45,132.3
LD04736,HM013,F442,D22,2026-08-22 13:00:00,Lunch,345,84.525,3.45,0.0,0.0,369.15,F442,24.5,1.0,0.0,0.0,84.525,3.45,0.0,369.15000000000003
LD04737,HM013,F029,D22,2026-08-22 13:00:00,Lunch,15,2.655,7.455,1.77,3.51,91.755,F029,17.7,49.7,11.8,23.4,2.655,7.455,3.51,91.755
LD04738,HM013,F067,D22,2026-08-22 13:00:00,Lunch,175,1.575,1.05,7.525,17.85,87.15,F067,0.9,0.6,4.3,10.2,1.575,1.05,17.849999999999998,87.15
LD04739,HM013,F112,D22,2026-08-22 16:00:00,Evening Snack,90,1.62,0.36,2.07,4.41,27.36,F112,1.8,0.4,2.3,4.9,1.62,0.36000000000000004,4.41,27.36
LD04740,HM013,F467,D22,2026-08-22 16:00:00,Evening Snack,65,1.17,0.13,4.355,49.725,204.75,F467,1.8,0.2,6.7,76.5,1.1700000000000002,0.13,49.725,204.75
LD04741,HM013,F265,D22,2026-08-22 18:30:00,Dinner,130,0.91,0.26,1.17,24.44,103.74,F265,0.7,0.2,0.9,18.8,0.9099999999999999,0.26,24.44,103.74000000000001
LD04742,HM013,F267,D22,2026-08-22 18:30:00,Dinner,60,1.92,0.3,2.22,49.44,208.14,F267,3.2,0.5,3.7,82.4,1.92,0.3,49.440000000000005,208.14
LD04743,HM013,F288,D22,2026-08-22 18:30:00,Dinner,95,18.24,20.71,0.0,2.47,269.23,F288,19.2,21.8,0.0,2.6,18.24,20.71,2.4699999999999998,269.23
LD04744,HM014,F300,D01,2026-08-01 06:30:00,Breakfast,340,38.76,0.68,0.0,2.38,170.68,F300,11.4,0.2,0.0,0.7,38.76,0.68,2.38,170.68
LD04745,HM014,F055,D01,2026-08-01 06:30:00,Breakfast,155,4.805,0.465,1.55,5.115,43.865,F055,3.1,0.3,1.0,3.3,4.805000000000001,0.46499999999999997,5.115,43.865
LD04746,HM014,F272,D01,2026-08-01 06:30:00,Breakfast,50,5.8,2.6,5.5,35.2,187.4,F272,11.6,5.2,11.0,70.4,5.8,2.6,35.2,187.4
LD04747,HM014,F082,D01,2026-08-01 09:30:00,Mid snack,5,0.44,0.02,0.395,0.98,5.86,F082,8.8,0.4,7.9,19.6,0.44000000000000006,0.020000000000000004,0.9800000000000001,5.859999999999999
LD04748,HM014,F499,D01,2026-08-01 09:30:00,Mid snack,5,1.51,2.455,0.3,0.535,30.275,F499,30.2,49.1,6.0,10.7,1.51,2.455,0.535,30.275
LD04749,HM014,F048,D01,2026-08-01 09:30:00,Mid snack,335,6.365,0.67,10.72,25.125,131.99,F048,1.9,0.2,3.2,7.5,6.365,0.67,25.125,131.99
LD04750,HM014,F036,D01,2026-08-01 13:00:00,Lunch,10,2.2,0.6,0.0,0.0,14.2,F036,22.0,6.0,0.0,0.0,2.2,0.6000000000000001,0.0,14.2
LD04751,HM014,F100,D01,2026-08-01 13:00:00,Lunch,185,56.24,6.475,0.0,0.0,283.235,F100,30.4,3.5,0.0,0.0,56.24,6.4750000000000005,0.0,283.235
LD04752,HM014,F255,D01,2026-08-01 13:00:00,Lunch,275,3.025,0.275,4.675,26.675,121.275,F255,1.1,0.1,1.7,9.7,3.0250000000000004,0.275,26.674999999999997,121.27499999999999
LD04753,HM014,F150,D01,2026-08-01 13:00:00,Lunch,5,0.395,0.075,0.35,1.09,6.615,F150,7.9,1.5,7.0,21.8,0.395,0.07500000000000001,1.09,6.615
LD04754,HM014,F219,D01,2026-08-01 13:00:00,Lunch,35,6.055,3.29,2.1,3.605,68.25,F219,17.3,9.4,6.0,10.3,6.055,3.29,3.605,68.25
LD04755,HM014,F467,D01,2026-08-01 16:00:00,Evening Snack,5,0.09,0.01,0.335,3.825,15.75,F467,1.8,0.2,6.7,76.5,0.09000000000000001,0.010000000000000002,3.825,15.75
LD04756,HM014,F243,D01,2026-08-01 16:00:00,Evening Snack,5,0.155,0.015,0.12,0.2,1.555,F243,3.1,0.3,2.4,4.0,0.15500000000000003,0.015,0.2,1.555
LD04757,HM014,F203,D01,2026-08-01 16:00:00,Evening Snack,5,0.135,0.045,0.09,1.195,5.725,F203,2.7,0.9,1.8,23.9,0.135,0.045000000000000005,1.195,5.7250000000000005
LD04758,HM014,F186,D01,2026-08-01 16:00:00,Evening Snack,125,1.125,0.25,1.5,4.875,26.25,F186,0.9,0.2,1.2,3.9,1.125,0.25,4.875,26.25
LD04759,HM014,F054,D01,2026-08-01 16:00:00,Evening Snack,190,2.09,0.19,3.23,17.67,80.75,F054,1.1,0.1,1.7,9.3,2.09,0.19,17.67,80.75
LD04760,HM014,F389,D01,2026-08-01 16:00:00,Evening Snack,90,0.99,0.09,1.53,8.64,39.33,F389,1.1,0.1,1.7,9.6,0.9900000000000001,0.09000000000000001,8.64,39.330000000000005
LD04761,HM014,F198,D01,2026-08-01 18:30:00,Dinner,220,1.54,0.44,1.98,39.38,167.64,F198,0.7,0.2,0.9,17.9,1.54,0.44000000000000006,39.38,167.64000000000001
LD04762,HM014,F404,D01,2026-08-01 18:30:00,Dinner,150,4.05,1.35,2.7,35.25,169.35,F404,2.7,0.9,1.8,23.5,4.050000000000001,1.35,35.25,169.35
LD04763,HM014,F201,D01,2026-08-01 18:30:00,Dinner,135,1.215,0.81,5.805,13.635,66.69,F201,0.9,0.6,4.3,10.1,1.215,0.81,13.635,66.69
LD04764,HM014,F092,D01,2026-08-01 18:30:00,Dinner,5,0.89,2.145,0.165,1.48,28.785,F092,17.8,42.9,3.3,29.6,0.8900000000000001,2.145,1.4800000000000002,28.785
LD04765,HM014,F210,D02,2026-08-02 06:30:00,Breakfast,5,0.66,0.055,0.195,3.785,18.275,F210,13.2,1.1,3.9,75.7,0.66,0.05500000000000001,3.785,18.275000000000002
LD04766,HM014,F076,D02,2026-08-02 06:30:00,Breakfast,30,3.72,0.33,1.17,21.39,103.41,F076,12.4,1.1,3.9,71.3,3.7199999999999998,0.33,21.389999999999997,103.41
LD04767,HM014,F086,D02,2026-08-02 06:30:00,Breakfast,330,25.74,15.51,0.99,6.27,267.63,F086,7.8,4.7,0.3,1.9,25.74,15.51,6.27,267.63
LD04768,HM014,F462,D02,2026-08-02 09:30:00,Mid snack,5,0.085,0.06,0.2,0.955,4.7,F462,1.7,1.2,4.0,19.1,0.085,0.06,0.9550000000000001,4.7
LD04769,HM014,F292,D02,2026-08-02 09:30:00,Mid snack,5,1.115,2.62,0.625,1.14,32.6,F292,22.3,52.4,12.5,22.8,1.115,2.62,1.1400000000000001,32.6
LD04770,HM014,F315,D02,2026-08-02 09:30:00,Mid snack,10,0.17,0.02,0.28,1.01,4.9,F315,1.7,0.2,2.8,10.1,0.17,0.020000000000000004,1.01,4.8999999999999995
LD04771,HM014,F251,D02,2026-08-02 09:30:00,Mid snack,125,0.75,0.125,1.5,4.375,21.625,F251,0.6,0.1,1.2,3.5,0.75,0.125,4.375,21.625
LD04772,HM014,F418,D02,2026-08-02 09:30:00,Mid snack,35,2.87,0.525,2.45,7.84,47.565,F418,8.2,1.5,7.0,22.4,2.8699999999999997,0.5249999999999999,7.839999999999999,47.565000000000005
LD04773,HM014,F236,D02,2026-08-02 09:30:00,Mid snack,25,6.5,4.425,0.0,0.0,65.825,F236,26.0,17.7,0.0,0.0,6.5,4.425,0.0,65.82499999999999
LD04774,HM014,F118,D02,2026-08-02 13:00:00,Lunch,300,3.0,0.6,8.4,11.7,64.2,F118,1.0,0.2,2.8,3.9,3.0,0.6000000000000001,11.7,64.2
LD04775,HM014,F266,D02,2026-08-02 13:00:00,Lunch,25,0.475,0.05,1.675,19.5,80.35,F266,1.9,0.2,6.7,78.0,0.475,0.05,19.5,80.35000000000001
LD04776,HM014,F374,D02,2026-08-02 13:00:00,Lunch,30,8.97,0.3,0.0,0.0,38.58,F374,29.9,1.0,0.0,0.0,8.969999999999999,0.3,0.0,38.580000000000005
LD04777,HM014,F390,D02,2026-08-02 13:00:00,Lunch,500,16.0,1.5,5.0,17.0,145.5,F390,3.2,0.3,1.0,3.4,16.0,1.5,17.0,145.5
LD04778,HM014,F012,D02,2026-08-02 13:00:00,Lunch,55,4.785,0.275,3.52,12.54,71.775,F012,8.7,0.5,6.4,22.8,4.785,0.275,12.540000000000001,71.77499999999999
LD04779,HM014,F457,D02,2026-08-02 13:00:00,Lunch,40,1.28,0.12,0.4,1.36,11.64,F457,3.2,0.3,1.0,3.4,1.2800000000000002,0.12,1.36,11.64
LD04780,HM014,F176,D02,2026-08-02 16:00:00,Evening Snack,170,5.1,0.51,4.08,6.46,50.83,F176,3.0,0.3,2.4,3.8,5.1,0.51,6.46,50.83
LD04781,HM014,F141,D02,2026-08-02 16:00:00,Evening Snack,5,0.655,0.32,0.505,3.35,18.9,F141,13.1,6.4,10.1,67.0,0.655,0.32000000000000006,3.35,18.9
LD04782,HM014,F230,D02,2026-08-02 16:00:00,Evening Snack,5,0.92,2.585,0.59,1.215,31.805,F230,18.4,51.7,11.8,24.3,0.9199999999999999,2.5850000000000004,1.215,31.805
LD04783,HM014,F446,D02,2026-08-02 16:00:00,Evening Snack,25,0.6,0.1,0.825,1.825,10.6,F446,2.4,0.4,3.3,7.3,0.6,0.1,1.825,10.6
LD04784,HM014,F380,D02,2026-08-02 16:00:00,Evening Snack,150,2.85,0.6,3.45,7.8,48.0,F380,1.9,0.4,2.3,5.2,2.8499999999999996,0.6000000000000001,7.800000000000001,48.0
LD04785,HM014,F383,D02,2026-08-02 18:30:00,Dinner,35,0.7,0.07,1.12,2.695,14.21,F383,2.0,0.2,3.2,7.7,0.7,0.06999999999999999,2.695,14.209999999999999
LD04786,HM014,F212,D02,2026-08-02 18:30:00,Dinner,35,3.255,0.945,2.66,9.975,61.425,F212,9.3,2.7,7.6,28.5,3.255,0.945,9.975,61.425
LD04787,HM014,F403,D02,2026-08-02 18:30:00,Dinner,40,1.12,0.12,0.16,11.52,51.64,F403,2.8,0.3,0.4,28.8,1.1199999999999999,0.12,11.520000000000001,51.64
LD04788,HM014,F348,D02,2026-08-02 18:30:00,Dinner,110,7.92,0.44,8.36,21.78,122.76,F348,7.2,0.4,7.6,19.8,7.920000000000001,0.44000000000000006,21.78,122.76
LD04789,HM014,F207,D02,2026-08-02 18:30:00,Dinner,25,3.55,0.5,3.05,18.875,94.2,F207,14.2,2.0,12.2,75.5,3.55,0.5,18.875,94.2
LD04790,HM014,F147,D02,2026-08-02 18:30:00,Dinner,20,1.38,0.08,1.52,3.8,21.44,F147,6.9,0.4,7.6,19.0,1.3800000000000001,0.08000000000000002,3.8000000000000003,21.439999999999998
LD04791,HM014,F271,D03,2026-08-03 06:30:00,Breakfast,25,1.925,0.35,2.875,18.9,86.45,F271,7.7,1.4,11.5,75.6,1.925,0.35,18.9,86.45
LD04792,HM014,F470,D03,2026-08-03 06:30:00,Breakfast,95,2.565,0.285,0.38,26.79,119.985,F470,2.7,0.3,0.4,28.2,2.565,0.285,26.79,119.985
LD04793,HM014,F166,D03,2026-08-03 06:30:00,Breakfast,405,43.74,0.81,0.0,2.835,193.59,F166,10.8,0.2,0.0,0.7,43.74,0.81,2.8349999999999995,193.59
LD04794,HM014,F156,D03,2026-08-03 09:30:00,Mid snack,25,0.8,0.825,0.0,1.2,15.425,F156,3.2,3.3,0.0,4.8,0.8,0.825,1.2,15.425
LD04795,HM014,F326,D03,2026-08-03 09:30:00,Mid snack,60,0.54,0.06,1.44,7.44,32.46,F326,0.9,0.1,2.4,12.4,0.54,0.06,7.4399999999999995,32.46
LD04796,HM014,F124,D03,2026-08-03 09:30:00,Mid snack,105,2.625,1.05,5.67,14.7,78.75,F124,2.5,1.0,5.4,14.0,2.625,1.05,14.700000000000001,78.75
LD04797,HM014,F010,D03,2026-08-03 09:30:00,Mid snack,20,0.88,0.38,0.56,4.26,23.98,F010,4.4,1.9,2.8,21.3,0.8800000000000001,0.38,4.260000000000001,23.979999999999997
LD04798,HM014,F330,D03,2026-08-03 13:00:00,Lunch,310,2.48,1.24,4.96,48.98,217.0,F330,0.8,0.4,1.6,15.8,2.4800000000000004,1.2400000000000002,48.980000000000004,216.99999999999997
LD04799,HM014,F300,D03,2026-08-03 13:00:00,Lunch,465,53.01,0.93,0.0,3.255,233.43,F300,11.4,0.2,0.0,0.7,53.010000000000005,0.9300000000000002,3.255,233.43
LD04800,HM014,F461,D03,2026-08-03 13:00:00,Lunch,70,0.35,0.21,1.19,7.0,31.29,F461,0.5,0.3,1.7,10.0,0.35,0.21,7.0,31.29
LD04801,HM014,F325,D03,2026-08-03 16:00:00,Evening Snack,30,0.81,0.33,1.62,4.5,24.21,F325,2.7,1.1,5.4,15.0,0.81,0.33,4.5,24.21
LD04802,HM014,F460,D03,2026-08-03 16:00:00,Evening Snack,15,0.135,0.015,0.36,1.8,7.875,F460,0.9,0.1,2.4,12.0,0.135,0.015,1.7999999999999998,7.875
LD04803,HM014,F054,D03,2026-08-03 16:00:00,Evening Snack,115,1.265,0.115,1.955,10.695,48.875,F054,1.1,0.1,1.7,9.3,1.265,0.11499999999999999,10.695,48.875
LD04804,HM014,F408,D03,2026-08-03 16:00:00,Evening Snack,5,0.7,0.095,0.61,3.705,18.475,F408,14.0,1.9,12.2,74.1,0.7000000000000001,0.095,3.705,18.475
LD04805,HM014,F092,D03,2026-08-03 16:00:00,Evening Snack,5,0.89,2.145,0.165,1.48,28.785,F092,17.8,42.9,3.3,29.6,0.8900000000000001,2.145,1.4800000000000002,28.785
LD04806,HM014,F391,D03,2026-08-03 16:00:00,Evening Snack,30,0.33,0.09,0.78,7.05,30.33,F391,1.1,0.3,2.6,23.5,0.33,0.09,7.05,30.33
LD04807,HM014,F366,D03,2026-08-03 18:30:00,Dinner,5,0.65,0.545,0.0,0.055,7.725,F366,13.0,10.9,0.0,1.1,0.65,0.545,0.05500000000000001,7.7250000000000005
LD04808,HM014,F122,D03,2026-08-03 18:30:00,Dinner,380,11.4,1.14,3.8,12.16,104.5,F122,3.0,0.3,1.0,3.2,11.399999999999999,1.14,12.16,104.50000000000001
LD04809,HM014,F129,D03,2026-08-03 18:30:00,Dinner,205,1.64,0.82,3.28,30.135,134.48,F129,0.8,0.4,1.6,14.7,1.64,0.82,30.134999999999994,134.48000000000002
LD04810,HM014,F282,D03,2026-08-03 18:30:00,Dinner,45,3.42,0.495,2.295,9.45,55.935,F282,7.6,1.1,5.1,21.0,3.42,0.49500000000000005,9.450000000000001,55.934999999999995
LD04811,HM014,F035,D03,2026-08-03 18:30:00,Dinner,15,3.75,2.55,0.0,0.0,37.95,F035,25.0,17.0,0.0,0.0,3.75,2.55,0.0,37.95
LD04812,HM014,F169,D03,2026-08-03 18:30:00,Dinner,20,4.96,3.36,0.0,0.0,50.08,F169,24.8,16.8,0.0,0.0,4.960000000000001,3.3600000000000003,0.0,50.08
LD04813,HM014,F371,D04,2026-08-04 06:30:00,Breakfast,20,4.54,1.24,0.0,0.0,29.32,F371,22.7,6.2,0.0,0.0,4.54,1.2400000000000002,0.0,29.32
LD04814,HM014,F278,D04,2026-08-04 06:30:00,Breakfast,10,0.46,0.2,0.28,2.24,12.6,F278,4.6,2.0,2.8,22.4,0.45999999999999996,0.2,2.2399999999999998,12.600000000000001
LD04815,HM014,F209,D04,2026-08-04 06:30:00,Breakfast,5,0.365,0.05,0.05,4.005,17.93,F209,7.3,1.0,1.0,80.1,0.365,0.05,4.005,17.93
LD04816,HM014,F126,D04,2026-08-04 06:30:00,Breakfast,500,2.5,1.5,8.5,48.0,215.5,F126,0.5,0.3,1.7,9.6,2.5,1.5,48.0,215.5
LD04817,HM014,F123,D04,2026-08-04 06:30:00,Breakfast,95,1.045,0.285,2.47,21.185,91.485,F123,1.1,0.3,2.6,22.3,1.045,0.285,21.185,91.48499999999999
LD04818,HM014,F067,D04,2026-08-04 06:30:00,Breakfast,55,0.495,0.33,2.365,5.61,27.39,F067,0.9,0.6,4.3,10.2,0.49500000000000005,0.33,5.61,27.39
LD04819,HM014,F497,D04,2026-08-04 09:30:00,Mid snack,15,2.745,6.33,4.095,4.335,85.29,F497,18.3,42.2,27.3,28.9,2.745,6.33,4.335,85.28999999999999
LD04820,HM014,F392,D04,2026-08-04 09:30:00,Mid snack,45,1.215,0.45,2.43,6.615,35.37,F392,2.7,1.0,5.4,14.7,1.215,0.45,6.615,35.37
LD04821,HM014,F479,D04,2026-08-04 09:30:00,Mid snack,30,1.32,0.57,0.84,6.39,35.97,F479,4.4,1.9,2.8,21.3,1.32,0.57,6.39,35.97
LD04822,HM014,F245,D04,2026-08-04 13:00:00,Lunch,135,3.375,0.54,4.455,10.125,58.86,F245,2.5,0.4,3.3,7.5,3.375,0.54,10.125,58.86
LD04823,HM014,F385,D04,2026-08-04 13:00:00,Lunch,250,1.5,0.25,3.0,8.75,43.25,F385,0.6,0.1,1.2,3.5,1.5,0.25,8.75,43.25
LD04824,HM014,F469,D04,2026-08-04 13:00:00,Lunch,500,4.5,3.0,21.5,52.0,253.0,F469,0.9,0.6,4.3,10.4,4.5,3.0,52.0,253.0
LD04825,HM014,F177,D04,2026-08-04 13:00:00,Lunch,115,6.785,1.15,9.2,9.085,73.83,F177,5.9,1.0,8.0,7.9,6.785,1.15,9.084999999999999,73.83
LD04826,HM014,F492,D04,2026-08-04 16:00:00,Evening Snack,5,1.29,2.46,0.425,0.805,30.52,F492,25.8,49.2,8.5,16.1,1.29,2.4600000000000004,0.8050000000000002,30.520000000000003
LD04827,HM014,F006,D04,2026-08-04 16:00:00,Evening Snack,10,1.37,0.19,1.22,7.26,36.23,F006,13.7,1.9,12.2,72.6,1.37,0.19,7.26,36.23
LD04828,HM014,F028,D04,2026-08-04 16:00:00,Evening Snack,5,0.915,2.11,1.365,1.445,28.43,F028,18.3,42.2,27.3,28.9,0.915,2.1100000000000003,1.445,28.43
LD04829,HM014,F182,D04,2026-08-04 16:00:00,Evening Snack,25,0.475,0.05,0.8,1.85,9.75,F182,1.9,0.2,3.2,7.4,0.475,0.05,1.85,9.75
LD04830,HM014,F322,D04,2026-08-04 16:00:00,Evening Snack,165,1.98,0.165,2.805,16.17,74.085,F322,1.2,0.1,1.7,9.8,1.9799999999999998,0.165,16.17,74.08500000000001
LD04831,HM014,F343,D04,2026-08-04 18:30:00,Dinner,5,0.36,0.05,0.05,3.965,17.75,F343,7.2,1.0,1.0,79.3,0.36000000000000004,0.05,3.965,17.75
LD04832,HM014,F099,D04,2026-08-04 18:30:00,Dinner,85,9.095,0.17,0.0,0.595,40.29,F099,10.7,0.2,0.0,0.7,9.094999999999999,0.17,0.595,40.290000000000006
LD04833,HM014,F126,D04,2026-08-04 18:30:00,Dinner,130,0.65,0.39,2.21,12.48,56.03,F126,0.5,0.3,1.7,9.6,0.65,0.39,12.48,56.03
LD04834,HM014,F138,D04,2026-08-04 18:30:00,Dinner,85,9.265,4.25,9.35,56.355,300.73,F138,10.9,5.0,11.0,66.3,9.265,4.25,56.355,300.73
LD04835,HM014,F396,D05,2026-08-05 06:30:00,Breakfast,30,0.18,0.06,0.12,2.34,10.62,F396,0.6,0.2,0.4,7.8,0.18,0.06,2.34,10.620000000000001
LD04836,HM014,F031,D05,2026-08-05 06:30:00,Breakfast,105,13.23,11.13,0.0,1.155,157.71,F031,12.6,10.6,0.0,1.1,13.23,11.13,1.1550000000000002,157.71
LD04837,HM014,F496,D05,2026-08-05 06:30:00,Breakfast,45,7.425,13.815,15.48,18.945,229.815,F496,16.5,30.7,34.4,42.1,7.425,13.815,18.945,229.815
LD04838,HM014,F278,D05,2026-08-05 09:30:00,Mid snack,40,1.84,0.8,1.12,8.96,50.4,F278,4.6,2.0,2.8,22.4,1.8399999999999999,0.8,8.959999999999999,50.400000000000006
LD04839,HM014,F418,D05,2026-08-05 09:30:00,Mid snack,5,0.41,0.075,0.35,1.12,6.795,F418,8.2,1.5,7.0,22.4,0.41,0.07500000000000001,1.1199999999999999,6.795
LD04840,HM014,F027,D05,2026-08-05 09:30:00,Mid snack,5,0.825,1.535,1.72,2.105,25.535,F027,16.5,30.7,34.4,42.1,0.8250000000000001,1.5350000000000001,2.105,25.534999999999997
LD04841,HM014,F286,D05,2026-08-05 09:30:00,Mid snack,45,7.83,4.275,2.7,4.68,88.515,F286,17.4,9.5,6.0,10.4,7.829999999999999,4.275,4.680000000000001,88.515
LD04842,HM014,F448,D05,2026-08-05 09:30:00,Mid snack,55,0.495,0.11,1.54,5.39,24.53,F448,0.9,0.2,2.8,9.8,0.49500000000000005,0.11000000000000001,5.390000000000001,24.529999999999998
LD04843,HM014,F375,D05,2026-08-05 13:00:00,Lunch,40,9.88,0.4,0.0,0.0,43.12,F375,24.7,1.0,0.0,0.0,9.88,0.4,0.0,43.120000000000005
LD04844,HM014,F356,D05,2026-08-05 13:00:00,Lunch,40,1.44,1.36,0.0,1.92,25.68,F356,3.6,3.4,0.0,4.8,1.4400000000000002,1.36,1.92,25.68
LD04845,HM014,F341,D05,2026-08-05 13:00:00,Lunch,25,3.525,0.5,3.05,18.7,93.4,F341,14.1,2.0,12.2,74.8,3.525,0.5,18.7,93.39999999999999
LD04846,HM014,F258,D05,2026-08-05 13:00:00,Lunch,400,10.8,4.0,21.6,59.6,317.6,F258,2.7,1.0,5.4,14.9,10.8,4.0,59.6,317.6
LD04847,HM014,F466,D05,2026-08-05 16:00:00,Evening Snack,15,0.105,0.03,0.135,2.775,11.79,F466,0.7,0.2,0.9,18.5,0.105,0.03,2.775,11.79
LD04848,HM014,F140,D05,2026-08-05 16:00:00,Evening Snack,5,0.68,0.095,0.61,3.595,17.955,F140,13.6,1.9,12.2,71.9,0.68,0.095,3.5950000000000006,17.955000000000002
LD04849,HM014,F163,D05,2026-08-05 16:00:00,Evening Snack,5,0.875,2.46,0.59,1.16,30.28,F163,17.5,49.2,11.8,23.2,0.875,2.4600000000000004,1.16,30.28
LD04850,HM014,F453,D05,2026-08-05 16:00:00,Evening Snack,135,1.35,0.27,3.78,5.535,29.97,F453,1.0,0.2,2.8,4.1,1.35,0.27,5.535,29.97
LD04851,HM014,F464,D05,2026-08-05 16:00:00,Evening Snack,95,0.76,0.38,1.52,14.535,64.6,F464,0.8,0.4,1.6,15.3,0.76,0.38,14.535,64.6
LD04852,HM014,F451,D05,2026-08-05 16:00:00,Evening Snack,125,1.25,0.25,3.75,7.625,37.75,F451,1.0,0.2,3.0,6.1,1.25,0.25,7.625,37.75
LD04853,HM014,F257,D05,2026-08-05 18:30:00,Dinner,5,0.055,0.015,0.13,1.185,5.095,F257,1.1,0.3,2.6,23.7,0.05500000000000001,0.015,1.185,5.095
LD04854,HM014,F034,D05,2026-08-05 18:30:00,Dinner,110,28.6,11.99,0.0,0.0,222.31,F034,26.0,10.9,0.0,0.0,28.6,11.990000000000002,0.0,222.31
LD04855,HM014,F161,D05,2026-08-05 18:30:00,Dinner,20,3.26,6.08,6.88,8.34,101.12,F161,16.3,30.4,34.4,41.7,3.2600000000000002,6.08,8.340000000000002,101.12
LD04856,HM014,F371,D05,2026-08-05 18:30:00,Dinner,40,9.08,2.48,0.0,0.0,58.64,F371,22.7,6.2,0.0,0.0,9.08,2.4800000000000004,0.0,58.64
LD04857,HM014,F229,D05,2026-08-05 18:30:00,Dinner,5,0.95,2.195,1.365,1.505,29.575,F229,19.0,43.9,27.3,30.1,0.9500000000000001,2.195,1.5050000000000001,29.575
LD04858,HM014,F058,D05,2026-08-05 18:30:00,Dinner,70,0.63,0.07,1.68,8.26,36.19,F058,0.9,0.1,2.4,11.8,0.63,0.06999999999999999,8.26,36.190000000000005
LD04859,HM014,F164,D06,2026-08-06 06:30:00,Breakfast,5,1.495,2.43,0.3,0.53,29.97,F164,29.9,48.6,6.0,10.6,1.495,2.43,0.53,29.970000000000002
LD04860,HM014,F458,D06,2026-08-06 06:30:00,Breakfast,250,2.75,0.75,6.5,58.25,250.75,F458,1.1,0.3,2.6,23.3,2.75,0.75,58.25,250.75
LD04861,HM014,F251,D06,2026-08-06 06:30:00,Breakfast,250,1.5,0.25,3.0,8.75,43.25,F251,0.6,0.1,1.2,3.5,1.5,0.25,8.75,43.25
LD04862,HM014,F496,D06,2026-08-06 09:30:00,Mid snack,5,0.825,1.535,1.72,2.105,25.535,F496,16.5,30.7,34.4,42.1,0.8250000000000001,1.5350000000000001,2.105,25.534999999999997
LD04863,HM014,F482,D06,2026-08-06 09:30:00,Mid snack,70,4.9,0.28,5.32,13.44,75.88,F482,7.0,0.4,7.6,19.2,4.8999999999999995,0.27999999999999997,13.44,75.88
LD04864,HM014,F426,D06,2026-08-06 13:00:00,Lunch,5,1.08,2.545,0.625,1.105,31.645,F426,21.6,50.9,12.5,22.1,1.08,2.545,1.1050000000000002,31.645000000000003
LD04865,HM014,F461,D06,2026-08-06 13:00:00,Lunch,500,2.5,1.5,8.5,50.0,223.5,F461,0.5,0.3,1.7,10.0,2.5,1.5,50.0,223.5
LD04866,HM014,F376,D06,2026-08-06 13:00:00,Lunch,60,11.76,0.9,0.0,0.0,55.14,F376,19.6,1.5,0.0,0.0,11.76,0.8999999999999999,0.0,55.14
LD04867,HM014,F262,D06,2026-08-06 16:00:00,Evening Snack,295,1.77,0.59,1.18,23.305,105.61,F262,0.6,0.2,0.4,7.9,1.77,0.5900000000000001,23.305000000000003,105.61
LD04868,HM014,F427,D06,2026-08-06 16:00:00,Evening Snack,5,0.93,2.235,0.165,1.54,29.995,F427,18.6,44.7,3.3,30.8,0.9300000000000002,2.2350000000000003,1.54,29.994999999999997
LD04869,HM014,F276,D06,2026-08-06 16:00:00,Evening Snack,5,0.37,0.055,0.05,4.045,18.155,F276,7.4,1.1,1.0,80.9,0.37000000000000005,0.05500000000000001,4.045000000000001,18.155
LD04870,HM014,F372,D06,2026-08-06 18:30:00,Dinner,40,8.24,2.08,0.0,0.0,51.68,F372,20.6,5.2,0.0,0.0,8.24,2.08,0.0,51.68
LD04871,HM014,F182,D06,2026-08-06 18:30:00,Dinner,70,1.33,0.14,2.24,5.18,27.3,F182,1.9,0.2,3.2,7.4,1.3299999999999998,0.13999999999999999,5.18,27.3
LD04872,HM014,F148,D06,2026-08-06 18:30:00,Dinner,30,2.13,0.3,1.53,5.94,34.98,F148,7.1,1.0,5.1,19.8,2.13,0.3,5.94,34.980000000000004
LD04873,HM014,F393,D06,2026-08-06 18:30:00,Dinner,340,3.06,0.34,8.16,41.48,181.22,F393,0.9,0.1,2.4,12.2,3.06,0.34,41.48,181.22
LD04874,HM014,F330,D07,2026-08-07 06:30:00,Breakfast,95,0.76,0.38,1.52,15.01,66.5,F330,0.8,0.4,1.6,15.8,0.76,0.38,15.01,66.5
LD04875,HM014,F302,D07,2026-08-07 06:30:00,Breakfast,15,4.095,1.71,0.0,0.0,31.77,F302,27.3,11.4,0.0,0.0,4.095,1.71,0.0,31.77
LD04876,HM014,F126,D07,2026-08-07 06:30:00,Breakfast,165,0.825,0.495,2.805,15.84,71.115,F126,0.5,0.3,1.7,9.6,0.825,0.49499999999999994,15.839999999999998,71.115
LD04877,HM014,F331,D07,2026-08-07 06:30:00,Breakfast,25,0.125,0.025,0.35,3.45,14.525,F331,0.5,0.1,1.4,13.8,0.125,0.025,3.45,14.525
LD04878,HM014,F015,D07,2026-08-07 09:30:00,Mid snack,5,0.45,0.02,0.395,1.0,5.98,F015,9.0,0.4,7.9,20.0,0.45,0.020000000000000004,1.0,5.9799999999999995
LD04879,HM014,F120,D07,2026-08-07 09:30:00,Mid snack,45,0.315,0.045,0.225,1.575,7.965,F120,0.7,0.1,0.5,3.5,0.315,0.045000000000000005,1.575,7.965
LD04880,HM014,F018,D07,2026-08-07 09:30:00,Mid snack,35,5.81,3.15,2.1,3.465,65.45,F018,16.6,9.0,6.0,9.9,5.8100000000000005,3.15,3.465,65.44999999999999
LD04881,HM014,F267,D07,2026-08-07 13:00:00,Lunch,5,0.16,0.025,0.185,4.12,17.345,F267,3.2,0.5,3.7,82.4,0.16000000000000003,0.025,4.12,17.345000000000002
LD04882,HM014,F129,D07,2026-08-07 13:00:00,Lunch,65,0.52,0.26,1.04,9.555,42.64,F129,0.8,0.4,1.6,14.7,0.52,0.26,9.555,42.64
LD04883,HM014,F349,D07,2026-08-07 13:00:00,Lunch,140,10.36,1.4,7.14,28.84,169.4,F349,7.4,1.0,5.1,20.6,10.36,1.4,28.84,169.4
LD04884,HM014,F087,D07,2026-08-07 13:00:00,Lunch,5,0.895,1.02,0.0,0.125,13.26,F087,17.9,20.4,0.0,2.5,0.895,1.02,0.125,13.26
LD04885,HM014,F152,D07,2026-08-07 18:30:00,Dinner,15,2.46,1.335,0.9,1.47,27.735,F152,16.4,8.9,6.0,9.8,2.4599999999999995,1.335,1.47,27.735
LD04886,HM014,F462,D07,2026-08-07 18:30:00,Dinner,165,2.805,1.98,6.6,31.515,155.1,F462,1.7,1.2,4.0,19.1,2.8049999999999997,1.9799999999999998,31.515,155.1
LD04887,HM014,F197,D08,2026-08-08 06:30:00,Breakfast,500,2.5,0.5,7.0,65.0,274.5,F197,0.5,0.1,1.4,13.0,2.5,0.5,65.0,274.5
LD04888,HM014,F188,D08,2026-08-08 06:30:00,Breakfast,35,0.385,0.035,0.595,3.22,14.735,F188,1.1,0.1,1.7,9.2,0.385,0.034999999999999996,3.2199999999999998,14.735000000000001
LD04889,HM014,F034,D08,2026-08-08 06:30:00,Breakfast,30,7.8,3.27,0.0,0.0,60.63,F034,26.0,10.9,0.0,0.0,7.8,3.27,0.0,60.629999999999995
LD04890,HM014,F324,D08,2026-08-08 06:30:00,Breakfast,5,0.06,0.015,0.13,1.195,5.155,F324,1.2,0.3,2.6,23.9,0.06,0.015,1.195,5.155
LD04891,HM014,F058,D08,2026-08-08 09:30:00,Mid snack,85,0.765,0.085,2.04,10.03,43.945,F058,0.9,0.1,2.4,11.8,0.765,0.085,10.030000000000001,43.945
LD04892,HM014,F278,D08,2026-08-08 09:30:00,Mid snack,20,0.92,0.4,0.56,4.48,25.2,F278,4.6,2.0,2.8,22.4,0.9199999999999999,0.4,4.4799999999999995,25.200000000000003
LD04893,HM014,F098,D08,2026-08-08 09:30:00,Mid snack,10,1.23,1.04,0.0,0.11,14.72,F098,12.3,10.4,0.0,1.1,1.2300000000000002,1.04,0.11000000000000001,14.719999999999999
LD04894,HM014,F449,D08,2026-08-08 09:30:00,Mid snack,180,2.88,0.36,5.04,17.64,85.32,F449,1.6,0.2,2.8,9.8,2.8800000000000003,0.36000000000000004,17.64,85.32
LD04895,HM014,F029,D08,2026-08-08 13:00:00,Lunch,20,3.54,9.94,2.36,4.68,122.34,F029,17.7,49.7,11.8,23.4,3.54,9.940000000000001,4.68,122.33999999999999
LD04896,HM014,F022,D08,2026-08-08 13:00:00,Lunch,220,7.04,7.26,0.0,10.56,135.74,F022,3.2,3.3,0.0,4.8,7.040000000000001,7.26,10.56,135.74
LD04897,HM014,F224,D08,2026-08-08 13:00:00,Lunch,45,12.06,23.04,3.825,7.515,285.66,F224,26.8,51.2,8.5,16.7,12.06,23.040000000000003,7.515,285.65999999999997
LD04898,HM014,F361,D08,2026-08-08 16:00:00,Evening Snack,5,0.785,3.36,0.335,0.705,36.2,F361,15.7,67.2,6.7,14.1,0.785,3.3600000000000003,0.7050000000000001,36.199999999999996
LD04899,HM014,F252,D08,2026-08-08 16:00:00,Evening Snack,35,0.35,0.07,0.98,1.47,7.91,F252,1.0,0.2,2.8,4.2,0.35,0.06999999999999999,1.47,7.909999999999999
LD04900,HM014,F377,D08,2026-08-08 16:00:00,Evening Snack,45,1.395,0.135,1.08,1.755,13.815,F377,3.1,0.3,2.4,3.9,1.395,0.135,1.755,13.815
LD04901,HM014,F450,D08,2026-08-08 16:00:00,Evening Snack,35,0.665,0.07,1.12,2.695,14.07,F450,1.9,0.2,3.2,7.7,0.6649999999999999,0.06999999999999999,2.695,14.07
LD04902,HM014,F250,D08,2026-08-08 16:00:00,Evening Snack,330,3.3,0.66,9.9,20.46,100.98,F250,1.0,0.2,3.0,6.2,3.3,0.66,20.46,100.98
LD04903,HM014,F420,D08,2026-08-08 18:30:00,Dinner,25,4.225,2.3,1.5,2.525,47.7,F420,16.9,9.2,6.0,10.1,4.225,2.3,2.525,47.7
LD04904,HM014,F399,D08,2026-08-08 18:30:00,Dinner,15,0.105,0.03,0.135,2.79,11.85,F399,0.7,0.2,0.9,18.6,0.105,0.03,2.79,11.85
LD04905,HM014,F173,D08,2026-08-08 18:30:00,Dinner,40,11.48,0.4,0.0,0.0,49.52,F173,28.7,1.0,0.0,0.0,11.48,0.4,0.0,49.52
LD04906,HM014,F317,D08,2026-08-08 18:30:00,Dinner,85,0.935,0.17,2.55,5.355,26.69,F317,1.1,0.2,3.0,6.3,0.935,0.17,5.3549999999999995,26.690000000000005
LD04907,HM014,F461,D08,2026-08-08 18:30:00,Dinner,470,2.35,1.41,7.99,47.0,210.09,F461,0.5,0.3,1.7,10.0,2.35,1.41,47.0,210.09
LD04908,HM014,F392,D08,2026-08-08 18:30:00,Dinner,115,3.105,1.15,6.21,16.905,90.39,F392,2.7,1.0,5.4,14.7,3.105,1.15,16.904999999999998,90.39
LD04909,HM014,F232,D09,2026-08-09 06:30:00,Breakfast,35,4.585,3.85,0.0,0.385,54.53,F232,13.1,11.0,0.0,1.1,4.585,3.8499999999999996,0.385,54.53
LD04910,HM014,F300,D09,2026-08-09 06:30:00,Breakfast,290,33.06,0.58,0.0,2.03,145.58,F300,11.4,0.2,0.0,0.7,33.06,0.58,2.03,145.58
LD04911,HM014,F065,D09,2026-08-09 06:30:00,Breakfast,30,0.54,0.06,2.01,22.5,92.7,F065,1.8,0.2,6.7,75.0,0.54,0.06,22.5,92.7
LD04912,HM014,F434,D09,2026-08-09 06:30:00,Breakfast,75,8.325,0.15,0.0,0.525,36.75,F434,11.1,0.2,0.0,0.7,8.325,0.15000000000000002,0.5249999999999999,36.75
LD04913,HM014,F064,D09,2026-08-09 06:30:00,Breakfast,35,0.245,0.07,0.315,6.335,26.95,F064,0.7,0.2,0.9,18.1,0.24499999999999997,0.06999999999999999,6.335,26.95
LD04914,HM014,F296,D09,2026-08-09 06:30:00,Breakfast,10,1.92,4.43,2.73,3.03,59.67,F296,19.2,44.3,27.3,30.3,1.92,4.43,3.0300000000000002,59.669999999999995
LD04915,HM014,F479,D09,2026-08-09 09:30:00,Mid snack,5,0.22,0.095,0.14,1.065,5.995,F479,4.4,1.9,2.8,21.3,0.22000000000000003,0.095,1.0650000000000002,5.994999999999999
LD04916,HM014,F356,D09,2026-08-09 09:30:00,Mid snack,160,5.76,5.44,0.0,7.68,102.72,F356,3.6,3.4,0.0,4.8,5.760000000000001,5.44,7.68,102.72
LD04917,HM014,F375,D09,2026-08-09 09:30:00,Mid snack,5,1.235,0.05,0.0,0.0,5.39,F375,24.7,1.0,0.0,0.0,1.235,0.05,0.0,5.390000000000001
LD04918,HM014,F018,D09,2026-08-09 09:30:00,Mid snack,30,4.98,2.7,1.8,2.97,56.1,F018,16.6,9.0,6.0,9.9,4.98,2.6999999999999997,2.97,56.10000000000001
LD04919,HM014,F377,D09,2026-08-09 13:00:00,Lunch,25,0.775,0.075,0.6,0.975,7.675,F377,3.1,0.3,2.4,3.9,0.775,0.075,0.975,7.675
LD04920,HM014,F268,D09,2026-08-09 13:00:00,Lunch,15,0.135,0.09,0.645,1.59,7.71,F268,0.9,0.6,4.3,10.6,0.135,0.09,1.5899999999999999,7.71
LD04921,HM014,F460,D09,2026-08-09 13:00:00,Lunch,470,4.23,0.47,11.28,56.4,246.75,F460,0.9,0.1,2.4,12.0,4.23,0.47000000000000003,56.400000000000006,246.74999999999997
LD04922,HM014,F371,D09,2026-08-09 13:00:00,Lunch,110,24.97,6.82,0.0,0.0,161.26,F371,22.7,6.2,0.0,0.0,24.970000000000002,6.820000000000001,0.0,161.26
LD04923,HM014,F299,D09,2026-08-09 13:00:00,Lunch,40,5.28,4.44,0.0,0.48,63.0,F299,13.2,11.1,0.0,1.2,5.28,4.44,0.48,63.0
LD04924,HM014,F395,D09,2026-08-09 13:00:00,Lunch,15,0.27,0.18,0.6,2.895,14.28,F395,1.8,1.2,4.0,19.3,0.27,0.18,2.895,14.28
LD04925,HM014,F293,D09,2026-08-09 16:00:00,Evening Snack,10,1.91,4.6,0.33,3.17,61.72,F293,19.1,46.0,3.3,31.7,1.9100000000000001,4.6000000000000005,3.17,61.72
LD04926,HM014,F411,D09,2026-08-09 16:00:00,Evening Snack,15,1.95,0.165,0.585,11.145,53.865,F411,13.0,1.1,3.9,74.3,1.95,0.165,11.145,53.864999999999995
LD04927,HM014,F129,D09,2026-08-09 16:00:00,Evening Snack,85,0.68,0.34,1.36,12.495,55.76,F129,0.8,0.4,1.6,14.7,0.68,0.34,12.495,55.76
LD04928,HM014,F118,D09,2026-08-09 16:00:00,Evening Snack,10,0.1,0.02,0.28,0.39,2.14,F118,1.0,0.2,2.8,3.9,0.1,0.020000000000000004,0.39,2.14
LD04929,HM014,F243,D09,2026-08-09 16:00:00,Evening Snack,25,0.775,0.075,0.6,1.0,7.775,F243,3.1,0.3,2.4,4.0,0.775,0.075,1.0,7.7749999999999995
LD04930,HM014,F435,D09,2026-08-09 18:30:00,Dinner,10,3.16,0.37,0.0,0.0,15.97,F435,31.6,3.7,0.0,0.0,3.16,0.37000000000000005,0.0,15.97
LD04931,HM014,F249,D09,2026-08-09 18:30:00,Dinner,500,10.0,1.0,16.0,39.0,205.0,F249,2.0,0.2,3.2,7.8,10.0,1.0,39.0,205.0
LD04932,HM014,F492,D09,2026-08-09 18:30:00,Dinner,20,5.16,9.84,1.7,3.22,122.08,F492,25.8,49.2,8.5,16.1,5.16,9.840000000000002,3.2200000000000006,122.08000000000001
LD04933,HM014,F352,D09,2026-08-09 18:30:00,Dinner,15,1.23,0.09,0.75,3.09,18.09,F352,8.2,0.6,5.0,20.6,1.2299999999999998,0.09,3.0900000000000003,18.09
LD04934,HM014,F363,D10,2026-08-10 06:30:00,Breakfast,65,12.22,28.275,17.745,19.37,380.835,F363,18.8,43.5,27.3,29.8,12.22,28.275000000000002,19.37,380.83500000000004
LD04935,HM014,F347,D10,2026-08-10 06:30:00,Breakfast,30,2.7,0.15,1.92,7.05,40.35,F347,9.0,0.5,6.4,23.5,2.6999999999999997,0.15,7.05,40.35
LD04936,HM014,F048,D10,2026-08-10 06:30:00,Breakfast,5,0.095,0.01,0.16,0.375,1.97,F048,1.9,0.2,3.2,7.5,0.095,0.010000000000000002,0.375,1.97
LD04937,HM014,F323,D10,2026-08-10 09:30:00,Mid snack,50,1.65,0.15,0.5,1.75,14.95,F323,3.3,0.3,1.0,3.5,1.65,0.15,1.75,14.95
LD04938,HM014,F183,D10,2026-08-10 09:30:00,Mid snack,125,1.25,0.25,3.75,7.375,36.75,F183,1.0,0.2,3.0,5.9,1.25,0.25,7.375,36.75
LD04939,HM014,F448,D10,2026-08-10 09:30:00,Mid snack,250,2.25,0.5,7.0,24.5,111.5,F448,0.9,0.2,2.8,9.8,2.25,0.5,24.5,111.5
LD04940,HM014,F215,D10,2026-08-10 13:00:00,Lunch,65,4.875,0.65,3.315,13.52,79.43,F215,7.5,1.0,5.1,20.8,4.875,0.65,13.520000000000001,79.42999999999999
LD04941,HM014,F130,D10,2026-08-10 13:00:00,Lunch,45,0.225,0.045,0.63,5.76,24.345,F130,0.5,0.1,1.4,12.8,0.225,0.045000000000000005,5.760000000000001,24.345
LD04942,HM014,F227,D10,2026-08-10 13:00:00,Lunch,5,0.79,3.39,0.335,0.71,36.51,F227,15.8,67.8,6.7,14.2,0.79,3.39,0.71,36.510000000000005
LD04943,HM014,F266,D10,2026-08-10 13:00:00,Lunch,75,1.425,0.15,5.025,58.5,241.05,F266,1.9,0.2,6.7,78.0,1.4249999999999998,0.15000000000000002,58.5,241.04999999999998
LD04944,HM014,F084,D10,2026-08-10 13:00:00,Lunch,30,2.34,0.18,1.5,5.88,34.5,F084,7.8,0.6,5.0,19.6,2.34,0.18,5.88,34.49999999999999
LD04945,HM014,F222,D10,2026-08-10 13:00:00,Lunch,190,6.84,6.46,0.0,9.31,122.74,F222,3.6,3.4,0.0,4.9,6.84,6.46,9.31,122.74
LD04946,HM014,F244,D10,2026-08-10 16:00:00,Evening Snack,65,4.03,0.65,5.2,5.395,43.55,F244,6.2,1.0,8.0,8.3,4.03,0.65,5.3950000000000005,43.550000000000004
LD04947,HM014,F334,D10,2026-08-10 16:00:00,Evening Snack,10,0.33,0.05,0.37,8.32,35.05,F334,3.3,0.5,3.7,83.2,0.33,0.05,8.32,35.050000000000004
LD04948,HM014,F255,D10,2026-08-10 16:00:00,Evening Snack,15,0.165,0.015,0.255,1.455,6.615,F255,1.1,0.1,1.7,9.7,0.165,0.015,1.4549999999999998,6.615
LD04949,HM014,F051,D10,2026-08-10 16:00:00,Evening Snack,160,1.6,0.32,4.48,6.4,34.88,F051,1.0,0.2,2.8,4.0,1.6,0.32000000000000006,6.4,34.88
LD04950,HM014,F322,D10,2026-08-10 16:00:00,Evening Snack,55,0.66,0.055,0.935,5.39,24.695,F322,1.2,0.1,1.7,9.8,0.66,0.05500000000000001,5.390000000000001,24.695
LD04951,HM014,F253,D10,2026-08-10 16:00:00,Evening Snack,85,0.765,0.17,1.02,3.485,18.53,F253,0.9,0.2,1.2,4.1,0.765,0.17,3.4849999999999994,18.53
LD04952,HM014,F079,D10,2026-08-10 18:30:00,Dinner,65,5.525,0.325,4.16,14.495,83.005,F079,8.5,0.5,6.4,22.3,5.525,0.325,14.495000000000001,83.005
LD04953,HM014,F117,D10,2026-08-10 18:30:00,Dinner,500,3.0,0.5,6.0,16.5,82.5,F117,0.6,0.1,1.2,3.3,3.0,0.5,16.5,82.5
LD04954,HM014,F205,D10,2026-08-10 18:30:00,Dinner,15,1.71,0.78,1.65,10.455,55.68,F205,11.4,5.2,11.0,69.7,1.71,0.78,10.455,55.68
LD04955,HM014,F427,D10,2026-08-10 18:30:00,Dinner,25,4.65,11.175,0.825,7.7,149.975,F427,18.6,44.7,3.3,30.8,4.65,11.175,7.7,149.97500000000002
LD04956,HM014,F484,D10,2026-08-10 18:30:00,Dinner,10,0.9,0.04,0.79,2.0,11.96,F484,9.0,0.4,7.9,20.0,0.9,0.04000000000000001,2.0,11.959999999999999
LD04957,HM014,F055,D11,2026-08-11 06:30:00,Breakfast,500,15.5,1.5,5.0,16.5,141.5,F055,3.1,0.3,1.0,3.3,15.5,1.5,16.5,141.5
LD04958,HM014,F298,D11,2026-08-11 06:30:00,Breakfast,5,1.585,2.58,0.3,0.56,31.8,F298,31.7,51.6,6.0,11.2,1.585,2.58,0.5599999999999999,31.799999999999997
LD04959,HM014,F265,D11,2026-08-11 06:30:00,Breakfast,160,1.12,0.32,1.44,30.08,127.68,F265,0.7,0.2,0.9,18.8,1.1199999999999999,0.32000000000000006,30.080000000000002,127.67999999999999
LD04960,HM014,F095,D11,2026-08-11 09:30:00,Mid snack,5,0.895,2.07,1.365,1.415,27.87,F095,17.9,41.4,27.3,28.3,0.895,2.07,1.415,27.869999999999997
LD04961,HM014,F098,D11,2026-08-11 09:30:00,Mid snack,60,7.38,6.24,0.0,0.66,88.32,F098,12.3,10.4,0.0,1.1,7.38,6.24,0.66,88.32
LD04962,HM014,F252,D11,2026-08-11 09:30:00,Mid snack,35,0.35,0.07,0.98,1.47,7.91,F252,1.0,0.2,2.8,4.2,0.35,0.06999999999999999,1.47,7.909999999999999
LD04963,HM014,F241,D11,2026-08-11 09:30:00,Mid snack,40,10.0,0.4,0.0,0.0,43.6,F241,25.0,1.0,0.0,0.0,10.0,0.4,0.0,43.6
LD04964,HM014,F427,D11,2026-08-11 09:30:00,Mid snack,5,0.93,2.235,0.165,1.54,29.995,F427,18.6,44.7,3.3,30.8,0.9300000000000002,2.2350000000000003,1.54,29.994999999999997
LD04965,HM014,F235,D11,2026-08-11 09:30:00,Mid snack,5,1.35,0.565,0.0,0.0,10.485,F235,27.0,11.3,0.0,0.0,1.35,0.5650000000000001,0.0,10.485
LD04966,HM014,F368,D11,2026-08-11 13:00:00,Lunch,55,17.545,2.035,0.0,0.0,88.495,F368,31.9,3.7,0.0,0.0,17.545,2.035,0.0,88.495
LD04967,HM014,F135,D11,2026-08-11 13:00:00,Lunch,55,1.485,0.165,0.22,15.345,68.805,F135,2.7,0.3,0.4,27.9,1.4850000000000003,0.165,15.345,68.805
LD04968,HM014,F391,D11,2026-08-11 13:00:00,Lunch,50,0.55,0.15,1.3,11.75,50.55,F391,1.1,0.3,2.6,23.5,0.55,0.15,11.75,50.550000000000004
LD04969,HM014,F111,D11,2026-08-11 13:00:00,Lunch,345,8.28,1.38,11.385,24.495,143.52,F111,2.4,0.4,3.3,7.1,8.28,1.3800000000000001,24.495,143.51999999999998
LD04970,HM014,F332,D11,2026-08-11 13:00:00,Lunch,15,0.105,0.03,0.135,2.85,12.09,F332,0.7,0.2,0.9,19.0,0.105,0.03,2.85,12.09
LD04971,HM014,F153,D11,2026-08-11 13:00:00,Lunch,160,12.64,7.68,0.48,3.04,131.84,F153,7.9,4.8,0.3,1.9,12.64,7.68,3.04,131.84
LD04972,HM014,F263,D11,2026-08-11 16:00:00,Evening Snack,55,0.44,0.22,0.88,8.58,38.06,F263,0.8,0.4,1.6,15.6,0.44000000000000006,0.22000000000000003,8.58,38.059999999999995
LD04973,HM014,F121,D11,2026-08-11 16:00:00,Evening Snack,20,0.22,0.02,0.34,1.82,8.34,F121,1.1,0.1,1.7,9.1,0.22000000000000003,0.020000000000000004,1.82,8.34
LD04974,HM014,F458,D11,2026-08-11 16:00:00,Evening Snack,50,0.55,0.15,1.3,11.65,50.15,F458,1.1,0.3,2.6,23.3,0.55,0.15,11.65,50.150000000000006
LD04975,HM014,F204,D11,2026-08-11 16:00:00,Evening Snack,10,0.76,0.14,1.15,7.49,34.26,F204,7.6,1.4,11.5,74.9,0.76,0.13999999999999999,7.490000000000001,34.26
LD04976,HM014,F406,D11,2026-08-11 16:00:00,Evening Snack,10,1.12,0.51,1.1,6.83,36.39,F406,11.2,5.1,11.0,68.3,1.1199999999999999,0.51,6.83,36.39
LD04977,HM014,F271,D11,2026-08-11 18:30:00,Dinner,30,2.31,0.42,3.45,22.68,103.74,F271,7.7,1.4,11.5,75.6,2.31,0.42,22.679999999999996,103.74
LD04978,HM014,F180,D11,2026-08-11 18:30:00,Dinner,215,1.935,0.43,6.02,20.425,93.31,F180,0.9,0.2,2.8,9.5,1.935,0.43,20.425,93.31
LD04979,HM014,F103,D11,2026-08-11 18:30:00,Dinner,155,33.48,9.145,0.0,0.0,216.225,F103,21.6,5.9,0.0,0.0,33.480000000000004,9.145000000000001,0.0,216.22499999999997
LD04980,HM014,F484,D11,2026-08-11 18:30:00,Dinner,5,0.45,0.02,0.395,1.0,5.98,F484,9.0,0.4,7.9,20.0,0.45,0.020000000000000004,1.0,5.9799999999999995
LD04981,HM014,F425,D11,2026-08-11 18:30:00,Dinner,5,1.315,2.51,0.425,0.82,31.13,F425,26.3,50.2,8.5,16.4,1.3150000000000002,2.5100000000000002,0.82,31.129999999999995
LD04982,HM014,F308,D12,2026-08-12 06:30:00,Breakfast,95,23.94,1.045,0.0,0.0,105.165,F308,25.2,1.1,0.0,0.0,23.939999999999998,1.045,0.0,105.165
LD04983,HM014,F103,D12,2026-08-12 06:30:00,Breakfast,30,6.48,1.77,0.0,0.0,41.85,F103,21.6,5.9,0.0,0.0,6.48,1.77,0.0,41.85
LD04984,HM014,F261,D12,2026-08-12 06:30:00,Breakfast,35,0.63,0.42,1.4,6.79,33.46,F261,1.8,1.2,4.0,19.4,0.63,0.42,6.789999999999999,33.46
LD04985,HM014,F476,D12,2026-08-12 06:30:00,Breakfast,5,0.66,0.325,0.505,3.385,19.105,F476,13.2,6.5,10.1,67.7,0.66,0.325,3.3850000000000002,19.105
LD04986,HM014,F431,D12,2026-08-12 09:30:00,Mid snack,10,1.81,5.07,1.18,2.39,62.43,F431,18.1,50.7,11.8,23.9,1.8100000000000003,5.07,2.39,62.43000000000001
LD04987,HM014,F148,D12,2026-08-12 09:30:00,Mid snack,15,1.065,0.15,0.765,2.97,17.49,F148,7.1,1.0,5.1,19.8,1.065,0.15,2.97,17.490000000000002
LD04988,HM014,F133,D12,2026-08-12 13:00:00,Lunch,60,1.8,0.3,2.22,46.56,196.14,F133,3.0,0.5,3.7,77.6,1.7999999999999998,0.3,46.559999999999995,196.14
LD04989,HM014,F042,D12,2026-08-12 13:00:00,Lunch,75,2.25,0.225,1.8,2.85,22.425,F042,3.0,0.3,2.4,3.8,2.25,0.22499999999999998,2.8499999999999996,22.424999999999997
LD04990,HM014,F140,D12,2026-08-12 18:30:00,Dinner,10,1.36,0.19,1.22,7.19,35.91,F140,13.6,1.9,12.2,71.9,1.36,0.19,7.190000000000001,35.910000000000004
LD04991,HM014,F283,D12,2026-08-12 18:30:00,Dinner,45,4.275,0.18,3.555,9.45,56.52,F283,9.5,0.4,7.9,21.0,4.275,0.18000000000000002,9.450000000000001,56.519999999999996
LD04992,HM014,F268,D12,2026-08-12 18:30:00,Dinner,140,1.26,0.84,6.02,14.84,71.96,F268,0.9,0.6,4.3,10.6,1.26,0.84,14.839999999999998,71.96000000000001
LD04993,HM014,F171,D12,2026-08-12 18:30:00,Dinner,10,1.98,0.5,0.0,0.0,12.42,F171,19.8,5.0,0.0,0.0,1.9800000000000002,0.5,0.0,12.42
LD04994,HM014,F407,D13,2026-08-13 06:30:00,Breakfast,40,4.24,1.28,2.64,29.64,147.04,F407,10.6,3.2,6.6,74.1,4.24,1.2800000000000002,29.64,147.04000000000002
LD04995,HM014,F018,D13,2026-08-13 06:30:00,Breakfast,15,2.49,1.35,0.9,1.485,28.05,F018,16.6,9.0,6.0,9.9,2.49,1.3499999999999999,1.485,28.050000000000004
LD04996,HM014,F350,D13,2026-08-13 06:30:00,Breakfast,125,11.625,0.5,9.875,25.75,154.0,F350,9.3,0.4,7.9,20.6,11.625,0.5,25.75,154.0
LD04997,HM014,F281,D13,2026-08-13 06:30:00,Breakfast,60,4.44,0.24,4.56,12.12,68.4,F281,7.4,0.4,7.6,20.2,4.44,0.24,12.12,68.39999999999999
LD04998,HM014,F178,D13,2026-08-13 09:30:00,Mid snack,330,7.92,1.32,10.89,23.43,137.28,F178,2.4,0.4,3.3,7.1,7.919999999999999,1.32,23.429999999999996,137.28
LD04999,HM014,F418,D13,2026-08-13 09:30:00,Mid snack,5,0.41,0.075,0.35,1.12,6.795,F418,8.2,1.5,7.0,22.4,0.41,0.07500000000000001,1.1199999999999999,6.795
LD05000,HM014,F052,D13,2026-08-13 09:30:00,Mid snack,5,0.045,0.01,0.06,0.195,1.05,F052,0.9,0.2,1.2,3.9,0.045000000000000005,0.010000000000000002,0.195,1.05
LD05001,HM014,F484,D13,2026-08-13 09:30:00,Mid snack,5,0.45,0.02,0.395,1.0,5.98,F484,9.0,0.4,7.9,20.0,0.45,0.020000000000000004,1.0,5.9799999999999995
LD05002,HM014,F164,D13,2026-08-13 13:00:00,Lunch,20,5.98,9.72,1.2,2.12,119.88,F164,29.9,48.6,6.0,10.6,5.98,9.72,2.12,119.88000000000001
LD05003,HM014,F313,D13,2026-08-13 13:00:00,Lunch,500,9.5,2.0,11.5,26.0,160.0,F313,1.9,0.4,2.3,5.2,9.5,2.0,26.0,160.0
LD05004,HM014,F223,D13,2026-08-13 13:00:00,Lunch,105,3.465,3.57,0.0,5.25,66.99,F223,3.3,3.4,0.0,5.0,3.465,3.57,5.25,66.99
LD05005,HM014,F327,D13,2026-08-13 16:00:00,Evening Snack,20,0.1,0.06,0.34,2.06,9.18,F327,0.5,0.3,1.7,10.3,0.1,0.06,2.06,9.18
LD05006,HM014,F381,D13,2026-08-13 16:00:00,Evening Snack,100,0.9,0.2,2.8,9.9,45.0,F381,0.9,0.2,2.8,9.9,0.9,0.2,9.9,45.0
LD05007,HM014,F306,D13,2026-08-13 16:00:00,Evening Snack,20,5.24,2.32,0.0,0.0,41.84,F306,26.2,11.6,0.0,0.0,5.24,2.32,0.0,41.84
LD05008,HM014,F407,D13,2026-08-13 16:00:00,Evening Snack,10,1.06,0.32,0.66,7.41,36.76,F407,10.6,3.2,6.6,74.1,1.06,0.32000000000000006,7.41,36.760000000000005
LD05009,HM014,F472,D13,2026-08-13 16:00:00,Evening Snack,5,0.365,0.065,0.575,3.6,16.445,F472,7.3,1.3,11.5,72.0,0.365,0.065,3.6,16.445
LD05010,HM014,F141,D13,2026-08-13 16:00:00,Evening Snack,5,0.655,0.32,0.505,3.35,18.9,F141,13.1,6.4,10.1,67.0,0.655,0.32000000000000006,3.35,18.9
LD05011,HM014,F439,D13,2026-08-13 18:30:00,Dinner,260,53.04,13.26,0.0,0.0,331.5,F439,20.4,5.1,0.0,0.0,53.04,13.26,0.0,331.5
LD05012,HM014,F143,D13,2026-08-13 18:30:00,Dinner,20,2.52,0.22,0.78,14.42,69.74,F143,12.6,1.1,3.9,72.1,2.52,0.22000000000000003,14.42,69.74000000000001
LD05013,HM014,F270,D13,2026-08-13 18:30:00,Dinner,25,0.675,0.225,0.45,6.05,28.925,F270,2.7,0.9,1.8,24.2,0.675,0.225,6.05,28.924999999999997
LD05014,HM014,F062,D14,2026-08-14 06:30:00,Breakfast,225,1.8,0.9,3.6,33.75,150.3,F062,0.8,0.4,1.6,15.0,1.8,0.9,33.75,150.29999999999998
LD05015,HM014,F472,D14,2026-08-14 06:30:00,Breakfast,40,2.92,0.52,4.6,28.8,131.56,F472,7.3,1.3,11.5,72.0,2.92,0.52,28.8,131.56
LD05016,HM014,F384,D14,2026-08-14 06:30:00,Breakfast,45,0.45,0.09,1.35,2.79,13.77,F384,1.0,0.2,3.0,6.2,0.45,0.09000000000000001,2.79,13.770000000000001
LD05017,HM014,F100,D14,2026-08-14 09:30:00,Mid snack,5,1.52,0.175,0.0,0.0,7.655,F100,30.4,3.5,0.0,0.0,1.52,0.17500000000000002,0.0,7.655
LD05018,HM014,F121,D14,2026-08-14 09:30:00,Mid snack,45,0.495,0.045,0.765,4.095,18.765,F121,1.1,0.1,1.7,9.1,0.49500000000000005,0.045000000000000005,4.095,18.765
LD05019,HM014,F295,D14,2026-08-14 09:30:00,Mid snack,5,0.865,1.61,1.72,2.21,26.79,F295,17.3,32.2,34.4,44.2,0.8650000000000001,1.6100000000000003,2.2100000000000004,26.79
LD05020,HM014,F015,D14,2026-08-14 09:30:00,Mid snack,45,4.05,0.18,3.555,9.0,53.82,F015,9.0,0.4,7.9,20.0,4.05,0.18000000000000002,9.0,53.82
LD05021,HM014,F097,D14,2026-08-14 13:00:00,Lunch,5,1.48,2.405,0.3,0.525,29.665,F097,29.6,48.1,6.0,10.5,1.4800000000000002,2.4050000000000002,0.525,29.665
LD05022,HM014,F219,D14,2026-08-14 13:00:00,Lunch,60,10.38,5.64,3.6,6.18,117.0,F219,17.3,9.4,6.0,10.3,10.38,5.64,6.180000000000001,117.0
LD05023,HM014,F045,D14,2026-08-14 13:00:00,Lunch,140,2.52,0.56,3.22,7.0,43.12,F045,1.8,0.4,2.3,5.0,2.52,0.5599999999999999,7.0,43.12
LD05024,HM014,F131,D14,2026-08-14 13:00:00,Lunch,200,1.4,0.4,1.8,35.4,150.8,F131,0.7,0.2,0.9,17.7,1.4,0.4,35.4,150.79999999999998
LD05025,HM014,F057,D14,2026-08-14 16:00:00,Evening Snack,25,0.65,0.25,1.35,3.575,19.15,F057,2.6,1.0,5.4,14.3,0.65,0.25,3.575,19.150000000000002
LD05026,HM014,F058,D14,2026-08-14 16:00:00,Evening Snack,15,0.135,0.015,0.36,1.77,7.755,F058,0.9,0.1,2.4,11.8,0.135,0.015,1.77,7.755
LD05027,HM014,F133,D14,2026-08-14 16:00:00,Evening Snack,30,0.9,0.15,1.11,23.28,98.07,F133,3.0,0.5,3.7,77.6,0.8999999999999999,0.15,23.279999999999998,98.07
LD05028,HM014,F276,D14,2026-08-14 18:30:00,Dinner,30,2.22,0.33,0.3,24.27,108.93,F276,7.4,1.1,1.0,80.9,2.22,0.33,24.27,108.92999999999999
LD05029,HM014,F411,D14,2026-08-14 18:30:00,Dinner,55,7.15,0.605,2.145,40.865,197.505,F411,13.0,1.1,3.9,74.3,7.15,0.6050000000000001,40.865,197.505
LD05030,HM014,F363,D15,2026-08-15 06:30:00,Breakfast,25,4.7,10.875,6.825,7.45,146.475,F363,18.8,43.5,27.3,29.8,4.7,10.875,7.45,146.475
LD05031,HM014,F436,D15,2026-08-15 06:30:00,Breakfast,40,10.6,4.44,0.0,0.0,82.36,F436,26.5,11.1,0.0,0.0,10.600000000000001,4.44,0.0,82.36
LD05032,HM014,F087,D15,2026-08-15 09:30:00,Mid snack,25,4.475,5.1,0.0,0.625,66.3,F087,17.9,20.4,0.0,2.5,4.475,5.1,0.625,66.3
LD05033,HM014,F125,D15,2026-08-15 09:30:00,Mid snack,40,0.36,0.04,0.96,4.64,20.36,F125,0.9,0.1,2.4,11.6,0.36000000000000004,0.04000000000000001,4.64,20.36
LD05034,HM014,F230,D15,2026-08-15 13:00:00,Lunch,10,1.84,5.17,1.18,2.43,63.61,F230,18.4,51.7,11.8,24.3,1.8399999999999999,5.170000000000001,2.43,63.61
LD05035,HM014,F190,D15,2026-08-15 13:00:00,Lunch,15,0.165,0.045,0.39,3.39,14.625,F190,1.1,0.3,2.6,22.6,0.165,0.045,3.39,14.625
LD05036,HM014,F024,D15,2026-08-15 13:00:00,Lunch,25,5.3,12.475,3.125,5.425,155.175,F024,21.2,49.9,12.5,21.7,5.3,12.475,5.425,155.17499999999998
LD05037,HM014,F423,D15,2026-08-15 13:00:00,Lunch,20,0.72,0.68,0.0,0.96,12.84,F423,3.6,3.4,0.0,4.8,0.7200000000000001,0.68,0.96,12.84
LD05038,HM014,F365,D15,2026-08-15 18:30:00,Dinner,5,1.555,2.53,0.3,0.55,31.19,F365,31.1,50.6,6.0,11.0,1.5550000000000002,2.5300000000000002,0.55,31.189999999999998
LD05039,HM014,F473,D15,2026-08-15 18:30:00,Dinner,15,1.65,0.75,1.65,10.05,53.55,F473,11.0,5.0,11.0,67.0,1.65,0.75,10.049999999999999,53.550000000000004
LD05040,HM014,F095,D15,2026-08-15 18:30:00,Dinner,20,3.58,8.28,5.46,5.66,111.48,F095,17.9,41.4,27.3,28.3,3.58,8.28,5.66,111.47999999999999
LD05041,HM014,F414,D16,2026-08-16 06:30:00,Breakfast,80,7.12,0.4,5.12,18.64,106.64,F414,8.9,0.5,6.4,23.3,7.120000000000001,0.4,18.64,106.64
LD05042,HM014,F027,D16,2026-08-16 06:30:00,Breakfast,10,1.65,3.07,3.44,4.21,51.07,F027,16.5,30.7,34.4,42.1,1.6500000000000001,3.0700000000000003,4.21,51.06999999999999
LD05043,HM014,F049,D16,2026-08-16 09:30:00,Mid snack,45,0.45,0.09,1.35,2.7,13.41,F049,1.0,0.2,3.0,6.0,0.45,0.09000000000000001,2.7,13.410000000000002
LD05044,HM014,F367,D16,2026-08-16 09:30:00,Mid snack,30,3.36,0.06,0.0,0.21,14.82,F367,11.2,0.2,0.0,0.7,3.36,0.06,0.21,14.82
LD05045,HM014,F282,D16,2026-08-16 09:30:00,Mid snack,5,0.38,0.055,0.255,1.05,6.215,F282,7.6,1.1,5.1,21.0,0.38,0.05500000000000001,1.05,6.215000000000001
LD05046,HM014,F113,D16,2026-08-16 09:30:00,Mid snack,80,0.72,0.16,2.24,7.52,34.4,F113,0.9,0.2,2.8,9.4,0.7200000000000001,0.16000000000000003,7.5200000000000005,34.4
LD05047,HM014,F275,D16,2026-08-16 13:00:00,Lunch,20,2.78,1.36,2.02,14.22,80.24,F275,13.9,6.8,10.1,71.1,2.7800000000000002,1.36,14.219999999999999,80.24
LD05048,HM014,F263,D16,2026-08-16 13:00:00,Lunch,180,1.44,0.72,2.88,28.08,124.56,F263,0.8,0.4,1.6,15.6,1.4400000000000002,0.7200000000000001,28.08,124.56
LD05049,HM014,F281,D16,2026-08-16 13:00:00,Lunch,10,0.74,0.04,0.76,2.02,11.4,F281,7.4,0.4,7.6,20.2,0.7400000000000001,0.04000000000000001,2.02,11.399999999999999
LD05050,HM014,F264,D16,2026-08-16 13:00:00,Lunch,10,0.05,0.01,0.14,1.36,5.73,F264,0.5,0.1,1.4,13.6,0.05,0.010000000000000002,1.36,5.73
LD05051,HM014,F172,D16,2026-08-16 18:30:00,Dinner,20,4.96,2.18,0.0,0.0,39.46,F172,24.8,10.9,0.0,0.0,4.960000000000001,2.18,0.0,39.46
LD05052,HM014,F131,D16,2026-08-16 18:30:00,Dinner,155,1.085,0.31,1.395,27.435,116.87,F131,0.7,0.2,0.9,17.7,1.085,0.31000000000000005,27.435,116.87
LD05053,HM014,F010,D16,2026-08-16 18:30:00,Dinner,30,1.32,0.57,0.84,6.39,35.97,F010,4.4,1.9,2.8,21.3,1.32,0.57,6.39,35.97
LD05054,HM014,F460,D17,2026-08-17 06:30:00,Breakfast,320,2.88,0.32,7.68,38.4,168.0,F460,0.9,0.1,2.4,12.0,2.8800000000000003,0.32000000000000006,38.400000000000006,168.0
LD05055,HM014,F193,D17,2026-08-17 06:30:00,Breakfast,80,0.4,0.24,1.36,7.76,34.8,F193,0.5,0.3,1.7,9.7,0.4,0.24,7.76,34.8
LD05056,HM014,F245,D17,2026-08-17 09:30:00,Mid snack,145,3.625,0.58,4.785,10.875,63.22,F245,2.5,0.4,3.3,7.5,3.625,0.58,10.875,63.22
LD05057,HM014,F218,D17,2026-08-17 09:30:00,Mid snack,10,0.83,0.06,0.5,2.08,12.18,F218,8.3,0.6,5.0,20.8,0.8300000000000001,0.06,2.08,12.18
LD05058,HM014,F491,D17,2026-08-17 13:00:00,Lunch,75,2.4,2.475,0.0,3.6,46.275,F491,3.2,3.3,0.0,4.8,2.4000000000000004,2.4749999999999996,3.5999999999999996,46.275000000000006
LD05059,HM014,F111,D17,2026-08-17 13:00:00,Lunch,120,2.88,0.48,3.96,8.52,49.92,F111,2.4,0.4,3.3,7.1,2.88,0.48,8.52,49.919999999999995
LD05060,HM014,F025,D17,2026-08-17 13:00:00,Lunch,25,4.55,10.95,0.825,7.55,146.95,F025,18.2,43.8,3.3,30.2,4.55,10.95,7.55,146.95
LD05061,HM014,F243,D17,2026-08-17 16:00:00,Evening Snack,160,4.96,0.48,3.84,6.4,49.76,F243,3.1,0.3,2.4,4.0,4.960000000000001,0.48,6.4,49.76
LD05062,HM014,F134,D17,2026-08-17 16:00:00,Evening Snack,10,0.09,0.06,0.43,1.0,4.9,F134,0.9,0.6,4.3,10.0,0.09000000000000001,0.06,1.0,4.9
LD05063,HM014,F450,D17,2026-08-17 16:00:00,Evening Snack,55,1.045,0.11,1.76,4.235,22.11,F450,1.9,0.2,3.2,7.7,1.045,0.11000000000000001,4.235,22.11
LD05064,HM014,F090,D17,2026-08-17 18:30:00,Dinner,5,1.265,2.41,0.425,0.79,29.91,F090,25.3,48.2,8.5,15.8,1.2650000000000001,2.41,0.79,29.91
LD05065,HM014,F160,D17,2026-08-17 18:30:00,Dinner,10,1.5,6.45,0.67,1.36,69.49,F160,15.0,64.5,6.7,13.6,1.5,6.45,1.36,69.49000000000001
LD05066,HM014,F450,D17,2026-08-17 18:30:00,Dinner,310,5.89,0.62,9.92,23.87,124.62,F450,1.9,0.2,3.2,7.7,5.89,0.6200000000000001,23.87,124.62
LD05067,HM014,F101,D18,2026-08-18 06:30:00,Breakfast,25,6.375,2.675,0.0,0.0,49.575,F101,25.5,10.7,0.0,0.0,6.375,2.675,0.0,49.575
LD05068,HM014,F180,D18,2026-08-18 06:30:00,Breakfast,5,0.045,0.01,0.14,0.475,2.17,F180,0.9,0.2,2.8,9.5,0.045000000000000005,0.010000000000000002,0.47500000000000003,2.17
LD05069,HM014,F418,D18,2026-08-18 06:30:00,Breakfast,100,8.2,1.5,7.0,22.4,135.9,F418,8.2,1.5,7.0,22.4,8.2,1.5,22.4,135.89999999999998
LD05070,HM014,F480,D18,2026-08-18 09:30:00,Mid snack,5,0.445,0.13,0.38,1.37,8.43,F480,8.9,2.6,7.6,27.4,0.44500000000000006,0.13,1.37,8.43
LD05071,HM014,F284,D18,2026-08-18 09:30:00,Mid snack,5,0.42,0.08,0.35,1.155,7.02,F284,8.4,1.6,7.0,23.1,0.42000000000000004,0.08000000000000002,1.155,7.02
LD05072,HM014,F011,D18,2026-08-18 09:30:00,Mid snack,35,3.115,0.91,2.66,9.59,59.01,F011,8.9,2.6,7.6,27.4,3.1149999999999998,0.9099999999999999,9.589999999999998,59.01
LD05073,HM014,F161,D18,2026-08-18 09:30:00,Mid snack,5,0.815,1.52,1.72,2.085,25.28,F161,16.3,30.4,34.4,41.7,0.8150000000000001,1.52,2.0850000000000004,25.28
LD05074,HM014,F424,D18,2026-08-18 13:00:00,Lunch,150,4.95,5.1,0.0,7.35,95.1,F424,3.3,3.4,0.0,4.9,4.949999999999999,5.1,7.3500000000000005,95.1
LD05075,HM014,F464,D18,2026-08-18 13:00:00,Lunch,160,1.28,0.64,2.56,24.48,108.8,F464,0.8,0.4,1.6,15.3,1.2800000000000002,0.6400000000000001,24.480000000000004,108.80000000000001
LD05076,HM014,F266,D18,2026-08-18 13:00:00,Lunch,5,0.095,0.01,0.335,3.9,16.07,F266,1.9,0.2,6.7,78.0,0.095,0.010000000000000002,3.9000000000000004,16.07
LD05077,HM014,F170,D18,2026-08-18 13:00:00,Lunch,15,3.27,0.885,0.0,0.0,21.045,F170,21.8,5.9,0.0,0.0,3.27,0.885,0.0,21.045
LD05078,HM014,F095,D18,2026-08-18 18:30:00,Dinner,20,3.58,8.28,5.46,5.66,111.48,F095,17.9,41.4,27.3,28.3,3.58,8.28,5.66,111.47999999999999
LD05079,HM014,F295,D18,2026-08-18 18:30:00,Dinner,5,0.865,1.61,1.72,2.21,26.79,F295,17.3,32.2,34.4,44.2,0.8650000000000001,1.6100000000000003,2.2100000000000004,26.79
LD05080,HM014,F289,D18,2026-08-18 18:30:00,Dinner,110,4.07,3.85,0.0,5.39,72.49,F289,3.7,3.5,0.0,4.9,4.07,3.8500000000000005,5.390000000000001,72.49000000000001
LD05081,HM014,F387,D19,2026-08-19 06:30:00,Breakfast,220,1.98,0.44,2.64,8.8,47.08,F387,0.9,0.2,1.2,4.0,1.9800000000000002,0.44000000000000006,8.8,47.080000000000005
LD05082,HM014,F196,D19,2026-08-19 06:30:00,Breakfast,215,1.72,0.86,3.44,31.82,141.9,F196,0.8,0.4,1.6,14.8,1.72,0.86,31.82,141.9
LD05083,HM014,F132,D19,2026-08-19 06:30:00,Breakfast,35,0.63,0.07,2.345,25.725,106.05,F132,1.8,0.2,6.7,73.5,0.63,0.06999999999999999,25.724999999999998,106.05
LD05084,HM014,F148,D19,2026-08-19 09:30:00,Mid snack,15,1.065,0.15,0.765,2.97,17.49,F148,7.1,1.0,5.1,19.8,1.065,0.15,2.97,17.490000000000002
LD05085,HM014,F221,D19,2026-08-19 09:30:00,Mid snack,10,1.9,2.16,0.0,0.26,28.08,F221,19.0,21.6,0.0,2.6,1.9000000000000001,2.16,0.26,28.080000000000002
LD05086,HM014,F109,D19,2026-08-19 09:30:00,Mid snack,220,6.38,0.66,5.28,8.14,64.02,F109,2.9,0.3,2.4,3.7,6.38,0.66,8.14,64.02
LD05087,HM014,F128,D19,2026-08-19 13:00:00,Lunch,390,2.34,0.78,1.56,28.86,131.82,F128,0.6,0.2,0.4,7.4,2.34,0.78,28.86,131.82
LD05088,HM014,F114,D19,2026-08-19 13:00:00,Lunch,145,2.32,0.29,4.06,13.63,66.41,F114,1.6,0.2,2.8,9.4,2.32,0.29,13.63,66.41000000000001
LD05089,HM014,F087,D19,2026-08-19 13:00:00,Lunch,5,0.895,1.02,0.0,0.125,13.26,F087,17.9,20.4,0.0,2.5,0.895,1.02,0.125,13.26
LD05090,HM014,F068,D19,2026-08-19 13:00:00,Lunch,130,3.38,0.39,0.52,35.88,160.55,F068,2.6,0.3,0.4,27.6,3.3800000000000003,0.39,35.88,160.55
LD05091,HM014,F456,D19,2026-08-19 16:00:00,Evening Snack,105,1.155,0.105,1.785,9.975,45.465,F456,1.1,0.1,1.7,9.5,1.1550000000000002,0.10500000000000001,9.975,45.464999999999996
LD05092,HM014,F428,D19,2026-08-19 16:00:00,Evening Snack,5,0.775,3.325,0.335,0.7,35.825,F428,15.5,66.5,6.7,14.0,0.775,3.325,0.7000000000000001,35.825
LD05093,HM014,F385,D19,2026-08-19 16:00:00,Evening Snack,310,1.86,0.31,3.72,10.85,53.63,F385,0.6,0.1,1.2,3.5,1.8599999999999999,0.31000000000000005,10.85,53.629999999999995
LD05094,HM014,F454,D19,2026-08-19 18:30:00,Dinner,500,4.5,1.0,6.0,20.0,107.0,F454,0.9,0.2,1.2,4.0,4.5,1.0,20.0,107.0
LD05095,HM014,F241,D19,2026-08-19 18:30:00,Dinner,140,35.0,1.4,0.0,0.0,152.6,F241,25.0,1.0,0.0,0.0,35.0,1.4,0.0,152.6
LD05096,HM014,F317,D19,2026-08-19 18:30:00,Dinner,20,0.22,0.04,0.6,1.26,6.28,F317,1.1,0.2,3.0,6.3,0.22000000000000003,0.04000000000000001,1.26,6.28
LD05097,HM014,F125,D20,2026-08-20 06:30:00,Breakfast,110,0.99,0.11,2.64,12.76,55.99,F125,0.9,0.1,2.4,11.6,0.9900000000000001,0.11000000000000001,12.76,55.99
LD05098,HM014,F078,D20,2026-08-20 06:30:00,Breakfast,45,3.915,1.125,3.42,12.105,74.205,F078,8.7,2.5,7.6,26.9,3.9149999999999996,1.125,12.105,74.205
LD05099,HM014,F450,D20,2026-08-20 06:30:00,Breakfast,180,3.42,0.36,5.76,13.86,72.36,F450,1.9,0.2,3.2,7.7,3.42,0.36000000000000004,13.860000000000001,72.36
LD05100,HM014,F414,D20,2026-08-20 06:30:00,Breakfast,50,4.45,0.25,3.2,11.65,66.65,F414,8.9,0.5,6.4,23.3,4.45,0.25,11.65,66.65
LD05101,HM014,F147,D20,2026-08-20 09:30:00,Mid snack,35,2.415,0.14,2.66,6.65,37.52,F147,6.9,0.4,7.6,19.0,2.415,0.13999999999999999,6.6499999999999995,37.52
LD05102,HM014,F241,D20,2026-08-20 09:30:00,Mid snack,70,17.5,0.7,0.0,0.0,76.3,F241,25.0,1.0,0.0,0.0,17.5,0.7,0.0,76.3
LD05103,HM014,F105,D20,2026-08-20 13:00:00,Lunch,40,9.8,4.32,0.0,0.0,78.08,F105,24.5,10.8,0.0,0.0,9.8,4.32,0.0,78.08000000000001
LD05104,HM014,F008,D20,2026-08-20 13:00:00,Lunch,80,5.6,0.8,0.8,61.6,276.0,F008,7.0,1.0,1.0,77.0,5.6000000000000005,0.8,61.6,276.0
LD05105,HM014,F177,D20,2026-08-20 16:00:00,Evening Snack,40,2.36,0.4,3.2,3.16,25.68,F177,5.9,1.0,8.0,7.9,2.3600000000000003,0.4,3.16,25.68
LD05106,HM014,F449,D20,2026-08-20 16:00:00,Evening Snack,155,2.48,0.31,4.34,15.19,73.47,F449,1.6,0.2,2.8,9.8,2.4800000000000004,0.31000000000000005,15.190000000000001,73.47
LD05107,HM014,F159,D20,2026-08-20 16:00:00,Evening Snack,5,0.9,2.17,0.165,1.495,29.11,F159,18.0,43.4,3.3,29.9,0.9,2.17,1.495,29.11
LD05108,HM014,F165,D20,2026-08-20 18:30:00,Dinner,20,2.5,2.1,0.0,0.22,29.78,F165,12.5,10.5,0.0,1.1,2.5,2.1,0.22000000000000003,29.78
LD05109,HM014,F033,D20,2026-08-20 18:30:00,Dinner,70,21.7,2.52,0.0,0.0,109.48,F033,31.0,3.6,0.0,0.0,21.7,2.52,0.0,109.47999999999999
LD05110,HM014,F113,D20,2026-08-20 18:30:00,Dinner,325,2.925,0.65,9.1,30.55,139.75,F113,0.9,0.2,2.8,9.4,2.9250000000000003,0.65,30.55,139.75
LD05111,HM014,F102,D21,2026-08-21 06:30:00,Breakfast,10,2.45,1.67,0.0,0.0,24.83,F102,24.5,16.7,0.0,0.0,2.45,1.67,0.0,24.83
LD05112,HM014,F394,D21,2026-08-21 06:30:00,Breakfast,185,0.925,0.555,3.145,18.685,83.435,F394,0.5,0.3,1.7,10.1,0.925,0.555,18.685,83.435
LD05113,HM014,F031,D21,2026-08-21 06:30:00,Breakfast,55,6.93,5.83,0.0,0.605,82.61,F031,12.6,10.6,0.0,1.1,6.930000000000001,5.83,0.6050000000000001,82.61
LD05114,HM014,F444,D21,2026-08-21 06:30:00,Breakfast,260,8.06,0.78,6.24,10.14,79.82,F444,3.1,0.3,2.4,3.9,8.06,0.78,10.14,79.82000000000001
LD05115,HM014,F281,D21,2026-08-21 09:30:00,Mid snack,5,0.37,0.02,0.38,1.01,5.7,F281,7.4,0.4,7.6,20.2,0.37000000000000005,0.020000000000000004,1.01,5.699999999999999
LD05116,HM014,F488,D21,2026-08-21 09:30:00,Mid snack,5,0.4,0.24,0.015,0.095,4.14,F488,8.0,4.8,0.3,1.9,0.4,0.24,0.095,4.140000000000001
LD05117,HM014,F369,D21,2026-08-21 09:30:00,Mid snack,50,13.4,5.6,0.0,0.0,104.0,F369,26.8,11.2,0.0,0.0,13.4,5.6,0.0,104.0
LD05118,HM014,F090,D21,2026-08-21 13:00:00,Lunch,35,8.855,16.87,2.975,5.53,209.37,F090,25.3,48.2,8.5,15.8,8.855,16.87,5.53,209.37
LD05119,HM014,F028,D21,2026-08-21 13:00:00,Lunch,5,0.915,2.11,1.365,1.445,28.43,F028,18.3,42.2,27.3,28.9,0.915,2.1100000000000003,1.445,28.43
LD05120,HM014,F423,D21,2026-08-21 13:00:00,Lunch,170,6.12,5.78,0.0,8.16,109.14,F423,3.6,3.4,0.0,4.8,6.12,5.779999999999999,8.16,109.14000000000001
LD05121,HM014,F454,D21,2026-08-21 16:00:00,Evening Snack,50,0.45,0.1,0.6,2.0,10.7,F454,0.9,0.2,1.2,4.0,0.45,0.1,2.0,10.700000000000001
LD05122,HM014,F468,D21,2026-08-21 16:00:00,Evening Snack,5,0.16,0.025,0.185,4.04,17.025,F468,3.2,0.5,3.7,80.8,0.16000000000000003,0.025,4.04,17.025000000000002
LD05123,HM014,F246,D21,2026-08-21 16:00:00,Evening Snack,265,5.035,1.06,6.095,13.78,84.8,F246,1.9,0.4,2.3,5.2,5.034999999999999,1.06,13.78,84.8
LD05124,HM014,F123,D21,2026-08-21 18:30:00,Dinner,5,0.055,0.015,0.13,1.115,4.815,F123,1.1,0.3,2.6,22.3,0.05500000000000001,0.015,1.115,4.8149999999999995
LD05125,HM014,F477,D21,2026-08-21 18:30:00,Dinner,25,1.75,0.25,0.25,19.25,86.25,F477,7.0,1.0,1.0,77.0,1.75,0.25,19.25,86.25
LD05126,HM014,F262,D21,2026-08-21 18:30:00,Dinner,395,2.37,0.79,1.58,31.205,141.41,F262,0.6,0.2,0.4,7.9,2.37,0.79,31.205000000000002,141.41
LD05127,HM014,F111,D21,2026-08-21 18:30:00,Dinner,130,3.12,0.52,4.29,9.23,54.08,F111,2.4,0.4,3.3,7.1,3.12,0.52,9.23,54.080000000000005
LD05128,HM014,F188,D22,2026-08-22 06:30:00,Breakfast,500,5.5,0.5,8.5,46.0,210.5,F188,1.1,0.1,1.7,9.2,5.5,0.5,46.0,210.5
LD05129,HM014,F021,D22,2026-08-22 06:30:00,Breakfast,5,0.175,0.165,0.0,0.235,3.125,F021,3.5,3.3,0.0,4.7,0.17500000000000002,0.165,0.23500000000000001,3.125
LD05130,HM014,F354,D22,2026-08-22 09:30:00,Mid snack,95,7.79,4.655,0.285,1.9,80.655,F354,8.2,4.9,0.3,2.0,7.789999999999999,4.655,1.9,80.655
LD05131,HM014,F373,D22,2026-08-22 09:30:00,Mid snack,20,5.16,2.26,0.0,0.0,40.98,F373,25.8,11.3,0.0,0.0,5.16,2.2600000000000002,0.0,40.98
LD05132,HM014,F109,D22,2026-08-22 09:30:00,Mid snack,20,0.58,0.06,0.48,0.74,5.82,F109,2.9,0.3,2.4,3.7,0.58,0.06,0.7400000000000001,5.819999999999999
LD05133,HM014,F257,D22,2026-08-22 13:00:00,Lunch,85,0.935,0.255,2.21,20.145,86.615,F257,1.1,0.3,2.6,23.7,0.935,0.255,20.145,86.615
LD05134,HM014,F367,D22,2026-08-22 13:00:00,Lunch,270,30.24,0.54,0.0,1.89,133.38,F367,11.2,0.2,0.0,0.7,30.24,0.54,1.89,133.38
LD05135,HM014,F142,D22,2026-08-22 13:00:00,Lunch,45,3.105,0.45,0.45,34.29,153.63,F142,6.9,1.0,1.0,76.2,3.1050000000000004,0.45,34.29,153.63
LD05136,HM014,F275,D22,2026-08-22 16:00:00,Evening Snack,5,0.695,0.34,0.505,3.555,20.06,F275,13.9,6.8,10.1,71.1,0.6950000000000001,0.34,3.5549999999999997,20.06
LD05137,HM014,F125,D22,2026-08-22 16:00:00,Evening Snack,35,0.315,0.035,0.84,4.06,17.815,F125,0.9,0.1,2.4,11.6,0.315,0.034999999999999996,4.06,17.815
LD05138,HM014,F331,D22,2026-08-22 16:00:00,Evening Snack,130,0.65,0.13,1.82,17.94,75.53,F331,0.5,0.1,1.4,13.8,0.65,0.13,17.94,75.53
LD05139,HM014,F003,D22,2026-08-22 16:00:00,Evening Snack,5,0.365,0.065,0.575,3.6,16.445,F003,7.3,1.3,11.5,72.0,0.365,0.065,3.6,16.445
LD05140,HM014,F090,D22,2026-08-22 18:30:00,Dinner,5,1.265,2.41,0.425,0.79,29.91,F090,25.3,48.2,8.5,15.8,1.2650000000000001,2.41,0.79,29.91
LD05141,HM014,F109,D22,2026-08-22 18:30:00,Dinner,500,14.5,1.5,12.0,18.5,145.5,F109,2.9,0.3,2.4,3.7,14.5,1.5,18.5,145.5
LD05142,HM014,F171,D22,2026-08-22 18:30:00,Dinner,50,9.9,2.5,0.0,0.0,62.1,F171,19.8,5.0,0.0,0.0,9.9,2.5,0.0,62.1
LD05143,HM015,F485,D01,2026-08-01 06:30:00,Breakfast,45,3.6,0.675,3.15,9.9,60.075,F485,8.0,1.5,7.0,22.0,3.6,0.675,9.9,60.075
LD05144,HM015,F064,D01,2026-08-01 06:30:00,Breakfast,185,1.295,0.37,1.665,33.485,142.45,F064,0.7,0.2,0.9,18.1,1.295,0.37000000000000005,33.48500000000001,142.45000000000002
LD05145,HM015,F304,D01,2026-08-01 09:30:00,Mid snack,15,3.465,0.945,0.0,0.0,22.365,F304,23.1,6.3,0.0,0.0,3.4650000000000003,0.945,0.0,22.365
LD05146,HM015,F364,D01,2026-08-01 09:30:00,Mid snack,5,0.91,2.56,0.59,1.205,31.5,F364,18.2,51.2,11.8,24.1,0.91,2.5600000000000005,1.205,31.5
LD05147,HM015,F303,D01,2026-08-01 09:30:00,Mid snack,15,3.93,2.685,0.0,0.0,39.885,F303,26.2,17.9,0.0,0.0,3.9299999999999997,2.6849999999999996,0.0,39.885
LD05148,HM015,F389,D01,2026-08-01 13:00:00,Lunch,220,2.42,0.22,3.74,21.12,96.14,F389,1.1,0.1,1.7,9.6,2.4200000000000004,0.22000000000000003,21.12,96.14
LD05149,HM015,F481,D01,2026-08-01 13:00:00,Lunch,10,0.87,0.05,0.64,2.28,13.05,F481,8.7,0.5,6.4,22.8,0.87,0.05,2.2800000000000002,13.049999999999999
LD05150,HM015,F068,D01,2026-08-01 13:00:00,Lunch,115,2.99,0.345,0.46,31.74,142.025,F068,2.6,0.3,0.4,27.6,2.9899999999999998,0.345,31.74,142.02499999999998
LD05151,HM015,F161,D01,2026-08-01 16:00:00,Evening Snack,5,0.815,1.52,1.72,2.085,25.28,F161,16.3,30.4,34.4,41.7,0.8150000000000001,1.52,2.0850000000000004,25.28
LD05152,HM015,F134,D01,2026-08-01 16:00:00,Evening Snack,45,0.405,0.27,1.935,4.5,22.05,F134,0.9,0.6,4.3,10.0,0.405,0.27,4.5,22.05
LD05153,HM015,F389,D01,2026-08-01 16:00:00,Evening Snack,50,0.55,0.05,0.85,4.8,21.85,F389,1.1,0.1,1.7,9.6,0.55,0.05,4.8,21.849999999999998
LD05154,HM015,F293,D01,2026-08-01 16:00:00,Evening Snack,5,0.955,2.3,0.165,1.585,30.86,F293,19.1,46.0,3.3,31.7,0.9550000000000001,2.3000000000000003,1.585,30.86
LD05155,HM015,F266,D01,2026-08-01 18:30:00,Dinner,25,0.475,0.05,1.675,19.5,80.35,F266,1.9,0.2,6.7,78.0,0.475,0.05,19.5,80.35000000000001
LD05156,HM015,F444,D01,2026-08-01 18:30:00,Dinner,130,4.03,0.39,3.12,5.07,39.91,F444,3.1,0.3,2.4,3.9,4.03,0.39,5.07,39.910000000000004
LD05157,HM015,F462,D01,2026-08-01 18:30:00,Dinner,55,0.935,0.66,2.2,10.505,51.7,F462,1.7,1.2,4.0,19.1,0.935,0.66,10.505,51.7
LD05158,HM015,F390,D01,2026-08-01 18:30:00,Dinner,120,3.84,0.36,1.2,4.08,34.92,F390,3.2,0.3,1.0,3.4,3.84,0.36,4.08,34.92
LD05159,HM015,F081,D02,2026-08-02 06:30:00,Breakfast,65,4.615,0.65,3.315,12.74,75.27,F081,7.1,1.0,5.1,19.6,4.615,0.65,12.740000000000002,75.27
LD05160,HM015,F013,D02,2026-08-02 06:30:00,Breakfast,20,1.4,0.08,1.52,3.84,21.68,F013,7.0,0.4,7.6,19.2,1.4000000000000001,0.08000000000000002,3.84,21.68
LD05161,HM015,F107,D02,2026-08-02 06:30:00,Breakfast,35,8.225,0.35,0.0,0.0,36.05,F107,23.5,1.0,0.0,0.0,8.225,0.35,0.0,36.05
LD05162,HM015,F328,D02,2026-08-02 06:30:00,Breakfast,75,1.35,0.975,3.0,14.7,72.975,F328,1.8,1.3,4.0,19.6,1.35,0.9750000000000001,14.700000000000001,72.97500000000001
LD05163,HM015,F230,D02,2026-08-02 09:30:00,Mid snack,5,0.92,2.585,0.59,1.215,31.805,F230,18.4,51.7,11.8,24.3,0.9199999999999999,2.5850000000000004,1.215,31.805
LD05164,HM015,F445,D02,2026-08-02 09:30:00,Mid snack,90,5.49,0.9,7.2,7.38,59.58,F445,6.1,1.0,8.0,8.2,5.49,0.9,7.38,59.580000000000005
LD05165,HM015,F165,D02,2026-08-02 13:00:00,Lunch,110,13.75,11.55,0.0,1.21,163.79,F165,12.5,10.5,0.0,1.1,13.750000000000002,11.55,1.2100000000000002,163.79000000000002
LD05166,HM015,F143,D02,2026-08-02 13:00:00,Lunch,5,0.63,0.055,0.195,3.605,17.435,F143,12.6,1.1,3.9,72.1,0.63,0.05500000000000001,3.605,17.435000000000002
LD05167,HM015,F153,D02,2026-08-02 13:00:00,Lunch,110,8.69,5.28,0.33,2.09,90.64,F153,7.9,4.8,0.3,1.9,8.690000000000001,5.28,2.09,90.64
LD05168,HM015,F498,D02,2026-08-02 16:00:00,Evening Snack,5,0.885,2.485,0.59,1.17,30.585,F498,17.7,49.7,11.8,23.4,0.885,2.4850000000000003,1.17,30.584999999999997
LD05169,HM015,F394,D02,2026-08-02 16:00:00,Evening Snack,15,0.075,0.045,0.255,1.515,6.765,F394,0.5,0.3,1.7,10.1,0.075,0.045,1.515,6.765
LD05170,HM015,F343,D02,2026-08-02 16:00:00,Evening Snack,10,0.72,0.1,0.1,7.93,35.5,F343,7.2,1.0,1.0,79.3,0.7200000000000001,0.1,7.93,35.5
LD05171,HM015,F226,D02,2026-08-02 18:30:00,Dinner,5,0.945,2.28,0.165,1.57,30.58,F226,18.9,45.6,3.3,31.4,0.945,2.2800000000000002,1.57,30.58
LD05172,HM015,F416,D02,2026-08-02 18:30:00,Dinner,155,11.315,1.55,7.905,31.62,185.69,F416,7.3,1.0,5.1,20.4,11.315,1.55,31.619999999999997,185.69
LD05173,HM015,F326,D03,2026-08-03 06:30:00,Breakfast,10,0.09,0.01,0.24,1.24,5.41,F326,0.9,0.1,2.4,12.4,0.09000000000000001,0.010000000000000002,1.2400000000000002,5.41
LD05174,HM015,F077,D03,2026-08-03 06:30:00,Breakfast,25,1.075,0.475,0.7,5.225,29.475,F077,4.3,1.9,2.8,20.9,1.075,0.475,5.225,29.474999999999998
LD05175,HM015,F147,D03,2026-08-03 06:30:00,Breakfast,180,12.42,0.72,13.68,34.2,192.96,F147,6.9,0.4,7.6,19.0,12.420000000000002,0.7200000000000001,34.2,192.96
LD05176,HM015,F098,D03,2026-08-03 06:30:00,Breakfast,30,3.69,3.12,0.0,0.33,44.16,F098,12.3,10.4,0.0,1.1,3.69,3.12,0.33,44.16
LD05177,HM015,F264,D03,2026-08-03 06:30:00,Breakfast,90,0.45,0.09,1.26,12.24,51.57,F264,0.5,0.1,1.4,13.6,0.45,0.09000000000000001,12.24,51.57
LD05178,HM015,F320,D03,2026-08-03 09:30:00,Mid snack,20,0.18,0.04,0.24,0.82,4.36,F320,0.9,0.2,1.2,4.1,0.18000000000000002,0.04000000000000001,0.82,4.36
LD05179,HM015,F233,D03,2026-08-03 09:30:00,Mid snack,25,2.825,0.05,0.0,0.175,12.45,F233,11.3,0.2,0.0,0.7,2.825,0.05,0.175,12.45
LD05180,HM015,F047,D03,2026-08-03 09:30:00,Mid snack,55,0.88,0.11,1.54,5.28,25.63,F047,1.6,0.2,2.8,9.6,0.8800000000000001,0.11000000000000001,5.28,25.63
LD05181,HM015,F313,D03,2026-08-03 09:30:00,Mid snack,265,5.035,1.06,6.095,13.78,84.8,F313,1.9,0.4,2.3,5.2,5.034999999999999,1.06,13.78,84.8
LD05182,HM015,F269,D03,2026-08-03 13:00:00,Lunch,290,8.12,0.87,1.16,85.84,383.67,F269,2.8,0.3,0.4,29.6,8.12,0.87,85.84,383.67
LD05183,HM015,F456,D03,2026-08-03 13:00:00,Lunch,10,0.11,0.01,0.17,0.95,4.33,F456,1.1,0.1,1.7,9.5,0.11000000000000001,0.010000000000000002,0.9500000000000001,4.33
LD05184,HM015,F069,D03,2026-08-03 13:00:00,Lunch,35,0.875,0.315,0.63,7.875,37.835,F069,2.5,0.9,1.8,22.5,0.875,0.315,7.874999999999999,37.835
LD05185,HM015,F248,D03,2026-08-03 16:00:00,Evening Snack,125,2.125,0.25,3.5,12.5,60.75,F248,1.7,0.2,2.8,10.0,2.125,0.25,12.5,60.75
LD05186,HM015,F023,D03,2026-08-03 16:00:00,Evening Snack,10,2.58,4.92,0.85,1.61,61.04,F023,25.8,49.2,8.5,16.1,2.58,4.920000000000001,1.6100000000000003,61.040000000000006
LD05187,HM015,F092,D03,2026-08-03 16:00:00,Evening Snack,5,0.89,2.145,0.165,1.48,28.785,F092,17.8,42.9,3.3,29.6,0.8900000000000001,2.145,1.4800000000000002,28.785
LD05188,HM015,F179,D03,2026-08-03 18:30:00,Dinner,85,1.53,0.34,1.955,4.25,26.18,F179,1.8,0.4,2.3,5.0,1.53,0.34,4.25,26.18
LD05189,HM015,F433,D03,2026-08-03 18:30:00,Dinner,85,10.965,9.18,0.0,0.935,130.22,F433,12.9,10.8,0.0,1.1,10.965,9.18,0.935,130.22
LD05190,HM015,F012,D03,2026-08-03 18:30:00,Dinner,20,1.74,0.1,1.28,4.56,26.1,F012,8.7,0.5,6.4,22.8,1.74,0.1,4.5600000000000005,26.099999999999998
LD05191,HM015,F187,D03,2026-08-03 18:30:00,Dinner,360,2.52,0.36,1.8,12.96,65.16,F187,0.7,0.1,0.5,3.6,2.52,0.36000000000000004,12.96,65.16
LD05192,HM015,F081,D03,2026-08-03 18:30:00,Dinner,5,0.355,0.05,0.255,0.98,5.79,F081,7.1,1.0,5.1,19.6,0.355,0.05,0.9800000000000001,5.79
LD05193,HM015,F264,D03,2026-08-03 18:30:00,Dinner,155,0.775,0.155,2.17,21.08,88.815,F264,0.5,0.1,1.4,13.6,0.775,0.15500000000000003,21.08,88.81499999999998
LD05194,HM015,F231,D04,2026-08-04 06:30:00,Breakfast,15,4.71,7.665,0.9,1.665,94.485,F231,31.4,51.1,6.0,11.1,4.71,7.665,1.6649999999999998,94.485
LD05195,HM015,F051,D04,2026-08-04 06:30:00,Breakfast,160,1.6,0.32,4.48,6.4,34.88,F051,1.0,0.2,2.8,4.0,1.6,0.32000000000000006,6.4,34.88
LD05196,HM015,F287,D04,2026-08-04 06:30:00,Breakfast,125,10.5,6.25,0.375,2.5,108.25,F287,8.4,5.0,0.3,2.0,10.5,6.25,2.5,108.25
LD05197,HM015,F249,D04,2026-08-04 09:30:00,Mid snack,45,0.9,0.09,1.44,3.51,18.45,F249,2.0,0.2,3.2,7.8,0.9,0.09000000000000001,3.51,18.45
LD05198,HM015,F493,D04,2026-08-04 09:30:00,Mid snack,5,1.06,2.495,0.625,1.085,31.035,F493,21.2,49.9,12.5,21.7,1.06,2.495,1.085,31.035000000000004
LD05199,HM015,F321,D04,2026-08-04 09:30:00,Mid snack,210,1.47,0.21,1.05,7.98,39.69,F321,0.7,0.1,0.5,3.8,1.47,0.21000000000000002,7.9799999999999995,39.690000000000005
LD05200,HM015,F427,D04,2026-08-04 09:30:00,Mid snack,5,0.93,2.235,0.165,1.54,29.995,F427,18.6,44.7,3.3,30.8,0.9300000000000002,2.2350000000000003,1.54,29.994999999999997
LD05201,HM015,F486,D04,2026-08-04 13:00:00,Lunch,160,12.8,0.96,8.0,32.0,187.84,F486,8.0,0.6,5.0,20.0,12.8,0.96,32.0,187.83999999999997
LD05202,HM015,F169,D04,2026-08-04 13:00:00,Lunch,45,11.16,7.56,0.0,0.0,112.68,F169,24.8,16.8,0.0,0.0,11.16,7.5600000000000005,0.0,112.67999999999999
LD05203,HM015,F338,D04,2026-08-04 16:00:00,Evening Snack,10,0.75,0.13,1.15,7.42,33.85,F338,7.5,1.3,11.5,74.2,0.75,0.13,7.420000000000001,33.85
LD05204,HM015,F318,D04,2026-08-04 16:00:00,Evening Snack,55,0.33,0.055,0.66,1.98,9.735,F318,0.6,0.1,1.2,3.6,0.33,0.05500000000000001,1.9800000000000002,9.735
LD05205,HM015,F476,D04,2026-08-04 16:00:00,Evening Snack,10,1.32,0.65,1.01,6.77,38.21,F476,13.2,6.5,10.1,67.7,1.32,0.65,6.7700000000000005,38.21
LD05206,HM015,F083,D04,2026-08-04 18:30:00,Dinner,60,4.68,0.9,4.2,12.96,78.66,F083,7.8,1.5,7.0,21.6,4.68,0.8999999999999999,12.96,78.66
LD05207,HM015,F351,D04,2026-08-04 18:30:00,Dinner,115,9.43,1.725,8.05,26.105,157.665,F351,8.2,1.5,7.0,22.7,9.429999999999998,1.7249999999999999,26.104999999999997,157.665
LD05208,HM015,F211,D05,2026-08-05 06:30:00,Breakfast,15,0.69,0.3,0.42,3.33,18.78,F211,4.6,2.0,2.8,22.2,0.69,0.3,3.3299999999999996,18.779999999999998
LD05209,HM015,F101,D05,2026-08-05 06:30:00,Breakfast,5,1.275,0.535,0.0,0.0,9.915,F101,25.5,10.7,0.0,0.0,1.2750000000000001,0.535,0.0,9.915
LD05210,HM015,F259,D05,2026-08-05 06:30:00,Breakfast,240,2.16,0.24,5.76,29.52,128.88,F259,0.9,0.1,2.4,12.3,2.16,0.24,29.52,128.88
LD05211,HM015,F492,D05,2026-08-05 09:30:00,Mid snack,5,1.29,2.46,0.425,0.805,30.52,F492,25.8,49.2,8.5,16.1,1.29,2.4600000000000004,0.8050000000000002,30.520000000000003
LD05212,HM015,F382,D05,2026-08-05 09:30:00,Mid snack,85,1.36,0.17,2.38,8.415,40.63,F382,1.6,0.2,2.8,9.9,1.36,0.17,8.415000000000001,40.629999999999995
LD05213,HM015,F214,D05,2026-08-05 09:30:00,Mid snack,5,0.365,0.02,0.38,1.0,5.64,F214,7.3,0.4,7.6,20.0,0.365,0.020000000000000004,1.0,5.64
LD05214,HM015,F309,D05,2026-08-05 09:30:00,Mid snack,10,1.99,0.16,0.0,0.0,9.4,F309,19.9,1.6,0.0,0.0,1.99,0.16000000000000003,0.0,9.4
LD05215,HM015,F264,D05,2026-08-05 13:00:00,Lunch,120,0.6,0.12,1.68,16.32,68.76,F264,0.5,0.1,1.4,13.6,0.6,0.12,16.32,68.76
LD05216,HM015,F078,D05,2026-08-05 13:00:00,Lunch,75,6.525,1.875,5.7,20.175,123.675,F078,8.7,2.5,7.6,26.9,6.5249999999999995,1.875,20.174999999999997,123.67500000000001
LD05217,HM015,F078,D05,2026-08-05 18:30:00,Dinner,35,3.045,0.875,2.66,9.415,57.715,F078,8.7,2.5,7.6,26.9,3.0449999999999995,0.875,9.415,57.714999999999996
LD05218,HM015,F294,D05,2026-08-05 18:30:00,Dinner,15,2.4,10.275,1.005,2.16,110.715,F294,16.0,68.5,6.7,14.4,2.4,10.275,2.16,110.715
LD05219,HM015,F423,D06,2026-08-06 06:30:00,Breakfast,240,8.64,8.16,0.0,11.52,154.08,F423,3.6,3.4,0.0,4.8,8.64,8.16,11.52,154.07999999999998
LD05220,HM015,F395,D06,2026-08-06 06:30:00,Breakfast,40,0.72,0.48,1.6,7.72,38.08,F395,1.8,1.2,4.0,19.3,0.7200000000000001,0.48,7.720000000000001,38.08
LD05221,HM015,F094,D06,2026-08-06 09:30:00,Mid snack,5,0.81,1.505,1.72,2.065,25.045,F094,16.2,30.1,34.4,41.3,0.81,1.5050000000000001,2.065,25.044999999999998
LD05222,HM015,F354,D06,2026-08-06 09:30:00,Mid snack,80,6.56,3.92,0.24,1.6,67.92,F354,8.2,4.9,0.3,2.0,6.56,3.9200000000000004,1.6,67.92
LD05223,HM015,F353,D06,2026-08-06 09:30:00,Mid snack,5,0.855,0.465,0.3,0.51,9.645,F353,17.1,9.3,6.0,10.2,0.8550000000000001,0.4650000000000001,0.51,9.645
LD05224,HM015,F335,D06,2026-08-06 09:30:00,Mid snack,15,0.135,0.09,0.645,1.605,7.77,F335,0.9,0.6,4.3,10.7,0.135,0.09,1.6049999999999998,7.77
LD05225,HM015,F241,D06,2026-08-06 13:00:00,Lunch,5,1.25,0.05,0.0,0.0,5.45,F241,25.0,1.0,0.0,0.0,1.25,0.05,0.0,5.45
LD05226,HM015,F244,D06,2026-08-06 13:00:00,Lunch,40,2.48,0.4,3.2,3.32,26.8,F244,6.2,1.0,8.0,8.3,2.4800000000000004,0.4,3.3200000000000003,26.8
LD05227,HM015,F284,D06,2026-08-06 13:00:00,Lunch,85,7.14,1.36,5.95,19.635,119.34,F284,8.4,1.6,7.0,23.1,7.14,1.36,19.635,119.34
LD05228,HM015,F372,D06,2026-08-06 13:00:00,Lunch,50,10.3,2.6,0.0,0.0,64.6,F372,20.6,5.2,0.0,0.0,10.3,2.6,0.0,64.60000000000001
LD05229,HM015,F284,D06,2026-08-06 18:30:00,Dinner,80,6.72,1.28,5.6,18.48,112.32,F284,8.4,1.6,7.0,23.1,6.720000000000001,1.2800000000000002,18.48,112.32
LD05230,HM015,F025,D06,2026-08-06 18:30:00,Dinner,10,1.82,4.38,0.33,3.02,58.78,F025,18.2,43.8,3.3,30.2,1.82,4.38,3.02,58.78
LD05231,HM015,F362,D07,2026-08-07 06:30:00,Breakfast,15,2.55,4.74,5.16,6.51,78.9,F362,17.0,31.6,34.4,43.4,2.55,4.74,6.51,78.9
LD05232,HM015,F143,D07,2026-08-07 06:30:00,Breakfast,20,2.52,0.22,0.78,14.42,69.74,F143,12.6,1.1,3.9,72.1,2.52,0.22000000000000003,14.42,69.74000000000001
LD05233,HM015,F251,D07,2026-08-07 06:30:00,Breakfast,120,0.72,0.12,1.44,4.2,20.76,F251,0.6,0.1,1.2,3.5,0.72,0.12,4.2,20.759999999999998
LD05234,HM015,F081,D07,2026-08-07 09:30:00,Mid snack,25,1.775,0.25,1.275,4.9,28.95,F081,7.1,1.0,5.1,19.6,1.775,0.25,4.9,28.950000000000003
LD05235,HM015,F497,D07,2026-08-07 09:30:00,Mid snack,5,0.915,2.11,1.365,1.445,28.43,F497,18.3,42.2,27.3,28.9,0.915,2.1100000000000003,1.445,28.43
LD05236,HM015,F233,D07,2026-08-07 09:30:00,Mid snack,5,0.565,0.01,0.0,0.035,2.49,F233,11.3,0.2,0.0,0.7,0.5650000000000001,0.010000000000000002,0.034999999999999996,2.4899999999999998
LD05237,HM015,F484,D07,2026-08-07 09:30:00,Mid snack,20,1.8,0.08,1.58,4.0,23.92,F484,9.0,0.4,7.9,20.0,1.8,0.08000000000000002,4.0,23.919999999999998
LD05238,HM015,F278,D07,2026-08-07 13:00:00,Lunch,115,5.29,2.3,3.22,25.76,144.9,F278,4.6,2.0,2.8,22.4,5.289999999999999,2.3,25.759999999999998,144.9
LD05239,HM015,F205,D07,2026-08-07 13:00:00,Lunch,20,2.28,1.04,2.2,13.94,74.24,F205,11.4,5.2,11.0,69.7,2.2800000000000002,1.04,13.940000000000001,74.24
LD05240,HM015,F404,D07,2026-08-07 18:30:00,Dinner,55,1.485,0.495,0.99,12.925,62.095,F404,2.7,0.9,1.8,23.5,1.4850000000000003,0.49500000000000005,12.925,62.095
LD05241,HM015,F402,D07,2026-08-07 18:30:00,Dinner,220,1.98,1.32,9.46,23.1,112.2,F402,0.9,0.6,4.3,10.5,1.9800000000000002,1.32,23.1,112.2
LD05242,HM015,F433,D07,2026-08-07 18:30:00,Dinner,5,0.645,0.54,0.0,0.055,7.66,F433,12.9,10.8,0.0,1.1,0.645,0.54,0.05500000000000001,7.66
LD05243,HM015,F483,D08,2026-08-08 06:30:00,Breakfast,85,6.12,0.85,4.335,17.0,100.13,F483,7.2,1.0,5.1,20.0,6.12,0.85,17.0,100.13000000000001
LD05244,HM015,F173,D08,2026-08-08 06:30:00,Breakfast,25,7.175,0.25,0.0,0.0,30.95,F173,28.7,1.0,0.0,0.0,7.175,0.25,0.0,30.95
LD05245,HM015,F459,D08,2026-08-08 06:30:00,Breakfast,20,0.54,0.2,1.08,2.92,15.64,F459,2.7,1.0,5.4,14.6,0.54,0.2,2.92,15.64
LD05246,HM015,F470,D08,2026-08-08 06:30:00,Breakfast,125,3.375,0.375,0.5,35.25,157.875,F470,2.7,0.3,0.4,28.2,3.375,0.375,35.25,157.875
LD05247,HM015,F012,D08,2026-08-08 09:30:00,Mid snack,40,3.48,0.2,2.56,9.12,52.2,F012,8.7,0.5,6.4,22.8,3.48,0.2,9.120000000000001,52.199999999999996
LD05248,HM015,F248,D08,2026-08-08 09:30:00,Mid snack,70,1.19,0.14,1.96,7.0,34.02,F248,1.7,0.2,2.8,10.0,1.19,0.13999999999999999,7.0,34.019999999999996
LD05249,HM015,F363,D08,2026-08-08 09:30:00,Mid snack,5,0.94,2.175,1.365,1.49,29.295,F363,18.8,43.5,27.3,29.8,0.9400000000000001,2.1750000000000003,1.4900000000000002,29.294999999999998
LD05250,HM015,F487,D08,2026-08-08 09:30:00,Mid snack,5,0.83,0.45,0.3,0.495,9.35,F487,16.6,9.0,6.0,9.9,0.8300000000000001,0.45,0.49500000000000005,9.35
LD05251,HM015,F179,D08,2026-08-08 09:30:00,Mid snack,65,1.17,0.26,1.495,3.25,20.02,F179,1.8,0.4,2.3,5.0,1.1700000000000002,0.26,3.25,20.02
LD05252,HM015,F308,D08,2026-08-08 09:30:00,Mid snack,5,1.26,0.055,0.0,0.0,5.535,F308,25.2,1.1,0.0,0.0,1.26,0.05500000000000001,0.0,5.535
LD05253,HM015,F071,D08,2026-08-08 13:00:00,Lunch,35,3.78,1.715,3.85,22.995,122.535,F071,10.8,4.9,11.0,65.7,3.78,1.715,22.995,122.53500000000001
LD05254,HM015,F236,D08,2026-08-08 13:00:00,Lunch,55,14.3,9.735,0.0,0.0,144.815,F236,26.0,17.7,0.0,0.0,14.3,9.735000000000001,0.0,144.815
LD05255,HM015,F162,D08,2026-08-08 13:00:00,Lunch,5,0.905,2.09,1.365,1.43,28.15,F162,18.1,41.8,27.3,28.6,0.9050000000000001,2.09,1.4300000000000002,28.15
LD05256,HM015,F030,D08,2026-08-08 13:00:00,Lunch,10,3.02,4.91,0.6,1.07,60.55,F030,30.2,49.1,6.0,10.7,3.02,4.91,1.07,60.55
LD05257,HM015,F062,D08,2026-08-08 16:00:00,Evening Snack,35,0.28,0.14,0.56,5.25,23.38,F062,0.8,0.4,1.6,15.0,0.27999999999999997,0.13999999999999999,5.25,23.380000000000003
LD05258,HM015,F395,D08,2026-08-08 16:00:00,Evening Snack,35,0.63,0.42,1.4,6.755,33.32,F395,1.8,1.2,4.0,19.3,0.63,0.42,6.755,33.32
LD05259,HM015,F008,D08,2026-08-08 16:00:00,Evening Snack,10,0.7,0.1,0.1,7.7,34.5,F008,7.0,1.0,1.0,77.0,0.7000000000000001,0.1,7.7,34.5
LD05260,HM015,F463,D08,2026-08-08 16:00:00,Evening Snack,80,0.48,0.16,0.32,6.24,28.32,F463,0.6,0.2,0.4,7.8,0.48,0.16000000000000003,6.24,28.320000000000004
LD05261,HM015,F203,D08,2026-08-08 18:30:00,Dinner,115,3.105,1.035,2.07,27.485,131.675,F203,2.7,0.9,1.8,23.9,3.105,1.035,27.484999999999996,131.675
LD05262,HM015,F470,D08,2026-08-08 18:30:00,Dinner,70,1.89,0.21,0.28,19.74,88.41,F470,2.7,0.3,0.4,28.2,1.89,0.21,19.74,88.41
LD05263,HM015,F257,D08,2026-08-08 18:30:00,Dinner,30,0.33,0.09,0.78,7.11,30.57,F257,1.1,0.3,2.6,23.7,0.33,0.09,7.109999999999999,30.57
LD05264,HM015,F431,D08,2026-08-08 18:30:00,Dinner,5,0.905,2.535,0.59,1.195,31.215,F431,18.1,50.7,11.8,23.9,0.9050000000000001,2.535,1.195,31.215000000000003
LD05265,HM015,F496,D08,2026-08-08 18:30:00,Dinner,5,0.825,1.535,1.72,2.105,25.535,F496,16.5,30.7,34.4,42.1,0.8250000000000001,1.5350000000000001,2.105,25.534999999999997
LD05266,HM015,F114,D09,2026-08-09 06:30:00,Breakfast,135,2.16,0.27,3.78,12.69,61.83,F114,1.6,0.2,2.8,9.4,2.16,0.27,12.690000000000001,61.83
LD05267,HM015,F262,D09,2026-08-09 06:30:00,Breakfast,230,1.38,0.46,0.92,18.17,82.34,F262,0.6,0.2,0.4,7.9,1.38,0.45999999999999996,18.169999999999998,82.34
LD05268,HM015,F150,D09,2026-08-09 06:30:00,Breakfast,25,1.975,0.375,1.75,5.45,33.075,F150,7.9,1.5,7.0,21.8,1.975,0.375,5.45,33.075
LD05269,HM015,F179,D09,2026-08-09 06:30:00,Breakfast,265,4.77,1.06,6.095,13.25,81.62,F179,1.8,0.4,2.3,5.0,4.77,1.06,13.25,81.62
LD05270,HM015,F218,D09,2026-08-09 06:30:00,Breakfast,30,2.49,0.18,1.5,6.24,36.54,F218,8.3,0.6,5.0,20.8,2.49,0.18,6.24,36.54
LD05271,HM015,F225,D09,2026-08-09 09:30:00,Mid snack,5,1.1,2.595,0.625,1.13,32.275,F225,22.0,51.9,12.5,22.6,1.1,2.595,1.1300000000000001,32.275
LD05272,HM015,F429,D09,2026-08-09 09:30:00,Mid snack,10,1.68,3.13,3.44,4.29,52.05,F429,16.8,31.3,34.4,42.9,1.6800000000000002,3.1300000000000003,4.29,52.05
LD05273,HM015,F054,D09,2026-08-09 09:30:00,Mid snack,30,0.33,0.03,0.51,2.79,12.75,F054,1.1,0.1,1.7,9.3,0.33,0.03,2.79,12.75
LD05274,HM015,F016,D09,2026-08-09 09:30:00,Mid snack,15,1.2,0.225,1.05,3.3,20.025,F016,8.0,1.5,7.0,22.0,1.2,0.22499999999999998,3.3,20.025
LD05275,HM015,F461,D09,2026-08-09 09:30:00,Mid snack,20,0.1,0.06,0.34,2.0,8.94,F461,0.5,0.3,1.7,10.0,0.1,0.06,2.0,8.940000000000001
LD05276,HM015,F302,D09,2026-08-09 09:30:00,Mid snack,15,4.095,1.71,0.0,0.0,31.77,F302,27.3,11.4,0.0,0.0,4.095,1.71,0.0,31.77
LD05277,HM015,F215,D09,2026-08-09 13:00:00,Lunch,110,8.25,1.1,5.61,22.88,134.42,F215,7.5,1.0,5.1,20.8,8.25,1.1,22.880000000000003,134.42
LD05278,HM015,F378,D09,2026-08-09 13:00:00,Lunch,20,1.24,0.2,1.6,1.64,13.32,F378,6.2,1.0,8.0,8.2,1.2400000000000002,0.2,1.64,13.32
LD05279,HM015,F283,D09,2026-08-09 13:00:00,Lunch,55,5.225,0.22,4.345,11.55,69.08,F283,9.5,0.4,7.9,21.0,5.2250000000000005,0.22000000000000003,11.55,69.08
LD05280,HM015,F240,D09,2026-08-09 13:00:00,Lunch,20,6.04,0.2,0.0,0.0,25.96,F240,30.2,1.0,0.0,0.0,6.04,0.2,0.0,25.96
LD05281,HM015,F219,D09,2026-08-09 13:00:00,Lunch,50,8.65,4.7,3.0,5.15,97.5,F219,17.3,9.4,6.0,10.3,8.65,4.7,5.15,97.5
LD05282,HM015,F022,D09,2026-08-09 13:00:00,Lunch,35,1.12,1.155,0.0,1.68,21.595,F022,3.2,3.3,0.0,4.8,1.1199999999999999,1.1549999999999998,1.68,21.595
LD05283,HM015,F388,D09,2026-08-09 16:00:00,Evening Snack,300,2.1,0.3,1.5,11.1,55.5,F388,0.7,0.1,0.5,3.7,2.0999999999999996,0.30000000000000004,11.100000000000001,55.5
LD05284,HM015,F358,D09,2026-08-09 16:00:00,Evening Snack,5,1.33,2.535,0.425,0.83,31.455,F358,26.6,50.7,8.5,16.6,1.33,2.535,0.8300000000000001,31.455000000000002
LD05285,HM015,F313,D09,2026-08-09 16:00:00,Evening Snack,20,0.38,0.08,0.46,1.04,6.4,F313,1.9,0.4,2.3,5.2,0.38,0.08000000000000002,1.04,6.3999999999999995
LD05286,HM015,F105,D09,2026-08-09 16:00:00,Evening Snack,10,2.45,1.08,0.0,0.0,19.52,F105,24.5,10.8,0.0,0.0,2.45,1.08,0.0,19.520000000000003
LD05287,HM015,F380,D09,2026-08-09 16:00:00,Evening Snack,5,0.095,0.02,0.115,0.26,1.6,F380,1.9,0.4,2.3,5.2,0.095,0.020000000000000004,0.26,1.5999999999999999
LD05288,HM015,F192,D09,2026-08-09 16:00:00,Evening Snack,45,0.405,0.045,1.08,5.265,23.085,F192,0.9,0.1,2.4,11.7,0.405,0.045000000000000005,5.265,23.085
LD05289,HM015,F199,D09,2026-08-09 18:30:00,Dinner,30,0.54,0.06,2.01,22.26,91.74,F199,1.8,0.2,6.7,74.2,0.54,0.06,22.26,91.74000000000001
LD05290,HM015,F316,D09,2026-08-09 18:30:00,Dinner,115,2.3,0.23,3.68,9.085,47.61,F316,2.0,0.2,3.2,7.9,2.3,0.22999999999999998,9.084999999999999,47.61000000000001
LD05291,HM015,F183,D09,2026-08-09 18:30:00,Dinner,205,2.05,0.41,6.15,12.095,60.27,F183,1.0,0.2,3.0,5.9,2.05,0.41,12.094999999999999,60.269999999999996
LD05292,HM015,F122,D09,2026-08-09 18:30:00,Dinner,170,5.1,0.51,1.7,5.44,46.75,F122,3.0,0.3,1.0,3.2,5.1,0.51,5.44,46.75
LD05293,HM015,F159,D09,2026-08-09 18:30:00,Dinner,5,0.9,2.17,0.165,1.495,29.11,F159,18.0,43.4,3.3,29.9,0.9,2.17,1.495,29.11
LD05294,HM015,F153,D09,2026-08-09 18:30:00,Dinner,20,1.58,0.96,0.06,0.38,16.48,F153,7.9,4.8,0.3,1.9,1.58,0.96,0.38,16.48
LD05295,HM015,F475,D10,2026-08-10 06:30:00,Breakfast,35,4.795,0.665,4.27,25.41,126.805,F475,13.7,1.9,12.2,72.6,4.794999999999999,0.6649999999999999,25.409999999999997,126.80499999999999
LD05296,HM015,F079,D10,2026-08-10 06:30:00,Breakfast,15,1.275,0.075,0.96,3.345,19.155,F079,8.5,0.5,6.4,22.3,1.275,0.075,3.345,19.155
LD05297,HM015,F335,D10,2026-08-10 06:30:00,Breakfast,20,0.18,0.12,0.86,2.14,10.36,F335,0.9,0.6,4.3,10.7,0.18000000000000002,0.12,2.14,10.360000000000001
LD05298,HM015,F338,D10,2026-08-10 06:30:00,Breakfast,20,1.5,0.26,2.3,14.84,67.7,F338,7.5,1.3,11.5,74.2,1.5,0.26,14.840000000000002,67.7
LD05299,HM015,F060,D10,2026-08-10 09:30:00,Mid snack,65,1.105,0.78,2.6,12.155,60.06,F060,1.7,1.2,4.0,18.7,1.105,0.78,12.155,60.06
LD05300,HM015,F050,D10,2026-08-10 09:30:00,Mid snack,175,1.05,0.175,2.1,5.95,29.575,F050,0.6,0.1,1.2,3.4,1.05,0.17500000000000002,5.95,29.575
LD05301,HM015,F218,D10,2026-08-10 13:00:00,Lunch,15,1.245,0.09,0.75,3.12,18.27,F218,8.3,0.6,5.0,20.8,1.245,0.09,3.12,18.27
LD05302,HM015,F322,D10,2026-08-10 13:00:00,Lunch,95,1.14,0.095,1.615,9.31,42.655,F322,1.2,0.1,1.7,9.8,1.14,0.095,9.31,42.655
LD05303,HM015,F347,D10,2026-08-10 13:00:00,Lunch,25,2.25,0.125,1.6,5.875,33.625,F347,9.0,0.5,6.4,23.5,2.25,0.125,5.875,33.625
LD05304,HM015,F073,D10,2026-08-10 13:00:00,Lunch,50,6.7,0.95,6.1,35.55,177.55,F073,13.4,1.9,12.2,71.1,6.7,0.95,35.55,177.55
LD05305,HM015,F059,D10,2026-08-10 16:00:00,Evening Snack,90,0.45,0.27,1.53,8.82,39.51,F059,0.5,0.3,1.7,9.8,0.45,0.27,8.82,39.51
LD05306,HM015,F469,D10,2026-08-10 16:00:00,Evening Snack,90,0.81,0.54,3.87,9.36,45.54,F469,0.9,0.6,4.3,10.4,0.81,0.54,9.360000000000001,45.54
LD05307,HM015,F111,D10,2026-08-10 18:30:00,Dinner,145,3.48,0.58,4.785,10.295,60.32,F111,2.4,0.4,3.3,7.1,3.48,0.58,10.295,60.32
LD05308,HM015,F220,D10,2026-08-10 18:30:00,Dinner,100,8.3,5.0,0.3,2.0,86.2,F220,8.3,5.0,0.3,2.0,8.3,5.0,2.0,86.2
LD05309,HM015,F272,D10,2026-08-10 18:30:00,Dinner,20,2.32,1.04,2.2,14.08,74.96,F272,11.6,5.2,11.0,70.4,2.32,1.04,14.080000000000002,74.96
LD05310,HM015,F268,D11,2026-08-11 06:30:00,Breakfast,5,0.045,0.03,0.215,0.53,2.57,F268,0.9,0.6,4.3,10.6,0.045000000000000005,0.03,0.53,2.5700000000000003
LD05311,HM015,F245,D11,2026-08-11 06:30:00,Breakfast,295,7.375,1.18,9.735,22.125,128.62,F245,2.5,0.4,3.3,7.5,7.375,1.1800000000000002,22.125,128.62
LD05312,HM015,F234,D11,2026-08-11 06:30:00,Breakfast,50,16.1,1.85,0.0,0.0,81.05,F234,32.2,3.7,0.0,0.0,16.1,1.85,0.0,81.05000000000001
LD05313,HM015,F061,D11,2026-08-11 06:30:00,Breakfast,40,0.24,0.08,0.16,3.04,13.84,F061,0.6,0.2,0.4,7.6,0.24,0.08000000000000002,3.04,13.840000000000002
LD05314,HM015,F421,D11,2026-08-11 09:30:00,Mid snack,40,3.28,1.96,0.12,0.76,33.8,F421,8.2,4.9,0.3,1.9,3.28,1.9600000000000002,0.76,33.8
LD05315,HM015,F152,D11,2026-08-11 09:30:00,Mid snack,15,2.46,1.335,0.9,1.47,27.735,F152,16.4,8.9,6.0,9.8,2.4599999999999995,1.335,1.47,27.735
LD05316,HM015,F335,D11,2026-08-11 09:30:00,Mid snack,15,0.135,0.09,0.645,1.605,7.77,F335,0.9,0.6,4.3,10.7,0.135,0.09,1.6049999999999998,7.77
LD05317,HM015,F437,D11,2026-08-11 09:30:00,Mid snack,10,2.55,1.73,0.0,0.0,25.77,F437,25.5,17.3,0.0,0.0,2.5500000000000003,1.7300000000000002,0.0,25.77
LD05318,HM015,F036,D11,2026-08-11 13:00:00,Lunch,5,1.1,0.3,0.0,0.0,7.1,F036,22.0,6.0,0.0,0.0,1.1,0.30000000000000004,0.0,7.1
LD05319,HM015,F298,D11,2026-08-11 13:00:00,Lunch,35,11.095,18.06,2.1,3.92,222.6,F298,31.7,51.6,6.0,11.2,11.094999999999999,18.06,3.9199999999999995,222.6
LD05320,HM015,F410,D11,2026-08-11 13:00:00,Lunch,15,1.065,0.15,0.15,11.775,52.71,F410,7.1,1.0,1.0,78.5,1.065,0.15,11.775,52.71
LD05321,HM015,F008,D11,2026-08-11 16:00:00,Evening Snack,5,0.35,0.05,0.05,3.85,17.25,F008,7.0,1.0,1.0,77.0,0.35000000000000003,0.05,3.85,17.25
LD05322,HM015,F332,D11,2026-08-11 16:00:00,Evening Snack,55,0.385,0.11,0.495,10.45,44.33,F332,0.7,0.2,0.9,19.0,0.385,0.11000000000000001,10.450000000000001,44.33
LD05323,HM015,F181,D11,2026-08-11 16:00:00,Evening Snack,55,0.88,0.11,1.54,5.225,25.41,F181,1.6,0.2,2.8,9.5,0.8800000000000001,0.11000000000000001,5.2250000000000005,25.409999999999997
LD05324,HM015,F105,D11,2026-08-11 18:30:00,Dinner,15,3.675,1.62,0.0,0.0,29.28,F105,24.5,10.8,0.0,0.0,3.675,1.62,0.0,29.28
LD05325,HM015,F182,D11,2026-08-11 18:30:00,Dinner,40,0.76,0.08,1.28,2.96,15.6,F182,1.9,0.2,3.2,7.4,0.76,0.08000000000000002,2.9600000000000004,15.6
LD05326,HM015,F414,D11,2026-08-11 18:30:00,Dinner,130,11.57,0.65,8.32,30.29,173.29,F414,8.9,0.5,6.4,23.3,11.57,0.65,30.290000000000003,173.29
LD05327,HM015,F472,D12,2026-08-12 06:30:00,Breakfast,20,1.46,0.26,2.3,14.4,65.78,F472,7.3,1.3,11.5,72.0,1.46,0.26,14.4,65.78
LD05328,HM015,F457,D12,2026-08-12 06:30:00,Breakfast,120,3.84,0.36,1.2,4.08,34.92,F457,3.2,0.3,1.0,3.4,3.84,0.36,4.08,34.92
LD05329,HM015,F063,D12,2026-08-12 06:30:00,Breakfast,115,0.575,0.115,1.61,15.065,63.595,F063,0.5,0.1,1.4,13.1,0.575,0.11499999999999999,15.064999999999998,63.595
LD05330,HM015,F191,D12,2026-08-12 09:30:00,Mid snack,5,0.13,0.05,0.27,0.71,3.81,F191,2.6,1.0,5.4,14.2,0.13,0.05,0.71,3.81
LD05331,HM015,F491,D12,2026-08-12 09:30:00,Mid snack,55,1.76,1.815,0.0,2.64,33.935,F491,3.2,3.3,0.0,4.8,1.7600000000000002,1.815,2.64,33.935
LD05332,HM015,F034,D12,2026-08-12 09:30:00,Mid snack,5,1.3,0.545,0.0,0.0,10.105,F034,26.0,10.9,0.0,0.0,1.3,0.545,0.0,10.105
LD05333,HM015,F080,D12,2026-08-12 09:30:00,Mid snack,25,1.725,0.1,1.9,4.7,26.6,F080,6.9,0.4,7.6,18.8,1.725,0.1,4.7,26.6
LD05334,HM015,F453,D12,2026-08-12 13:00:00,Lunch,500,5.0,1.0,14.0,20.5,111.0,F453,1.0,0.2,2.8,4.1,5.0,1.0,20.5,111.0
LD05335,HM015,F306,D12,2026-08-12 13:00:00,Lunch,30,7.86,3.48,0.0,0.0,62.76,F306,26.2,11.6,0.0,0.0,7.859999999999999,3.48,0.0,62.760000000000005
LD05336,HM015,F269,D12,2026-08-12 16:00:00,Evening Snack,15,0.42,0.045,0.06,4.44,19.845,F269,2.8,0.3,0.4,29.6,0.42,0.045,4.44,19.845000000000002
LD05337,HM015,F407,D12,2026-08-12 16:00:00,Evening Snack,15,1.59,0.48,0.99,11.115,55.14,F407,10.6,3.2,6.6,74.1,1.5899999999999999,0.48,11.114999999999998,55.14
LD05338,HM015,F132,D12,2026-08-12 18:30:00,Dinner,30,0.54,0.06,2.01,22.05,90.9,F132,1.8,0.2,6.7,73.5,0.54,0.06,22.05,90.9
LD05339,HM015,F296,D12,2026-08-12 18:30:00,Dinner,10,1.92,4.43,2.73,3.03,59.67,F296,19.2,44.3,27.3,30.3,1.92,4.43,3.0300000000000002,59.669999999999995
LD05340,HM015,F223,D13,2026-08-13 06:30:00,Breakfast,70,2.31,2.38,0.0,3.5,44.66,F223,3.3,3.4,0.0,5.0,2.3099999999999996,2.38,3.5,44.66
LD05341,HM015,F459,D13,2026-08-13 06:30:00,Breakfast,60,1.62,0.6,3.24,8.76,46.92,F459,2.7,1.0,5.4,14.6,1.62,0.6,8.76,46.919999999999995
LD05342,HM015,F003,D13,2026-08-13 06:30:00,Breakfast,15,1.095,0.195,1.725,10.8,49.335,F003,7.3,1.3,11.5,72.0,1.095,0.195,10.799999999999999,49.33500000000001
LD05343,HM015,F033,D13,2026-08-13 06:30:00,Breakfast,20,6.2,0.72,0.0,0.0,31.28,F033,31.0,3.6,0.0,0.0,6.2,0.7200000000000001,0.0,31.28
LD05344,HM015,F427,D13,2026-08-13 13:00:00,Lunch,5,0.93,2.235,0.165,1.54,29.995,F427,18.6,44.7,3.3,30.8,0.9300000000000002,2.2350000000000003,1.54,29.994999999999997
LD05345,HM015,F109,D13,2026-08-13 13:00:00,Lunch,350,10.15,1.05,8.4,12.95,101.85,F109,2.9,0.3,2.4,3.7,10.15,1.05,12.950000000000001,101.85000000000001
LD05346,HM015,F478,D13,2026-08-13 13:00:00,Lunch,20,2.54,0.22,0.78,14.56,70.38,F478,12.7,1.1,3.9,72.8,2.54,0.22000000000000003,14.56,70.38000000000001
LD05347,HM015,F162,D13,2026-08-13 16:00:00,Evening Snack,5,0.905,2.09,1.365,1.43,28.15,F162,18.1,41.8,27.3,28.6,0.9050000000000001,2.09,1.4300000000000002,28.15
LD05348,HM015,F187,D13,2026-08-13 16:00:00,Evening Snack,160,1.12,0.16,0.8,5.76,28.96,F187,0.7,0.1,0.5,3.6,1.1199999999999999,0.16000000000000003,5.760000000000001,28.96
LD05349,HM015,F330,D13,2026-08-13 16:00:00,Evening Snack,5,0.04,0.02,0.08,0.79,3.5,F330,0.8,0.4,1.6,15.8,0.04000000000000001,0.020000000000000004,0.79,3.5000000000000004
LD05350,HM015,F134,D13,2026-08-13 16:00:00,Evening Snack,50,0.45,0.3,2.15,5.0,24.5,F134,0.9,0.6,4.3,10.0,0.45,0.3,5.0,24.5
LD05351,HM015,F408,D13,2026-08-13 18:30:00,Dinner,45,6.3,0.855,5.49,33.345,166.275,F408,14.0,1.9,12.2,74.1,6.3,0.855,33.345,166.27499999999998
LD05352,HM015,F281,D13,2026-08-13 18:30:00,Dinner,10,0.74,0.04,0.76,2.02,11.4,F281,7.4,0.4,7.6,20.2,0.7400000000000001,0.04000000000000001,2.02,11.399999999999999
LD05353,HM015,F253,D14,2026-08-14 06:30:00,Breakfast,415,3.735,0.83,4.98,17.015,90.47,F253,0.9,0.2,1.2,4.1,3.7350000000000003,0.8300000000000001,17.015,90.47
LD05354,HM015,F460,D14,2026-08-14 06:30:00,Breakfast,115,1.035,0.115,2.76,13.8,60.375,F460,0.9,0.1,2.4,12.0,1.035,0.11499999999999999,13.799999999999999,60.375
LD05355,HM015,F228,D14,2026-08-14 09:30:00,Mid snack,5,0.86,1.595,1.72,2.19,26.555,F228,17.2,31.9,34.4,43.8,0.86,1.595,2.19,26.555
LD05356,HM015,F216,D14,2026-08-14 09:30:00,Mid snack,25,2.35,0.1,1.975,5.2,31.1,F216,9.4,0.4,7.9,20.8,2.35,0.1,5.2,31.1
LD05357,HM015,F018,D14,2026-08-14 09:30:00,Mid snack,5,0.83,0.45,0.3,0.495,9.35,F018,16.6,9.0,6.0,9.9,0.8300000000000001,0.45,0.49500000000000005,9.35
LD05358,HM015,F043,D14,2026-08-14 13:00:00,Lunch,150,9.0,1.5,12.0,12.0,97.5,F043,6.0,1.0,8.0,8.0,9.0,1.5,12.0,97.5
LD05359,HM015,F025,D14,2026-08-14 13:00:00,Lunch,5,0.91,2.19,0.165,1.51,29.39,F025,18.2,43.8,3.3,30.2,0.91,2.19,1.51,29.39
LD05360,HM015,F170,D14,2026-08-14 13:00:00,Lunch,35,7.63,2.065,0.0,0.0,49.105,F170,21.8,5.9,0.0,0.0,7.63,2.065,0.0,49.105000000000004
LD05361,HM015,F411,D14,2026-08-14 18:30:00,Dinner,20,2.6,0.22,0.78,14.86,71.82,F411,13.0,1.1,3.9,74.3,2.6,0.22000000000000003,14.86,71.82000000000001
LD05362,HM015,F362,D14,2026-08-14 18:30:00,Dinner,5,0.85,1.58,1.72,2.17,26.3,F362,17.0,31.6,34.4,43.4,0.8500000000000001,1.58,2.17,26.3
LD05363,HM015,F043,D14,2026-08-14 18:30:00,Dinner,20,1.2,0.2,1.6,1.6,13.0,F043,6.0,1.0,8.0,8.0,1.2000000000000002,0.2,1.6,13.0
LD05364,HM015,F364,D14,2026-08-14 18:30:00,Dinner,5,0.91,2.56,0.59,1.205,31.5,F364,18.2,51.2,11.8,24.1,0.91,2.5600000000000005,1.205,31.5
LD05365,HM015,F340,D15,2026-08-15 06:30:00,Breakfast,30,3.21,0.96,1.98,22.44,111.24,F340,10.7,3.2,6.6,74.8,3.2099999999999995,0.96,22.439999999999998,111.24000000000001
LD05366,HM015,F375,D15,2026-08-15 06:30:00,Breakfast,55,13.585,0.55,0.0,0.0,59.29,F375,24.7,1.0,0.0,0.0,13.585,0.55,0.0,59.290000000000006
LD05367,HM015,F173,D15,2026-08-15 09:30:00,Mid snack,5,1.435,0.05,0.0,0.0,6.19,F173,28.7,1.0,0.0,0.0,1.435,0.05,0.0,6.19
LD05368,HM015,F319,D15,2026-08-15 09:30:00,Mid snack,215,2.365,0.43,6.02,9.03,49.45,F319,1.1,0.2,2.8,4.2,2.365,0.43,9.03,49.449999999999996
LD05369,HM015,F259,D15,2026-08-15 09:30:00,Mid snack,5,0.045,0.005,0.12,0.615,2.685,F259,0.9,0.1,2.4,12.3,0.045000000000000005,0.005000000000000001,0.6150000000000001,2.685
LD05370,HM015,F403,D15,2026-08-15 13:00:00,Lunch,65,1.82,0.195,0.26,18.72,83.915,F403,2.8,0.3,0.4,28.8,1.8199999999999998,0.195,18.720000000000002,83.91499999999999
LD05371,HM015,F409,D15,2026-08-15 13:00:00,Lunch,10,1.35,0.66,1.01,6.91,38.98,F409,13.5,6.6,10.1,69.1,1.35,0.66,6.91,38.98
LD05372,HM015,F178,D15,2026-08-15 13:00:00,Lunch,15,0.36,0.06,0.495,1.065,6.24,F178,2.4,0.4,3.3,7.1,0.36,0.06,1.065,6.239999999999999
LD05373,HM015,F202,D15,2026-08-15 13:00:00,Lunch,55,1.54,0.165,0.22,16.115,72.105,F202,2.8,0.3,0.4,29.3,1.54,0.165,16.115000000000002,72.10499999999999
LD05374,HM015,F121,D15,2026-08-15 16:00:00,Evening Snack,50,0.55,0.05,0.85,4.55,20.85,F121,1.1,0.1,1.7,9.1,0.55,0.05,4.55,20.849999999999998
LD05375,HM015,F140,D15,2026-08-15 16:00:00,Evening Snack,10,1.36,0.19,1.22,7.19,35.91,F140,13.6,1.9,12.2,71.9,1.36,0.19,7.190000000000001,35.910000000000004
LD05376,HM015,F050,D15,2026-08-15 18:30:00,Dinner,65,0.39,0.065,0.78,2.21,10.985,F050,0.6,0.1,1.2,3.4,0.39,0.065,2.21,10.985
LD05377,HM015,F008,D15,2026-08-15 18:30:00,Dinner,5,0.35,0.05,0.05,3.85,17.25,F008,7.0,1.0,1.0,77.0,0.35000000000000003,0.05,3.85,17.25
LD05378,HM015,F230,D15,2026-08-15 18:30:00,Dinner,20,3.68,10.34,2.36,4.86,127.22,F230,18.4,51.7,11.8,24.3,3.6799999999999997,10.340000000000002,4.86,127.22
LD05379,HM015,F048,D16,2026-08-16 06:30:00,Breakfast,180,3.42,0.36,5.76,13.5,70.92,F048,1.9,0.2,3.2,7.5,3.42,0.36000000000000004,13.5,70.92
LD05380,HM015,F296,D16,2026-08-16 06:30:00,Breakfast,20,3.84,8.86,5.46,6.06,119.34,F296,19.2,44.3,27.3,30.3,3.84,8.86,6.0600000000000005,119.33999999999999
LD05381,HM015,F221,D16,2026-08-16 06:30:00,Breakfast,5,0.95,1.08,0.0,0.13,14.04,F221,19.0,21.6,0.0,2.6,0.9500000000000001,1.08,0.13,14.040000000000001
LD05382,HM015,F019,D16,2026-08-16 06:30:00,Breakfast,20,1.6,0.96,0.06,0.38,16.56,F019,8.0,4.8,0.3,1.9,1.6,0.96,0.38,16.560000000000002
LD05383,HM015,F435,D16,2026-08-16 06:30:00,Breakfast,85,26.86,3.145,0.0,0.0,135.745,F435,31.6,3.7,0.0,0.0,26.86,3.145,0.0,135.745
LD05384,HM015,F319,D16,2026-08-16 09:30:00,Mid snack,140,1.54,0.28,3.92,5.88,32.2,F319,1.1,0.2,2.8,4.2,1.54,0.27999999999999997,5.88,32.2
LD05385,HM015,F456,D16,2026-08-16 09:30:00,Mid snack,45,0.495,0.045,0.765,4.275,19.485,F456,1.1,0.1,1.7,9.5,0.49500000000000005,0.045000000000000005,4.275,19.485000000000003
LD05386,HM015,F374,D16,2026-08-16 09:30:00,Mid snack,30,8.97,0.3,0.0,0.0,38.58,F374,29.9,1.0,0.0,0.0,8.969999999999999,0.3,0.0,38.580000000000005
LD05387,HM015,F186,D16,2026-08-16 09:30:00,Mid snack,45,0.405,0.09,0.54,1.755,9.45,F186,0.9,0.2,1.2,3.9,0.405,0.09000000000000001,1.755,9.450000000000001
LD05388,HM015,F245,D16,2026-08-16 09:30:00,Mid snack,75,1.875,0.3,2.475,5.625,32.7,F245,2.5,0.4,3.3,7.5,1.875,0.30000000000000004,5.625,32.7
LD05389,HM015,F440,D16,2026-08-16 13:00:00,Lunch,30,7.65,3.36,0.0,0.0,60.84,F440,25.5,11.2,0.0,0.0,7.6499999999999995,3.36,0.0,60.84
LD05390,HM015,F377,D16,2026-08-16 13:00:00,Lunch,100,3.1,0.3,2.4,3.9,30.7,F377,3.1,0.3,2.4,3.9,3.1,0.3,3.9,30.7
LD05391,HM015,F247,D16,2026-08-16 13:00:00,Lunch,20,0.18,0.04,0.56,2.0,9.08,F247,0.9,0.2,2.8,10.0,0.18000000000000002,0.04000000000000001,2.0,9.08
LD05392,HM015,F459,D16,2026-08-16 13:00:00,Lunch,95,2.565,0.95,5.13,13.87,74.29,F459,2.7,1.0,5.4,14.6,2.565,0.95,13.87,74.28999999999999
LD05393,HM015,F044,D16,2026-08-16 13:00:00,Lunch,500,12.0,2.0,16.5,36.0,210.0,F044,2.4,0.4,3.3,7.2,12.0,2.0,36.0,210.0
LD05394,HM015,F258,D16,2026-08-16 16:00:00,Evening Snack,145,3.915,1.45,7.83,21.605,115.13,F258,2.7,1.0,5.4,14.9,3.915,1.45,21.605,115.13
LD05395,HM015,F254,D16,2026-08-16 16:00:00,Evening Snack,5,0.035,0.005,0.025,0.185,0.925,F254,0.7,0.1,0.5,3.7,0.034999999999999996,0.005000000000000001,0.18500000000000003,0.925
LD05396,HM015,F312,D16,2026-08-16 16:00:00,Evening Snack,30,0.75,0.12,0.99,2.28,13.2,F312,2.5,0.4,3.3,7.6,0.75,0.12,2.28,13.2
LD05397,HM015,F275,D16,2026-08-16 18:30:00,Dinner,25,3.475,1.7,2.525,17.775,100.3,F275,13.9,6.8,10.1,71.1,3.475,1.7,17.775,100.3
LD05398,HM015,F367,D16,2026-08-16 18:30:00,Dinner,390,43.68,0.78,0.0,2.73,192.66,F367,11.2,0.2,0.0,0.7,43.68,0.78,2.73,192.66
LD05399,HM015,F377,D16,2026-08-16 18:30:00,Dinner,195,6.045,0.585,4.68,7.605,59.865,F377,3.1,0.3,2.4,3.9,6.045,0.585,7.6049999999999995,59.865
LD05400,HM015,F174,D17,2026-08-17 06:30:00,Breakfast,15,3.57,0.15,0.0,0.0,15.63,F174,23.8,1.0,0.0,0.0,3.57,0.15,0.0,15.629999999999999
LD05401,HM015,F313,D17,2026-08-17 06:30:00,Breakfast,70,1.33,0.28,1.61,3.64,22.4,F313,1.9,0.4,2.3,5.2,1.3299999999999998,0.27999999999999997,3.6399999999999997,22.400000000000002
LD05402,HM015,F212,D17,2026-08-17 06:30:00,Breakfast,15,1.395,0.405,1.14,4.275,26.325,F212,9.3,2.7,7.6,28.5,1.395,0.405,4.2749999999999995,26.325
LD05403,HM015,F184,D17,2026-08-17 06:30:00,Breakfast,395,2.37,0.395,4.74,13.43,66.755,F184,0.6,0.1,1.2,3.4,2.37,0.395,13.43,66.75500000000001
LD05404,HM015,F307,D17,2026-08-17 06:30:00,Breakfast,50,15.25,0.55,0.0,0.0,65.95,F307,30.5,1.1,0.0,0.0,15.25,0.55,0.0,65.95
LD05405,HM015,F154,D17,2026-08-17 06:30:00,Breakfast,40,7.24,8.24,0.0,1.0,107.12,F154,18.1,20.6,0.0,2.5,7.240000000000001,8.24,1.0,107.12
LD05406,HM015,F360,D17,2026-08-17 09:30:00,Mid snack,5,0.935,2.255,0.165,1.555,30.255,F360,18.7,45.1,3.3,31.1,0.935,2.2550000000000003,1.5550000000000002,30.255
LD05407,HM015,F254,D17,2026-08-17 09:30:00,Mid snack,215,1.505,0.215,1.075,7.955,39.775,F254,0.7,0.1,0.5,3.7,1.505,0.215,7.955,39.775000000000006
LD05408,HM015,F217,D17,2026-08-17 09:30:00,Mid snack,20,1.66,0.32,1.4,4.58,27.84,F217,8.3,1.6,7.0,22.9,1.6600000000000001,0.32000000000000006,4.58,27.84
LD05409,HM015,F371,D17,2026-08-17 09:30:00,Mid snack,15,3.405,0.93,0.0,0.0,21.99,F371,22.7,6.2,0.0,0.0,3.405,0.9299999999999999,0.0,21.990000000000002
LD05410,HM015,F220,D17,2026-08-17 09:30:00,Mid snack,20,1.66,1.0,0.06,0.4,17.24,F220,8.3,5.0,0.3,2.0,1.6600000000000001,1.0,0.4,17.240000000000002
LD05411,HM015,F397,D17,2026-08-17 13:00:00,Lunch,80,0.64,0.32,1.28,12.4,55.04,F397,0.8,0.4,1.6,15.5,0.6400000000000001,0.32000000000000006,12.4,55.040000000000006
LD05412,HM015,F063,D17,2026-08-17 13:00:00,Lunch,180,0.9,0.18,2.52,23.58,99.54,F063,0.5,0.1,1.4,13.1,0.9,0.18000000000000002,23.58,99.53999999999999
LD05413,HM015,F454,D17,2026-08-17 13:00:00,Lunch,500,4.5,1.0,6.0,20.0,107.0,F454,0.9,0.2,1.2,4.0,4.5,1.0,20.0,107.0
LD05414,HM015,F167,D17,2026-08-17 13:00:00,Lunch,15,4.605,0.54,0.0,0.0,23.28,F167,30.7,3.6,0.0,0.0,4.6049999999999995,0.54,0.0,23.28
LD05415,HM015,F448,D17,2026-08-17 13:00:00,Lunch,155,1.395,0.31,4.34,15.19,69.13,F448,0.9,0.2,2.8,9.8,1.395,0.31000000000000005,15.190000000000001,69.13000000000001
LD05416,HM015,F207,D17,2026-08-17 16:00:00,Evening Snack,5,0.71,0.1,0.61,3.775,18.84,F207,14.2,2.0,12.2,75.5,0.71,0.1,3.7750000000000004,18.839999999999996
LD05417,HM015,F203,D17,2026-08-17 16:00:00,Evening Snack,25,0.675,0.225,0.45,5.975,28.625,F203,2.7,0.9,1.8,23.9,0.675,0.225,5.975,28.624999999999996
LD05418,HM015,F319,D17,2026-08-17 16:00:00,Evening Snack,55,0.605,0.11,1.54,2.31,12.65,F319,1.1,0.2,2.8,4.2,0.6050000000000001,0.11000000000000001,2.3100000000000005,12.65
LD05419,HM015,F045,D17,2026-08-17 16:00:00,Evening Snack,180,3.24,0.72,4.14,9.0,55.44,F045,1.8,0.4,2.3,5.0,3.24,0.7200000000000001,9.0,55.44
LD05420,HM015,F202,D17,2026-08-17 18:30:00,Dinner,55,1.54,0.165,0.22,16.115,72.105,F202,2.8,0.3,0.4,29.3,1.54,0.165,16.115000000000002,72.10499999999999
LD05421,HM015,F158,D17,2026-08-17 18:30:00,Dinner,5,1.05,2.47,0.625,1.075,30.73,F158,21.0,49.4,12.5,21.5,1.05,2.47,1.075,30.73
LD05422,HM015,F168,D17,2026-08-17 18:30:00,Dinner,15,3.855,1.62,0.0,0.0,30.0,F168,25.7,10.8,0.0,0.0,3.8549999999999995,1.62,0.0,30.0
LD05423,HM015,F160,D17,2026-08-17 18:30:00,Dinner,15,2.25,9.675,1.005,2.04,104.235,F160,15.0,64.5,6.7,13.6,2.25,9.674999999999999,2.04,104.235
LD05424,HM015,F018,D17,2026-08-17 18:30:00,Dinner,55,9.13,4.95,3.3,5.445,102.85,F018,16.6,9.0,6.0,9.9,9.13,4.95,5.445,102.85000000000001
LD05425,HM015,F018,D18,2026-08-18 06:30:00,Breakfast,45,7.47,4.05,2.7,4.455,84.15,F018,16.6,9.0,6.0,9.9,7.470000000000001,4.05,4.455,84.15
LD05426,HM015,F036,D18,2026-08-18 06:30:00,Breakfast,30,6.6,1.8,0.0,0.0,42.6,F036,22.0,6.0,0.0,0.0,6.6,1.7999999999999998,0.0,42.599999999999994
LD05427,HM015,F049,D18,2026-08-18 06:30:00,Breakfast,150,1.5,0.3,4.5,9.0,44.7,F049,1.0,0.2,3.0,6.0,1.5,0.30000000000000004,9.0,44.7
LD05428,HM015,F131,D18,2026-08-18 06:30:00,Breakfast,90,0.63,0.18,0.81,15.93,67.86,F131,0.7,0.2,0.9,17.7,0.63,0.18000000000000002,15.93,67.86
LD05429,HM015,F485,D18,2026-08-18 09:30:00,Mid snack,10,0.8,0.15,0.7,2.2,13.35,F485,8.0,1.5,7.0,22.0,0.8,0.15000000000000002,2.2,13.35
LD05430,HM015,F233,D18,2026-08-18 09:30:00,Mid snack,75,8.475,0.15,0.0,0.525,37.35,F233,11.3,0.2,0.0,0.7,8.475000000000001,0.15000000000000002,0.5249999999999999,37.35
LD05431,HM015,F287,D18,2026-08-18 09:30:00,Mid snack,30,2.52,1.5,0.09,0.6,25.98,F287,8.4,5.0,0.3,2.0,2.52,1.5,0.6,25.98
LD05432,HM015,F316,D18,2026-08-18 09:30:00,Mid snack,65,1.3,0.13,2.08,5.135,26.91,F316,2.0,0.2,3.2,7.9,1.3,0.13,5.135000000000001,26.909999999999997
LD05433,HM015,F169,D18,2026-08-18 13:00:00,Lunch,55,13.64,9.24,0.0,0.0,137.72,F169,24.8,16.8,0.0,0.0,13.640000000000002,9.240000000000002,0.0,137.72
LD05434,HM015,F065,D18,2026-08-18 13:00:00,Lunch,55,0.99,0.11,3.685,41.25,169.95,F065,1.8,0.2,6.7,75.0,0.9900000000000001,0.11000000000000001,41.25,169.95000000000002
LD05435,HM015,F318,D18,2026-08-18 16:00:00,Evening Snack,250,1.5,0.25,3.0,9.0,44.25,F318,0.6,0.1,1.2,3.6,1.5,0.25,9.0,44.25
LD05436,HM015,F248,D18,2026-08-18 16:00:00,Evening Snack,5,0.085,0.01,0.14,0.5,2.43,F248,1.7,0.2,2.8,10.0,0.085,0.010000000000000002,0.5,2.4299999999999997
LD05437,HM015,F176,D18,2026-08-18 16:00:00,Evening Snack,45,1.35,0.135,1.08,1.71,13.455,F176,3.0,0.3,2.4,3.8,1.35,0.135,1.71,13.455
LD05438,HM015,F277,D18,2026-08-18 16:00:00,Evening Snack,10,1.33,0.12,0.39,7.64,36.96,F277,13.3,1.2,3.9,76.4,1.33,0.12,7.640000000000001,36.959999999999994
LD05439,HM015,F203,D18,2026-08-18 18:30:00,Dinner,20,0.54,0.18,0.36,4.78,22.9,F203,2.7,0.9,1.8,23.9,0.54,0.18000000000000002,4.78,22.900000000000002
LD05440,HM015,F450,D18,2026-08-18 18:30:00,Dinner,325,6.175,0.65,10.4,25.025,130.65,F450,1.9,0.2,3.2,7.7,6.175,0.65,25.025000000000002,130.65
LD05441,HM015,F419,D18,2026-08-18 18:30:00,Dinner,65,5.33,0.39,3.25,13.26,77.87,F419,8.2,0.6,5.0,20.4,5.33,0.39,13.26,77.87
LD05442,HM015,F342,D19,2026-08-19 06:30:00,Breakfast,5,0.68,0.335,0.505,3.485,19.675,F342,13.6,6.7,10.1,69.7,0.68,0.335,3.4850000000000003,19.675
LD05443,HM015,F483,D19,2026-08-19 06:30:00,Breakfast,50,3.6,0.5,2.55,10.0,58.9,F483,7.2,1.0,5.1,20.0,3.6,0.5,10.0,58.9
LD05444,HM015,F194,D19,2026-08-19 06:30:00,Breakfast,10,0.17,0.12,0.4,1.85,9.16,F194,1.7,1.2,4.0,18.5,0.17,0.12,1.85,9.16
LD05445,HM015,F167,D19,2026-08-19 06:30:00,Breakfast,30,9.21,1.08,0.0,0.0,46.56,F167,30.7,3.6,0.0,0.0,9.209999999999999,1.08,0.0,46.56
LD05446,HM015,F118,D19,2026-08-19 09:30:00,Mid snack,45,0.45,0.09,1.26,1.755,9.63,F118,1.0,0.2,2.8,3.9,0.45,0.09000000000000001,1.755,9.63
LD05447,HM015,F120,D19,2026-08-19 09:30:00,Mid snack,130,0.91,0.13,0.65,4.55,23.01,F120,0.7,0.1,0.5,3.5,0.9099999999999999,0.13,4.55,23.009999999999998
LD05448,HM015,F328,D19,2026-08-19 09:30:00,Mid snack,15,0.27,0.195,0.6,2.94,14.595,F328,1.8,1.3,4.0,19.6,0.27,0.195,2.94,14.595
LD05449,HM015,F299,D19,2026-08-19 09:30:00,Mid snack,5,0.66,0.555,0.0,0.06,7.875,F299,13.2,11.1,0.0,1.2,0.66,0.555,0.06,7.875
LD05450,HM015,F408,D19,2026-08-19 13:00:00,Lunch,5,0.7,0.095,0.61,3.705,18.475,F408,14.0,1.9,12.2,74.1,0.7000000000000001,0.095,3.705,18.475
LD05451,HM015,F162,D19,2026-08-19 13:00:00,Lunch,10,1.81,4.18,2.73,2.86,56.3,F162,18.1,41.8,27.3,28.6,1.8100000000000003,4.18,2.8600000000000003,56.3
LD05452,HM015,F357,D19,2026-08-19 13:00:00,Lunch,140,4.62,4.76,0.0,6.86,88.76,F357,3.3,3.4,0.0,4.9,4.619999999999999,4.76,6.86,88.75999999999999
LD05453,HM015,F231,D19,2026-08-19 13:00:00,Lunch,5,1.57,2.555,0.3,0.555,31.495,F231,31.4,51.1,6.0,11.1,1.57,2.555,0.555,31.495
LD05454,HM015,F291,D19,2026-08-19 16:00:00,Evening Snack,5,1.355,2.585,0.425,0.845,32.065,F291,27.1,51.7,8.5,16.9,1.3550000000000002,2.5850000000000004,0.845,32.065
LD05455,HM015,F140,D19,2026-08-19 16:00:00,Evening Snack,5,0.68,0.095,0.61,3.595,17.955,F140,13.6,1.9,12.2,71.9,0.68,0.095,3.5950000000000006,17.955000000000002
LD05456,HM015,F228,D19,2026-08-19 16:00:00,Evening Snack,5,0.86,1.595,1.72,2.19,26.555,F228,17.2,31.9,34.4,43.8,0.86,1.595,2.19,26.555
LD05457,HM015,F239,D19,2026-08-19 18:30:00,Dinner,55,14.3,6.27,0.0,0.0,113.63,F239,26.0,11.4,0.0,0.0,14.3,6.2700000000000005,0.0,113.63
LD05458,HM015,F301,D19,2026-08-19 18:30:00,Dinner,5,1.63,0.19,0.0,0.0,8.23,F301,32.6,3.8,0.0,0.0,1.6300000000000001,0.19,0.0,8.23
LD05459,HM015,F198,D19,2026-08-19 18:30:00,Dinner,5,0.035,0.01,0.045,0.895,3.81,F198,0.7,0.2,0.9,17.9,0.034999999999999996,0.010000000000000002,0.895,3.81
LD05460,HM015,F263,D19,2026-08-19 18:30:00,Dinner,25,0.2,0.1,0.4,3.9,17.3,F263,0.8,0.4,1.6,15.6,0.2,0.1,3.9,17.299999999999997
LD05461,HM015,F320,D20,2026-08-20 06:30:00,Breakfast,285,2.565,0.57,3.42,11.685,62.13,F320,0.9,0.2,1.2,4.1,2.565,0.5700000000000001,11.684999999999999,62.13
LD05462,HM015,F006,D20,2026-08-20 06:30:00,Breakfast,5,0.685,0.095,0.61,3.63,18.115,F006,13.7,1.9,12.2,72.6,0.685,0.095,3.63,18.115
LD05463,HM015,F468,D20,2026-08-20 06:30:00,Breakfast,55,1.76,0.275,2.035,44.44,187.275,F468,3.2,0.5,3.7,80.8,1.7600000000000002,0.275,44.440000000000005,187.27499999999998
LD05464,HM015,F057,D20,2026-08-20 06:30:00,Breakfast,50,1.3,0.5,2.7,7.15,38.3,F057,2.6,1.0,5.4,14.3,1.3,0.5,7.15,38.300000000000004
LD05465,HM015,F495,D20,2026-08-20 09:30:00,Mid snack,5,0.76,3.26,0.335,0.685,35.12,F495,15.2,65.2,6.7,13.7,0.76,3.2600000000000002,0.685,35.12
LD05466,HM015,F248,D20,2026-08-20 09:30:00,Mid snack,40,0.68,0.08,1.12,4.0,19.44,F248,1.7,0.2,2.8,10.0,0.68,0.08000000000000002,4.0,19.439999999999998
LD05467,HM015,F033,D20,2026-08-20 09:30:00,Mid snack,15,4.65,0.54,0.0,0.0,23.46,F033,31.0,3.6,0.0,0.0,4.6499999999999995,0.54,0.0,23.46
LD05468,HM015,F114,D20,2026-08-20 09:30:00,Mid snack,100,1.6,0.2,2.8,9.4,45.8,F114,1.6,0.2,2.8,9.4,1.6,0.2,9.4,45.8
LD05469,HM015,F473,D20,2026-08-20 13:00:00,Lunch,5,0.55,0.25,0.55,3.35,17.85,F473,11.0,5.0,11.0,67.0,0.55,0.25,3.35,17.85
LD05470,HM015,F393,D20,2026-08-20 13:00:00,Lunch,65,0.585,0.065,1.56,7.93,34.645,F393,0.9,0.1,2.4,12.2,0.5850000000000001,0.065,7.93,34.645
LD05471,HM015,F403,D20,2026-08-20 13:00:00,Lunch,95,2.66,0.285,0.38,27.36,122.645,F403,2.8,0.3,0.4,28.8,2.6599999999999997,0.285,27.36,122.645
LD05472,HM015,F035,D20,2026-08-20 13:00:00,Lunch,15,3.75,2.55,0.0,0.0,37.95,F035,25.0,17.0,0.0,0.0,3.75,2.55,0.0,37.95
LD05473,HM015,F497,D20,2026-08-20 13:00:00,Lunch,10,1.83,4.22,2.73,2.89,56.86,F497,18.3,42.2,27.3,28.9,1.83,4.220000000000001,2.89,56.86
LD05474,HM015,F409,D20,2026-08-20 13:00:00,Lunch,20,2.7,1.32,2.02,13.82,77.96,F409,13.5,6.6,10.1,69.1,2.7,1.32,13.82,77.96
LD05475,HM015,F029,D20,2026-08-20 16:00:00,Evening Snack,5,0.885,2.485,0.59,1.17,30.585,F029,17.7,49.7,11.8,23.4,0.885,2.4850000000000003,1.17,30.584999999999997
LD05476,HM015,F344,D20,2026-08-20 16:00:00,Evening Snack,10,1.31,0.11,0.39,7.5,36.23,F344,13.1,1.1,3.9,75.0,1.31,0.11000000000000001,7.5,36.230000000000004
LD05477,HM015,F315,D20,2026-08-20 16:00:00,Evening Snack,15,0.255,0.03,0.42,1.515,7.35,F315,1.7,0.2,2.8,10.1,0.255,0.03,1.515,7.35
LD05478,HM015,F060,D20,2026-08-20 16:00:00,Evening Snack,50,0.85,0.6,2.0,9.35,46.2,F060,1.7,1.2,4.0,18.7,0.85,0.6,9.35,46.199999999999996
LD05479,HM015,F425,D20,2026-08-20 16:00:00,Evening Snack,5,1.315,2.51,0.425,0.82,31.13,F425,26.3,50.2,8.5,16.4,1.3150000000000002,2.5100000000000002,0.82,31.129999999999995
LD05480,HM015,F463,D20,2026-08-20 18:30:00,Dinner,200,1.2,0.4,0.8,15.6,70.8,F463,0.6,0.2,0.4,7.8,1.2,0.4,15.6,70.8
LD05481,HM015,F148,D20,2026-08-20 18:30:00,Dinner,95,6.745,0.95,4.845,18.81,110.77,F148,7.1,1.0,5.1,19.8,6.744999999999999,0.95,18.81,110.77
LD05482,HM015,F181,D20,2026-08-20 18:30:00,Dinner,55,0.88,0.11,1.54,5.225,25.41,F181,1.6,0.2,2.8,9.5,0.8800000000000001,0.11000000000000001,5.2250000000000005,25.409999999999997
LD05483,HM015,F492,D20,2026-08-20 18:30:00,Dinner,10,2.58,4.92,0.85,1.61,61.04,F492,25.8,49.2,8.5,16.1,2.58,4.920000000000001,1.6100000000000003,61.040000000000006
LD05484,HM015,F356,D20,2026-08-20 18:30:00,Dinner,35,1.26,1.19,0.0,1.68,22.47,F356,3.6,3.4,0.0,4.8,1.26,1.19,1.68,22.47
LD05485,HM015,F370,D21,2026-08-21 06:30:00,Breakfast,55,14.19,9.625,0.0,0.0,143.385,F370,25.8,17.5,0.0,0.0,14.190000000000001,9.625,0.0,143.385
LD05486,HM015,F113,D21,2026-08-21 06:30:00,Breakfast,185,1.665,0.37,5.18,17.39,79.55,F113,0.9,0.2,2.8,9.4,1.665,0.37000000000000005,17.39,79.55
LD05487,HM015,F420,D21,2026-08-21 09:30:00,Mid snack,10,1.69,0.92,0.6,1.01,19.08,F420,16.9,9.2,6.0,10.1,1.69,0.9199999999999999,1.01,19.080000000000002
LD05488,HM015,F041,D21,2026-08-21 09:30:00,Mid snack,25,4.75,0.375,0.0,0.0,22.375,F041,19.0,1.5,0.0,0.0,4.75,0.375,0.0,22.375
LD05489,HM015,F108,D21,2026-08-21 09:30:00,Mid snack,55,10.23,0.825,0.0,0.0,48.345,F108,18.6,1.5,0.0,0.0,10.230000000000002,0.8250000000000001,0.0,48.345
LD05490,HM015,F182,D21,2026-08-21 13:00:00,Lunch,90,1.71,0.18,2.88,6.66,35.1,F182,1.9,0.2,3.2,7.4,1.71,0.18000000000000002,6.66,35.1
LD05491,HM015,F207,D21,2026-08-21 13:00:00,Lunch,55,7.81,1.1,6.71,41.525,207.24,F207,14.2,2.0,12.2,75.5,7.8100000000000005,1.1,41.525000000000006,207.24
LD05492,HM015,F051,D21,2026-08-21 13:00:00,Lunch,60,0.6,0.12,1.68,2.4,13.08,F051,1.0,0.2,2.8,4.0,0.6,0.12,2.4,13.08
LD05493,HM015,F131,D21,2026-08-21 16:00:00,Evening Snack,30,0.21,0.06,0.27,5.31,22.62,F131,0.7,0.2,0.9,17.7,0.21,0.06,5.31,22.619999999999997
LD05494,HM015,F132,D21,2026-08-21 16:00:00,Evening Snack,15,0.27,0.03,1.005,11.025,45.45,F132,1.8,0.2,6.7,73.5,0.27,0.03,11.025,45.45
LD05495,HM015,F185,D21,2026-08-21 16:00:00,Evening Snack,70,0.7,0.14,1.96,2.8,15.26,F185,1.0,0.2,2.8,4.0,0.7,0.13999999999999999,2.8,15.26
LD05496,HM015,F401,D21,2026-08-21 18:30:00,Dinner,30,0.96,0.15,1.11,24.48,103.11,F401,3.2,0.5,3.7,81.6,0.96,0.15,24.479999999999997,103.11
LD05497,HM015,F255,D21,2026-08-21 18:30:00,Dinner,80,0.88,0.08,1.36,7.76,35.28,F255,1.1,0.1,1.7,9.7,0.8800000000000001,0.08000000000000002,7.76,35.28
LD05498,HM015,F062,D21,2026-08-21 18:30:00,Dinner,75,0.6,0.3,1.2,11.25,50.1,F062,0.8,0.4,1.6,15.0,0.6000000000000001,0.30000000000000004,11.25,50.1
LD05499,HM015,F281,D21,2026-08-21 18:30:00,Dinner,25,1.85,0.1,1.9,5.05,28.5,F281,7.4,0.4,7.6,20.2,1.85,0.1,5.05,28.5
LD05500,HM015,F201,D22,2026-08-22 06:30:00,Breakfast,95,0.855,0.57,4.085,9.595,46.93,F201,0.9,0.6,4.3,10.1,0.855,0.57,9.594999999999999,46.93000000000001
LD05501,HM015,F171,D22,2026-08-22 06:30:00,Breakfast,120,23.76,6.0,0.0,0.0,149.04,F171,19.8,5.0,0.0,0.0,23.76,6.0,0.0,149.04000000000002
LD05502,HM015,F490,D22,2026-08-22 06:30:00,Breakfast,75,2.625,2.475,0.0,3.525,46.875,F490,3.5,3.3,0.0,4.7,2.625,2.4749999999999996,3.5250000000000004,46.875
LD05503,HM015,F302,D22,2026-08-22 09:30:00,Mid snack,15,4.095,1.71,0.0,0.0,31.77,F302,27.3,11.4,0.0,0.0,4.095,1.71,0.0,31.77
LD05504,HM015,F191,D22,2026-08-22 09:30:00,Mid snack,85,2.21,0.85,4.59,12.07,64.77,F191,2.6,1.0,5.4,14.2,2.21,0.85,12.069999999999999,64.77000000000001
LD05505,HM015,F220,D22,2026-08-22 13:00:00,Lunch,30,2.49,1.5,0.09,0.6,25.86,F220,8.3,5.0,0.3,2.0,2.49,1.5,0.6,25.86
LD05506,HM015,F486,D22,2026-08-22 13:00:00,Lunch,70,5.6,0.42,3.5,14.0,82.18,F486,8.0,0.6,5.0,20.0,5.6,0.42,14.0,82.18
LD05507,HM015,F065,D22,2026-08-22 13:00:00,Lunch,25,0.45,0.05,1.675,18.75,77.25,F065,1.8,0.2,6.7,75.0,0.45,0.05,18.75,77.25
LD05508,HM015,F339,D22,2026-08-22 13:00:00,Lunch,30,3.39,1.56,3.3,20.7,110.4,F339,11.3,5.2,11.0,69.0,3.39,1.56,20.7,110.4
LD05509,HM015,F363,D22,2026-08-22 16:00:00,Evening Snack,5,0.94,2.175,1.365,1.49,29.295,F363,18.8,43.5,27.3,29.8,0.9400000000000001,2.1750000000000003,1.4900000000000002,29.294999999999998
LD05510,HM015,F294,D22,2026-08-22 16:00:00,Evening Snack,10,1.6,6.85,0.67,1.44,73.81,F294,16.0,68.5,6.7,14.4,1.6,6.8500000000000005,1.4400000000000002,73.81
LD05511,HM015,F252,D22,2026-08-22 16:00:00,Evening Snack,5,0.05,0.01,0.14,0.21,1.13,F252,1.0,0.2,2.8,4.2,0.05,0.010000000000000002,0.21000000000000002,1.1300000000000001
LD05512,HM015,F247,D22,2026-08-22 16:00:00,Evening Snack,5,0.045,0.01,0.14,0.5,2.27,F247,0.9,0.2,2.8,10.0,0.045000000000000005,0.010000000000000002,0.5,2.27
LD05513,HM015,F335,D22,2026-08-22 18:30:00,Dinner,325,2.925,1.95,13.975,34.775,168.35,F335,0.9,0.6,4.3,10.7,2.9250000000000003,1.95,34.775,168.35
LD05514,HM015,F150,D22,2026-08-22 18:30:00,Dinner,40,3.16,0.6,2.8,8.72,52.92,F150,7.9,1.5,7.0,21.8,3.16,0.6000000000000001,8.72,52.92
LD05515,HM016,F085,D01,2026-08-01 06:30:00,Breakfast,30,4.89,2.64,1.8,2.91,54.96,F085,16.3,8.8,6.0,9.7,4.89,2.64,2.9099999999999997,54.96
LD05516,HM016,F088,D01,2026-08-01 06:30:00,Breakfast,315,10.71,10.08,0.0,14.49,191.52,F088,3.4,3.2,0.0,4.6,10.709999999999999,10.08,14.489999999999998,191.52
LD05517,HM016,F217,D01,2026-08-01 09:30:00,Mid snack,60,4.98,0.96,4.2,13.74,83.52,F217,8.3,1.6,7.0,22.9,4.98,0.96,13.739999999999998,83.52
LD05518,HM016,F180,D01,2026-08-01 09:30:00,Mid snack,25,0.225,0.05,0.7,2.375,10.85,F180,0.9,0.2,2.8,9.5,0.225,0.05,2.375,10.85
LD05519,HM016,F430,D01,2026-08-01 13:00:00,Lunch,10,1.87,4.3,2.73,2.95,57.98,F430,18.7,43.0,27.3,29.5,1.87,4.3,2.95,57.98
LD05520,HM016,F314,D01,2026-08-01 13:00:00,Lunch,85,0.765,0.17,2.38,8.585,38.93,F314,0.9,0.2,2.8,10.1,0.765,0.17,8.584999999999999,38.93000000000001
LD05521,HM016,F171,D01,2026-08-01 13:00:00,Lunch,55,10.89,2.75,0.0,0.0,68.31,F171,19.8,5.0,0.0,0.0,10.89,2.75,0.0,68.31
LD05522,HM016,F003,D01,2026-08-01 13:00:00,Lunch,35,2.555,0.455,4.025,25.2,115.115,F003,7.3,1.3,11.5,72.0,2.5549999999999997,0.45499999999999996,25.2,115.115
LD05523,HM016,F383,D01,2026-08-01 16:00:00,Evening Snack,90,1.8,0.18,2.88,6.93,36.54,F383,2.0,0.2,3.2,7.7,1.8,0.18000000000000002,6.930000000000001,36.54
LD05524,HM016,F406,D01,2026-08-01 16:00:00,Evening Snack,15,1.68,0.765,1.65,10.245,54.585,F406,11.2,5.1,11.0,68.3,1.68,0.7649999999999999,10.245,54.584999999999994
LD05525,HM016,F204,D01,2026-08-01 16:00:00,Evening Snack,5,0.38,0.07,0.575,3.745,17.13,F204,7.6,1.4,11.5,74.9,0.38,0.06999999999999999,3.7450000000000006,17.13
LD05526,HM016,F401,D01,2026-08-01 16:00:00,Evening Snack,5,0.16,0.025,0.185,4.08,17.185,F401,3.2,0.5,3.7,81.6,0.16000000000000003,0.025,4.08,17.185000000000002
LD05527,HM016,F219,D01,2026-08-01 18:30:00,Dinner,65,11.245,6.11,3.9,6.695,126.75,F219,17.3,9.4,6.0,10.3,11.245000000000001,6.11,6.695,126.75
LD05528,HM016,F312,D01,2026-08-01 18:30:00,Dinner,225,5.625,0.9,7.425,17.1,99.0,F312,2.5,0.4,3.3,7.6,5.625,0.9,17.099999999999998,99.0
LD05529,HM016,F414,D02,2026-08-02 06:30:00,Breakfast,155,13.795,0.775,9.92,36.115,206.615,F414,8.9,0.5,6.4,23.3,13.795000000000002,0.775,36.115,206.615
LD05530,HM016,F139,D02,2026-08-02 06:30:00,Breakfast,5,0.515,0.155,0.33,3.595,17.835,F139,10.3,3.1,6.6,71.9,0.515,0.15500000000000003,3.5950000000000006,17.835
LD05531,HM016,F150,D02,2026-08-02 06:30:00,Breakfast,95,7.505,1.425,6.65,20.71,125.685,F150,7.9,1.5,7.0,21.8,7.505,1.4249999999999998,20.71,125.685
LD05532,HM016,F349,D02,2026-08-02 06:30:00,Breakfast,10,0.74,0.1,0.51,2.06,12.1,F349,7.4,1.0,5.1,20.6,0.7400000000000001,0.1,2.06,12.1
LD05533,HM016,F118,D02,2026-08-02 06:30:00,Breakfast,65,0.65,0.13,1.82,2.535,13.91,F118,1.0,0.2,2.8,3.9,0.65,0.13,2.535,13.91
LD05534,HM016,F249,D02,2026-08-02 06:30:00,Breakfast,60,1.2,0.12,1.92,4.68,24.6,F249,2.0,0.2,3.2,7.8,1.2,0.12,4.68,24.6
LD05535,HM016,F439,D02,2026-08-02 09:30:00,Mid snack,90,18.36,4.59,0.0,0.0,114.75,F439,20.4,5.1,0.0,0.0,18.36,4.59,0.0,114.75
LD05536,HM016,F433,D02,2026-08-02 09:30:00,Mid snack,30,3.87,3.24,0.0,0.33,45.96,F433,12.9,10.8,0.0,1.1,3.87,3.24,0.33,45.96000000000001
LD05537,HM016,F155,D02,2026-08-02 09:30:00,Mid snack,10,0.35,0.33,0.0,0.47,6.25,F155,3.5,3.3,0.0,4.7,0.35000000000000003,0.33,0.47000000000000003,6.25
LD05538,HM016,F074,D02,2026-08-02 13:00:00,Lunch,15,1.935,0.96,1.515,9.945,56.16,F074,12.9,6.4,10.1,66.3,1.935,0.96,9.944999999999999,56.160000000000004
LD05539,HM016,F465,D02,2026-08-02 13:00:00,Lunch,440,2.2,0.44,6.16,58.96,248.6,F465,0.5,0.1,1.4,13.4,2.2,0.44000000000000006,58.96000000000001,248.60000000000002
LD05540,HM016,F085,D02,2026-08-02 13:00:00,Lunch,55,8.965,4.84,3.3,5.335,100.76,F085,16.3,8.8,6.0,9.7,8.965000000000002,4.840000000000001,5.335,100.76
LD05541,HM016,F279,D02,2026-08-02 13:00:00,Lunch,45,4.185,1.215,3.42,12.96,79.515,F279,9.3,2.7,7.6,28.8,4.1850000000000005,1.215,12.96,79.515
LD05542,HM016,F210,D02,2026-08-02 16:00:00,Evening Snack,5,0.66,0.055,0.195,3.785,18.275,F210,13.2,1.1,3.9,75.7,0.66,0.05500000000000001,3.785,18.275000000000002
LD05543,HM016,F411,D02,2026-08-02 16:00:00,Evening Snack,5,0.65,0.055,0.195,3.715,17.955,F411,13.0,1.1,3.9,74.3,0.65,0.05500000000000001,3.715,17.955000000000002
LD05544,HM016,F059,D02,2026-08-02 16:00:00,Evening Snack,80,0.4,0.24,1.36,7.84,35.12,F059,0.5,0.3,1.7,9.8,0.4,0.24,7.840000000000001,35.120000000000005
LD05545,HM016,F455,D02,2026-08-02 16:00:00,Evening Snack,30,0.21,0.03,0.15,1.11,5.55,F455,0.7,0.1,0.5,3.7,0.21,0.03,1.11,5.550000000000001
LD05546,HM016,F324,D02,2026-08-02 16:00:00,Evening Snack,80,0.96,0.24,2.08,19.12,82.48,F324,1.2,0.3,2.6,23.9,0.96,0.24,19.12,82.48
LD05547,HM016,F161,D02,2026-08-02 18:30:00,Dinner,10,1.63,3.04,3.44,4.17,50.56,F161,16.3,30.4,34.4,41.7,1.6300000000000001,3.04,4.170000000000001,50.56
LD05548,HM016,F245,D02,2026-08-02 18:30:00,Dinner,435,10.875,1.74,14.355,32.625,189.66,F245,2.5,0.4,3.3,7.5,10.875,1.74,32.625,189.66
LD05549,HM016,F205,D02,2026-08-02 18:30:00,Dinner,5,0.57,0.26,0.55,3.485,18.56,F205,11.4,5.2,11.0,69.7,0.5700000000000001,0.26,3.4850000000000003,18.56
LD05550,HM016,F111,D02,2026-08-02 18:30:00,Dinner,40,0.96,0.16,1.32,2.84,16.64,F111,2.4,0.4,3.3,7.1,0.96,0.16000000000000003,2.84,16.64
LD05551,HM016,F452,D02,2026-08-02 18:30:00,Dinner,480,2.88,0.48,5.76,16.8,83.04,F452,0.6,0.1,1.2,3.5,2.88,0.48,16.8,83.03999999999999
LD05552,HM016,F238,D03,2026-08-03 06:30:00,Breakfast,50,10.4,2.6,0.0,0.0,65.0,F238,20.8,5.2,0.0,0.0,10.4,2.6,0.0,65.0
LD05553,HM016,F311,D03,2026-08-03 06:30:00,Breakfast,5,0.315,0.055,0.4,0.42,3.435,F311,6.3,1.1,8.0,8.4,0.315,0.05500000000000001,0.42000000000000004,3.435
LD05554,HM016,F129,D03,2026-08-03 06:30:00,Breakfast,110,0.88,0.44,1.76,16.17,72.16,F129,0.8,0.4,1.6,14.7,0.8800000000000001,0.44000000000000006,16.17,72.16
LD05555,HM016,F086,D03,2026-08-03 06:30:00,Breakfast,135,10.53,6.345,0.405,2.565,109.485,F086,7.8,4.7,0.3,1.9,10.530000000000001,6.345000000000001,2.565,109.48499999999999
LD05556,HM016,F240,D03,2026-08-03 06:30:00,Breakfast,25,7.55,0.25,0.0,0.0,32.45,F240,30.2,1.0,0.0,0.0,7.55,0.25,0.0,32.45
LD05557,HM016,F021,D03,2026-08-03 06:30:00,Breakfast,110,3.85,3.63,0.0,5.17,68.75,F021,3.5,3.3,0.0,4.7,3.8500000000000005,3.63,5.170000000000001,68.75
LD05558,HM016,F351,D03,2026-08-03 09:30:00,Mid snack,25,2.05,0.375,1.75,5.675,34.275,F351,8.2,1.5,7.0,22.7,2.05,0.375,5.675,34.275
LD05559,HM016,F103,D03,2026-08-03 09:30:00,Mid snack,15,3.24,0.885,0.0,0.0,20.925,F103,21.6,5.9,0.0,0.0,3.24,0.885,0.0,20.925
LD05560,HM016,F193,D03,2026-08-03 09:30:00,Mid snack,115,0.575,0.345,1.955,11.155,50.025,F193,0.5,0.3,1.7,9.7,0.575,0.345,11.154999999999998,50.02499999999999
LD05561,HM016,F319,D03,2026-08-03 09:30:00,Mid snack,25,0.275,0.05,0.7,1.05,5.75,F319,1.1,0.2,2.8,4.2,0.275,0.05,1.05,5.750000000000001
LD05562,HM016,F211,D03,2026-08-03 09:30:00,Mid snack,15,0.69,0.3,0.42,3.33,18.78,F211,4.6,2.0,2.8,22.2,0.69,0.3,3.3299999999999996,18.779999999999998
LD05563,HM016,F408,D03,2026-08-03 13:00:00,Lunch,40,5.6,0.76,4.88,29.64,147.8,F408,14.0,1.9,12.2,74.1,5.6000000000000005,0.76,29.64,147.8
LD05564,HM016,F369,D03,2026-08-03 13:00:00,Lunch,20,5.36,2.24,0.0,0.0,41.6,F369,26.8,11.2,0.0,0.0,5.36,2.2399999999999998,0.0,41.60000000000001
LD05565,HM016,F380,D03,2026-08-03 13:00:00,Lunch,135,2.565,0.54,3.105,7.02,43.2,F380,1.9,0.4,2.3,5.2,2.565,0.54,7.0200000000000005,43.199999999999996
LD05566,HM016,F043,D03,2026-08-03 13:00:00,Lunch,5,0.3,0.05,0.4,0.4,3.25,F043,6.0,1.0,8.0,8.0,0.30000000000000004,0.05,0.4,3.25
LD05567,HM016,F229,D03,2026-08-03 13:00:00,Lunch,25,4.75,10.975,6.825,7.525,147.875,F229,19.0,43.9,27.3,30.1,4.75,10.975,7.525,147.875
LD05568,HM016,F198,D03,2026-08-03 16:00:00,Evening Snack,20,0.14,0.04,0.18,3.58,15.24,F198,0.7,0.2,0.9,17.9,0.13999999999999999,0.04000000000000001,3.58,15.24
LD05569,HM016,F112,D03,2026-08-03 16:00:00,Evening Snack,35,0.63,0.14,0.805,1.715,10.64,F112,1.8,0.4,2.3,4.9,0.63,0.13999999999999999,1.715,10.64
LD05570,HM016,F493,D03,2026-08-03 16:00:00,Evening Snack,10,2.12,4.99,1.25,2.17,62.07,F493,21.2,49.9,12.5,21.7,2.12,4.99,2.17,62.07000000000001
LD05571,HM016,F200,D03,2026-08-03 16:00:00,Evening Snack,10,0.31,0.05,0.37,7.84,33.05,F200,3.1,0.5,3.7,78.4,0.31000000000000005,0.05,7.840000000000001,33.050000000000004
LD05572,HM016,F451,D03,2026-08-03 16:00:00,Evening Snack,20,0.2,0.04,0.6,1.22,6.04,F451,1.0,0.2,3.0,6.1,0.2,0.04000000000000001,1.22,6.04
LD05573,HM016,F330,D03,2026-08-03 16:00:00,Evening Snack,20,0.16,0.08,0.32,3.16,14.0,F330,0.8,0.4,1.6,15.8,0.16000000000000003,0.08000000000000002,3.16,14.000000000000002
LD05574,HM016,F285,D03,2026-08-03 18:30:00,Dinner,115,9.66,0.69,5.75,24.15,141.45,F285,8.4,0.6,5.0,21.0,9.66,0.69,24.15,141.45000000000002
LD05575,HM016,F104,D03,2026-08-03 18:30:00,Dinner,110,21.56,5.39,0.0,0.0,134.75,F104,19.6,4.9,0.0,0.0,21.560000000000002,5.390000000000001,0.0,134.75
LD05576,HM016,F083,D03,2026-08-03 18:30:00,Dinner,45,3.51,0.675,3.15,9.72,58.995,F083,7.8,1.5,7.0,21.6,3.51,0.675,9.72,58.995000000000005
LD05577,HM016,F391,D04,2026-08-04 06:30:00,Breakfast,225,2.475,0.675,5.85,52.875,227.475,F391,1.1,0.3,2.6,23.5,2.475,0.6749999999999999,52.875,227.475
LD05578,HM016,F196,D04,2026-08-04 06:30:00,Breakfast,60,0.48,0.24,0.96,8.88,39.6,F196,0.8,0.4,1.6,14.8,0.48,0.24,8.88,39.60000000000001
LD05579,HM016,F486,D04,2026-08-04 09:30:00,Mid snack,55,4.4,0.33,2.75,11.0,64.57,F486,8.0,0.6,5.0,20.0,4.4,0.33,11.0,64.57000000000001
LD05580,HM016,F288,D04,2026-08-04 09:30:00,Mid snack,15,2.88,3.27,0.0,0.39,42.51,F288,19.2,21.8,0.0,2.6,2.88,3.27,0.39,42.51
LD05581,HM016,F162,D04,2026-08-04 13:00:00,Lunch,20,3.62,8.36,5.46,5.72,112.6,F162,18.1,41.8,27.3,28.6,3.6200000000000006,8.36,5.720000000000001,112.6
LD05582,HM016,F045,D04,2026-08-04 13:00:00,Lunch,300,5.4,1.2,6.9,15.0,92.4,F045,1.8,0.4,2.3,5.0,5.4,1.2000000000000002,15.0,92.39999999999999
LD05583,HM016,F013,D04,2026-08-04 13:00:00,Lunch,100,7.0,0.4,7.6,19.2,108.4,F013,7.0,0.4,7.6,19.2,7.0,0.4,19.2,108.39999999999999
LD05584,HM016,F297,D04,2026-08-04 16:00:00,Evening Snack,5,0.93,2.61,0.59,1.23,32.13,F297,18.6,52.2,11.8,24.6,0.9300000000000002,2.6100000000000003,1.2300000000000002,32.129999999999995
LD05585,HM016,F398,D04,2026-08-04 16:00:00,Evening Snack,5,0.025,0.005,0.07,0.675,2.845,F398,0.5,0.1,1.4,13.5,0.025,0.005000000000000001,0.675,2.845
LD05586,HM016,F094,D04,2026-08-04 16:00:00,Evening Snack,5,0.81,1.505,1.72,2.065,25.045,F094,16.2,30.1,34.4,41.3,0.81,1.5050000000000001,2.065,25.044999999999998
LD05587,HM016,F134,D04,2026-08-04 16:00:00,Evening Snack,95,0.855,0.57,4.085,9.5,46.55,F134,0.9,0.6,4.3,10.0,0.855,0.57,9.5,46.550000000000004
LD05588,HM016,F189,D04,2026-08-04 18:30:00,Dinner,500,15.5,1.5,5.0,16.5,141.5,F189,3.1,0.3,1.0,3.3,15.5,1.5,16.5,141.5
LD05589,HM016,F368,D04,2026-08-04 18:30:00,Dinner,5,1.595,0.185,0.0,0.0,8.045,F368,31.9,3.7,0.0,0.0,1.595,0.18500000000000003,0.0,8.045
LD05590,HM016,F020,D05,2026-08-05 06:30:00,Breakfast,40,7.32,8.32,0.0,1.0,108.16,F020,18.3,20.8,0.0,2.5,7.32,8.32,1.0,108.16
LD05591,HM016,F194,D05,2026-08-05 06:30:00,Breakfast,90,1.53,1.08,3.6,16.65,82.44,F194,1.7,1.2,4.0,18.5,1.53,1.08,16.650000000000002,82.44
LD05592,HM016,F110,D05,2026-08-05 06:30:00,Breakfast,35,2.065,0.35,2.8,2.73,22.33,F110,5.9,1.0,8.0,7.8,2.065,0.35,2.73,22.33
LD05593,HM016,F250,D05,2026-08-05 06:30:00,Breakfast,15,0.15,0.03,0.45,0.93,4.59,F250,1.0,0.2,3.0,6.2,0.15,0.03,0.9299999999999999,4.59
LD05594,HM016,F441,D05,2026-08-05 13:00:00,Lunch,185,54.76,1.85,0.0,0.0,235.69,F441,29.6,1.0,0.0,0.0,54.760000000000005,1.85,0.0,235.69
LD05595,HM016,F022,D05,2026-08-05 13:00:00,Lunch,70,2.24,2.31,0.0,3.36,43.19,F022,3.2,3.3,0.0,4.8,2.2399999999999998,2.3099999999999996,3.36,43.19
LD05596,HM016,F448,D05,2026-08-05 18:30:00,Dinner,180,1.62,0.36,5.04,17.64,80.28,F448,0.9,0.2,2.8,9.8,1.62,0.36000000000000004,17.64,80.28
LD05597,HM016,F325,D05,2026-08-05 18:30:00,Dinner,30,0.81,0.33,1.62,4.5,24.21,F325,2.7,1.1,5.4,15.0,0.81,0.33,4.5,24.21
LD05598,HM016,F013,D05,2026-08-05 18:30:00,Dinner,30,2.1,0.12,2.28,5.76,32.52,F013,7.0,0.4,7.6,19.2,2.1,0.12,5.76,32.519999999999996
LD05599,HM016,F178,D05,2026-08-05 18:30:00,Dinner,165,3.96,0.66,5.445,11.715,68.64,F178,2.4,0.4,3.3,7.1,3.9599999999999995,0.66,11.714999999999998,68.64
LD05600,HM016,F037,D06,2026-08-06 06:30:00,Breakfast,65,13.0,3.25,0.0,0.0,81.25,F037,20.0,5.0,0.0,0.0,13.0,3.25,0.0,81.25
LD05601,HM016,F355,D06,2026-08-06 06:30:00,Breakfast,75,14.1,16.05,0.0,1.95,208.65,F355,18.8,21.4,0.0,2.6,14.100000000000001,16.049999999999997,1.9500000000000002,208.65000000000003
LD05602,HM016,F119,D06,2026-08-06 06:30:00,Breakfast,425,3.825,0.85,5.1,16.15,87.55,F119,0.9,0.2,1.2,3.8,3.825,0.8500000000000001,16.15,87.55
LD05603,HM016,F075,D06,2026-08-06 06:30:00,Breakfast,10,0.69,0.1,0.1,7.55,33.86,F075,6.9,1.0,1.0,75.5,0.6900000000000001,0.1,7.550000000000001,33.86
LD05604,HM016,F381,D06,2026-08-06 09:30:00,Mid snack,20,0.18,0.04,0.56,1.98,9.0,F381,0.9,0.2,2.8,9.9,0.18000000000000002,0.04000000000000001,1.9800000000000002,9.0
LD05605,HM016,F049,D06,2026-08-06 09:30:00,Mid snack,75,0.75,0.15,2.25,4.5,22.35,F049,1.0,0.2,3.0,6.0,0.75,0.15000000000000002,4.5,22.35
LD05606,HM016,F171,D06,2026-08-06 09:30:00,Mid snack,90,17.82,4.5,0.0,0.0,111.78,F171,19.8,5.0,0.0,0.0,17.82,4.5,0.0,111.78
LD05607,HM016,F029,D06,2026-08-06 09:30:00,Mid snack,5,0.885,2.485,0.59,1.17,30.585,F029,17.7,49.7,11.8,23.4,0.885,2.4850000000000003,1.17,30.584999999999997
LD05608,HM016,F247,D06,2026-08-06 09:30:00,Mid snack,15,0.135,0.03,0.42,1.5,6.81,F247,0.9,0.2,2.8,10.0,0.135,0.03,1.5,6.8100000000000005
LD05609,HM016,F496,D06,2026-08-06 09:30:00,Mid snack,5,0.825,1.535,1.72,2.105,25.535,F496,16.5,30.7,34.4,42.1,0.8250000000000001,1.5350000000000001,2.105,25.534999999999997
LD05610,HM016,F471,D06,2026-08-06 13:00:00,Lunch,100,2.6,0.9,1.8,23.0,110.5,F471,2.6,0.9,1.8,23.0,2.6,0.9,23.0,110.5
LD05611,HM016,F135,D06,2026-08-06 13:00:00,Lunch,130,3.51,0.39,0.52,36.27,162.63,F135,2.7,0.3,0.4,27.9,3.5100000000000002,0.39,36.269999999999996,162.63
LD05612,HM016,F042,D06,2026-08-06 13:00:00,Lunch,240,7.2,0.72,5.76,9.12,71.76,F042,3.0,0.3,2.4,3.8,7.199999999999999,0.72,9.12,71.76
LD05613,HM016,F078,D06,2026-08-06 13:00:00,Lunch,50,4.35,1.25,3.8,13.45,82.45,F078,8.7,2.5,7.6,26.9,4.35,1.25,13.45,82.44999999999999
LD05614,HM016,F229,D06,2026-08-06 13:00:00,Lunch,5,0.95,2.195,1.365,1.505,29.575,F229,19.0,43.9,27.3,30.1,0.9500000000000001,2.195,1.5050000000000001,29.575
LD05615,HM016,F408,D06,2026-08-06 16:00:00,Evening Snack,5,0.7,0.095,0.61,3.705,18.475,F408,14.0,1.9,12.2,74.1,0.7000000000000001,0.095,3.705,18.475
LD05616,HM016,F230,D06,2026-08-06 16:00:00,Evening Snack,5,0.92,2.585,0.59,1.215,31.805,F230,18.4,51.7,11.8,24.3,0.9199999999999999,2.5850000000000004,1.215,31.805
LD05617,HM016,F046,D06,2026-08-06 16:00:00,Evening Snack,45,0.405,0.09,1.26,4.32,19.71,F046,0.9,0.2,2.8,9.6,0.405,0.09000000000000001,4.32,19.71
LD05618,HM016,F136,D06,2026-08-06 16:00:00,Evening Snack,45,1.17,0.405,0.81,10.26,49.365,F136,2.6,0.9,1.8,22.8,1.1700000000000002,0.405,10.26,49.365
LD05619,HM016,F135,D06,2026-08-06 16:00:00,Evening Snack,5,0.135,0.015,0.02,1.395,6.255,F135,2.7,0.3,0.4,27.9,0.135,0.015,1.395,6.255
LD05620,HM016,F073,D06,2026-08-06 16:00:00,Evening Snack,10,1.34,0.19,1.22,7.11,35.51,F073,13.4,1.9,12.2,71.1,1.34,0.19,7.109999999999999,35.510000000000005
LD05621,HM016,F019,D06,2026-08-06 18:30:00,Dinner,170,13.6,8.16,0.51,3.23,140.76,F019,8.0,4.8,0.3,1.9,13.6,8.16,3.23,140.76
LD05622,HM016,F221,D06,2026-08-06 18:30:00,Dinner,15,2.85,3.24,0.0,0.39,42.12,F221,19.0,21.6,0.0,2.6,2.85,3.24,0.39,42.120000000000005
LD05623,HM016,F068,D06,2026-08-06 18:30:00,Dinner,25,0.65,0.075,0.1,6.9,30.875,F068,2.6,0.3,0.4,27.6,0.65,0.075,6.9,30.875000000000004
LD05624,HM016,F114,D06,2026-08-06 18:30:00,Dinner,35,0.56,0.07,0.98,3.29,16.03,F114,1.6,0.2,2.8,9.4,0.5599999999999999,0.06999999999999999,3.29,16.03
LD05625,HM016,F447,D06,2026-08-06 18:30:00,Dinner,25,0.45,0.1,0.575,1.275,7.8,F447,1.8,0.4,2.3,5.1,0.45,0.1,1.275,7.8
LD05626,HM016,F441,D06,2026-08-06 18:30:00,Dinner,135,39.96,1.35,0.0,0.0,171.99,F441,29.6,1.0,0.0,0.0,39.96000000000001,1.35,0.0,171.99
LD05627,HM016,F288,D07,2026-08-07 06:30:00,Breakfast,5,0.96,1.09,0.0,0.13,14.17,F288,19.2,21.8,0.0,2.6,0.96,1.09,0.13,14.17
LD05628,HM016,F121,D07,2026-08-07 06:30:00,Breakfast,475,5.225,0.475,8.075,43.225,198.075,F121,1.1,0.1,1.7,9.1,5.2250000000000005,0.47500000000000003,43.225,198.07500000000002
LD05629,HM016,F303,D07,2026-08-07 06:30:00,Breakfast,15,3.93,2.685,0.0,0.0,39.885,F303,26.2,17.9,0.0,0.0,3.9299999999999997,2.6849999999999996,0.0,39.885
LD05630,HM016,F375,D07,2026-08-07 09:30:00,Mid snack,60,14.82,0.6,0.0,0.0,64.68,F375,24.7,1.0,0.0,0.0,14.819999999999999,0.6,0.0,64.68
LD05631,HM016,F214,D07,2026-08-07 09:30:00,Mid snack,5,0.365,0.02,0.38,1.0,5.64,F214,7.3,0.4,7.6,20.0,0.365,0.020000000000000004,1.0,5.64
LD05632,HM016,F171,D07,2026-08-07 09:30:00,Mid snack,35,6.93,1.75,0.0,0.0,43.47,F171,19.8,5.0,0.0,0.0,6.93,1.75,0.0,43.47
LD05633,HM016,F250,D07,2026-08-07 13:00:00,Lunch,395,3.95,0.79,11.85,24.49,120.87,F250,1.0,0.2,3.0,6.2,3.95,0.79,24.490000000000002,120.86999999999999
LD05634,HM016,F350,D07,2026-08-07 13:00:00,Lunch,5,0.465,0.02,0.395,1.03,6.16,F350,9.3,0.4,7.9,20.6,0.4650000000000001,0.020000000000000004,1.03,6.16
LD05635,HM016,F478,D07,2026-08-07 13:00:00,Lunch,15,1.905,0.165,0.585,10.92,52.785,F478,12.7,1.1,3.9,72.8,1.9049999999999998,0.165,10.92,52.785
LD05636,HM016,F173,D07,2026-08-07 13:00:00,Lunch,85,24.395,0.85,0.0,0.0,105.23,F173,28.7,1.0,0.0,0.0,24.395,0.85,0.0,105.23
LD05637,HM016,F264,D07,2026-08-07 16:00:00,Evening Snack,115,0.575,0.115,1.61,15.64,65.895,F264,0.5,0.1,1.4,13.6,0.575,0.11499999999999999,15.639999999999999,65.895
LD05638,HM016,F386,D07,2026-08-07 16:00:00,Evening Snack,125,1.25,0.25,3.5,5.125,27.75,F386,1.0,0.2,2.8,4.1,1.25,0.25,5.125,27.75
LD05639,HM016,F397,D07,2026-08-07 18:30:00,Dinner,55,0.44,0.22,0.88,8.525,37.84,F397,0.8,0.4,1.6,15.5,0.44000000000000006,0.22000000000000003,8.525,37.839999999999996
LD05640,HM016,F453,D07,2026-08-07 18:30:00,Dinner,410,4.1,0.82,11.48,16.81,91.02,F453,1.0,0.2,2.8,4.1,4.1,0.82,16.81,91.01999999999998
LD05641,HM016,F337,D07,2026-08-07 18:30:00,Dinner,90,2.43,0.81,1.62,21.33,102.33,F337,2.7,0.9,1.8,23.7,2.43,0.81,21.33,102.33
LD05642,HM016,F236,D08,2026-08-08 06:30:00,Breakfast,45,11.7,7.965,0.0,0.0,118.485,F236,26.0,17.7,0.0,0.0,11.700000000000001,7.965,0.0,118.485
LD05643,HM016,F489,D08,2026-08-08 06:30:00,Breakfast,30,5.49,6.24,0.0,0.75,81.12,F489,18.3,20.8,0.0,2.5,5.49,6.24,0.75,81.12
LD05644,HM016,F039,D08,2026-08-08 06:30:00,Breakfast,70,20.3,0.7,0.0,0.0,87.5,F039,29.0,1.0,0.0,0.0,20.299999999999997,0.7,0.0,87.5
LD05645,HM016,F101,D08,2026-08-08 06:30:00,Breakfast,45,11.475,4.815,0.0,0.0,89.235,F101,25.5,10.7,0.0,0.0,11.475,4.8149999999999995,0.0,89.235
LD05646,HM016,F300,D08,2026-08-08 09:30:00,Mid snack,105,11.97,0.21,0.0,0.735,52.71,F300,11.4,0.2,0.0,0.7,11.97,0.21000000000000002,0.735,52.71
LD05647,HM016,F352,D08,2026-08-08 09:30:00,Mid snack,15,1.23,0.09,0.75,3.09,18.09,F352,8.2,0.6,5.0,20.6,1.2299999999999998,0.09,3.0900000000000003,18.09
LD05648,HM016,F350,D08,2026-08-08 09:30:00,Mid snack,10,0.93,0.04,0.79,2.06,12.32,F350,9.3,0.4,7.9,20.6,0.9300000000000002,0.04000000000000001,2.06,12.32
LD05649,HM016,F152,D08,2026-08-08 09:30:00,Mid snack,25,4.1,2.225,1.5,2.45,46.225,F152,16.4,8.9,6.0,9.8,4.1,2.225,2.45,46.225
LD05650,HM016,F392,D08,2026-08-08 09:30:00,Mid snack,20,0.54,0.2,1.08,2.94,15.72,F392,2.7,1.0,5.4,14.7,0.54,0.2,2.94,15.72
LD05651,HM016,F219,D08,2026-08-08 13:00:00,Lunch,70,12.11,6.58,4.2,7.21,136.5,F219,17.3,9.4,6.0,10.3,12.11,6.58,7.21,136.5
LD05652,HM016,F078,D08,2026-08-08 13:00:00,Lunch,65,5.655,1.625,4.94,17.485,107.185,F078,8.7,2.5,7.6,26.9,5.654999999999999,1.625,17.485,107.185
LD05653,HM016,F002,D08,2026-08-08 13:00:00,Lunch,80,2.08,0.72,1.44,18.4,88.4,F002,2.6,0.9,1.8,23.0,2.08,0.7200000000000001,18.400000000000002,88.39999999999999
LD05654,HM016,F413,D08,2026-08-08 13:00:00,Lunch,50,4.55,1.35,3.8,13.95,86.15,F413,9.1,2.7,7.6,27.9,4.55,1.35,13.95,86.15
LD05655,HM016,F208,D08,2026-08-08 16:00:00,Evening Snack,25,3.425,1.7,2.525,17.6,99.4,F208,13.7,6.8,10.1,70.4,3.425,1.7,17.6,99.4
LD05656,HM016,F364,D08,2026-08-08 16:00:00,Evening Snack,5,0.91,2.56,0.59,1.205,31.5,F364,18.2,51.2,11.8,24.1,0.91,2.5600000000000005,1.205,31.5
LD05657,HM016,F277,D08,2026-08-08 16:00:00,Evening Snack,10,1.33,0.12,0.39,7.64,36.96,F277,13.3,1.2,3.9,76.4,1.33,0.12,7.640000000000001,36.959999999999994
LD05658,HM016,F275,D08,2026-08-08 18:30:00,Dinner,50,6.95,3.4,5.05,35.55,200.6,F275,13.9,6.8,10.1,71.1,6.95,3.4,35.55,200.6
LD05659,HM016,F028,D08,2026-08-08 18:30:00,Dinner,5,0.915,2.11,1.365,1.445,28.43,F028,18.3,42.2,27.3,28.9,0.915,2.1100000000000003,1.445,28.43
LD05660,HM016,F046,D08,2026-08-08 18:30:00,Dinner,85,0.765,0.17,2.38,8.16,37.23,F046,0.9,0.2,2.8,9.6,0.765,0.17,8.16,37.230000000000004
LD05661,HM016,F356,D08,2026-08-08 18:30:00,Dinner,145,5.22,4.93,0.0,6.96,93.09,F356,3.6,3.4,0.0,4.8,5.22,4.93,6.96,93.09
LD05662,HM016,F049,D09,2026-08-09 06:30:00,Breakfast,395,3.95,0.79,11.85,23.7,117.71,F049,1.0,0.2,3.0,6.0,3.95,0.79,23.700000000000003,117.71
LD05663,HM016,F305,D09,2026-08-09 06:30:00,Breakfast,5,1.05,0.26,0.0,0.0,6.54,F305,21.0,5.2,0.0,0.0,1.05,0.26,0.0,6.54
LD05664,HM016,F134,D09,2026-08-09 06:30:00,Breakfast,75,0.675,0.45,3.225,7.5,36.75,F134,0.9,0.6,4.3,10.0,0.675,0.44999999999999996,7.5,36.75
LD05665,HM016,F199,D09,2026-08-09 06:30:00,Breakfast,25,0.45,0.05,1.675,18.55,76.45,F199,1.8,0.2,6.7,74.2,0.45,0.05,18.55,76.45
LD05666,HM016,F367,D09,2026-08-09 09:30:00,Mid snack,155,17.36,0.31,0.0,1.085,76.57,F367,11.2,0.2,0.0,0.7,17.36,0.31000000000000005,1.085,76.57000000000001
LD05667,HM016,F304,D09,2026-08-09 09:30:00,Mid snack,5,1.155,0.315,0.0,0.0,7.455,F304,23.1,6.3,0.0,0.0,1.155,0.315,0.0,7.455
LD05668,HM016,F328,D09,2026-08-09 09:30:00,Mid snack,20,0.36,0.26,0.8,3.92,19.46,F328,1.8,1.3,4.0,19.6,0.36000000000000004,0.26,3.9200000000000004,19.46
LD05669,HM016,F391,D09,2026-08-09 13:00:00,Lunch,150,1.65,0.45,3.9,35.25,151.65,F391,1.1,0.3,2.6,23.5,1.6500000000000001,0.44999999999999996,35.25,151.65
LD05670,HM016,F305,D09,2026-08-09 13:00:00,Lunch,115,24.15,5.98,0.0,0.0,150.42,F305,21.0,5.2,0.0,0.0,24.15,5.9799999999999995,0.0,150.42000000000002
LD05671,HM016,F248,D09,2026-08-09 16:00:00,Evening Snack,140,2.38,0.28,3.92,14.0,68.04,F248,1.7,0.2,2.8,10.0,2.38,0.27999999999999997,14.0,68.03999999999999
LD05672,HM016,F009,D09,2026-08-09 16:00:00,Evening Snack,5,0.635,0.055,0.195,3.64,17.595,F009,12.7,1.1,3.9,72.8,0.635,0.05500000000000001,3.64,17.595000000000002
LD05673,HM016,F120,D09,2026-08-09 16:00:00,Evening Snack,110,0.77,0.11,0.55,3.85,19.47,F120,0.7,0.1,0.5,3.5,0.77,0.11000000000000001,3.8500000000000005,19.47
LD05674,HM016,F134,D09,2026-08-09 18:30:00,Dinner,305,2.745,1.83,13.115,30.5,149.45,F134,0.9,0.6,4.3,10.0,2.745,1.8299999999999998,30.5,149.45
LD05675,HM016,F491,D09,2026-08-09 18:30:00,Dinner,135,4.32,4.455,0.0,6.48,83.295,F491,3.2,3.3,0.0,4.8,4.32,4.455,6.48,83.295
LD05676,HM016,F210,D10,2026-08-10 06:30:00,Breakfast,10,1.32,0.11,0.39,7.57,36.55,F210,13.2,1.1,3.9,75.7,1.32,0.11000000000000001,7.57,36.550000000000004
LD05677,HM016,F362,D10,2026-08-10 06:30:00,Breakfast,30,5.1,9.48,10.32,13.02,157.8,F362,17.0,31.6,34.4,43.4,5.1,9.48,13.02,157.8
LD05678,HM016,F499,D10,2026-08-10 06:30:00,Breakfast,5,1.51,2.455,0.3,0.535,30.275,F499,30.2,49.1,6.0,10.7,1.51,2.455,0.535,30.275
LD05679,HM016,F394,D10,2026-08-10 06:30:00,Breakfast,90,0.45,0.27,1.53,9.09,40.59,F394,0.5,0.3,1.7,10.1,0.45,0.27,9.09,40.589999999999996
LD05680,HM016,F043,D10,2026-08-10 09:30:00,Mid snack,90,5.4,0.9,7.2,7.2,58.5,F043,6.0,1.0,8.0,8.0,5.4,0.9,7.2,58.50000000000001
LD05681,HM016,F058,D10,2026-08-10 09:30:00,Mid snack,60,0.54,0.06,1.44,7.08,31.02,F058,0.9,0.1,2.4,11.8,0.54,0.06,7.08,31.02
LD05682,HM016,F304,D10,2026-08-10 13:00:00,Lunch,45,10.395,2.835,0.0,0.0,67.095,F304,23.1,6.3,0.0,0.0,10.395000000000001,2.835,0.0,67.095
LD05683,HM016,F452,D10,2026-08-10 13:00:00,Lunch,500,3.0,0.5,6.0,17.5,86.5,F452,0.6,0.1,1.2,3.5,3.0,0.5,17.5,86.5
LD05684,HM016,F212,D10,2026-08-10 13:00:00,Lunch,50,4.65,1.35,3.8,14.25,87.75,F212,9.3,2.7,7.6,28.5,4.65,1.35,14.25,87.75
LD05685,HM016,F139,D10,2026-08-10 13:00:00,Lunch,10,1.03,0.31,0.66,7.19,35.67,F139,10.3,3.1,6.6,71.9,1.03,0.31000000000000005,7.190000000000001,35.67
LD05686,HM016,F096,D10,2026-08-10 16:00:00,Evening Snack,5,0.865,2.435,0.59,1.145,29.955,F096,17.3,48.7,11.8,22.9,0.8650000000000001,2.4350000000000005,1.145,29.955
LD05687,HM016,F052,D10,2026-08-10 16:00:00,Evening Snack,5,0.045,0.01,0.06,0.195,1.05,F052,0.9,0.2,1.2,3.9,0.045000000000000005,0.010000000000000002,0.195,1.05
LD05688,HM016,F338,D10,2026-08-10 16:00:00,Evening Snack,10,0.75,0.13,1.15,7.42,33.85,F338,7.5,1.3,11.5,74.2,0.75,0.13,7.420000000000001,33.85
LD05689,HM016,F411,D10,2026-08-10 16:00:00,Evening Snack,10,1.3,0.11,0.39,7.43,35.91,F411,13.0,1.1,3.9,74.3,1.3,0.11000000000000001,7.43,35.910000000000004
LD05690,HM016,F310,D10,2026-08-10 18:30:00,Dinner,260,8.32,0.78,6.24,10.4,81.9,F310,3.2,0.3,2.4,4.0,8.32,0.78,10.4,81.89999999999999
LD05691,HM016,F072,D10,2026-08-10 18:30:00,Dinner,15,1.53,0.45,0.99,10.665,52.83,F072,10.2,3.0,6.6,71.1,1.5299999999999998,0.44999999999999996,10.665,52.82999999999999
LD05692,HM016,F166,D10,2026-08-10 18:30:00,Dinner,165,17.82,0.33,0.0,1.155,78.87,F166,10.8,0.2,0.0,0.7,17.82,0.33,1.1549999999999998,78.87
LD05693,HM016,F219,D10,2026-08-10 18:30:00,Dinner,20,3.46,1.88,1.2,2.06,39.0,F219,17.3,9.4,6.0,10.3,3.4600000000000004,1.8800000000000001,2.06,39.0
LD05694,HM016,F260,D11,2026-08-11 06:30:00,Breakfast,425,2.125,1.275,7.225,43.35,193.375,F260,0.5,0.3,1.7,10.2,2.125,1.275,43.349999999999994,193.375
LD05695,HM016,F386,D11,2026-08-11 06:30:00,Breakfast,65,0.65,0.13,1.82,2.665,14.43,F386,1.0,0.2,2.8,4.1,0.65,0.13,2.665,14.43
LD05696,HM016,F479,D11,2026-08-11 06:30:00,Breakfast,20,0.88,0.38,0.56,4.26,23.98,F479,4.4,1.9,2.8,21.3,0.8800000000000001,0.38,4.260000000000001,23.979999999999997
LD05697,HM016,F029,D11,2026-08-11 09:30:00,Mid snack,10,1.77,4.97,1.18,2.34,61.17,F029,17.7,49.7,11.8,23.4,1.77,4.970000000000001,2.34,61.169999999999995
LD05698,HM016,F083,D11,2026-08-11 09:30:00,Mid snack,25,1.95,0.375,1.75,5.4,32.775,F083,7.8,1.5,7.0,21.6,1.95,0.375,5.4,32.775000000000006
LD05699,HM016,F253,D11,2026-08-11 09:30:00,Mid snack,25,0.225,0.05,0.3,1.025,5.45,F253,0.9,0.2,1.2,4.1,0.225,0.05,1.025,5.45
LD05700,HM016,F107,D11,2026-08-11 13:00:00,Lunch,195,45.825,1.95,0.0,0.0,200.85,F107,23.5,1.0,0.0,0.0,45.824999999999996,1.95,0.0,200.85000000000002
LD05701,HM016,F059,D11,2026-08-11 13:00:00,Lunch,220,1.1,0.66,3.74,21.56,96.58,F059,0.5,0.3,1.7,9.8,1.1,0.66,21.560000000000002,96.58
LD05702,HM016,F466,D11,2026-08-11 16:00:00,Evening Snack,10,0.07,0.02,0.09,1.85,7.86,F466,0.7,0.2,0.9,18.5,0.06999999999999999,0.020000000000000004,1.85,7.86
LD05703,HM016,F447,D11,2026-08-11 16:00:00,Evening Snack,45,0.81,0.18,1.035,2.295,14.04,F447,1.8,0.4,2.3,5.1,0.81,0.18000000000000002,2.295,14.04
LD05704,HM016,F455,D11,2026-08-11 16:00:00,Evening Snack,215,1.505,0.215,1.075,7.955,39.775,F455,0.7,0.1,0.5,3.7,1.505,0.215,7.955,39.775000000000006
LD05705,HM016,F136,D11,2026-08-11 16:00:00,Evening Snack,30,0.78,0.27,0.54,6.84,32.91,F136,2.6,0.9,1.8,22.8,0.78,0.27,6.84,32.910000000000004
LD05706,HM016,F036,D11,2026-08-11 18:30:00,Dinner,10,2.2,0.6,0.0,0.0,14.2,F036,22.0,6.0,0.0,0.0,2.2,0.6000000000000001,0.0,14.2
LD05707,HM016,F487,D11,2026-08-11 18:30:00,Dinner,30,4.98,2.7,1.8,2.97,56.1,F487,16.6,9.0,6.0,9.9,4.98,2.6999999999999997,2.97,56.10000000000001
LD05708,HM016,F070,D11,2026-08-11 18:30:00,Dinner,5,0.36,0.065,0.575,3.53,16.145,F070,7.2,1.3,11.5,70.6,0.36000000000000004,0.065,3.53,16.145
LD05709,HM016,F261,D11,2026-08-11 18:30:00,Dinner,170,3.06,2.04,6.8,32.98,162.52,F261,1.8,1.2,4.0,19.4,3.06,2.04,32.98,162.51999999999998
LD05710,HM016,F191,D12,2026-08-12 06:30:00,Breakfast,75,1.95,0.75,4.05,10.65,57.15,F191,2.6,1.0,5.4,14.2,1.9500000000000002,0.75,10.649999999999999,57.15
LD05711,HM016,F337,D12,2026-08-12 06:30:00,Breakfast,50,1.35,0.45,0.9,11.85,56.85,F337,2.7,0.9,1.8,23.7,1.35,0.45,11.85,56.849999999999994
LD05712,HM016,F438,D12,2026-08-12 06:30:00,Breakfast,25,5.6,1.525,0.0,0.0,36.125,F438,22.4,6.1,0.0,0.0,5.6,1.525,0.0,36.125
LD05713,HM016,F053,D12,2026-08-12 06:30:00,Breakfast,500,3.5,0.5,2.5,18.0,90.5,F053,0.7,0.1,0.5,3.6,3.5,0.5,18.0,90.5
LD05714,HM016,F087,D12,2026-08-12 06:30:00,Breakfast,45,8.055,9.18,0.0,1.125,119.34,F087,17.9,20.4,0.0,2.5,8.055,9.18,1.125,119.34
LD05715,HM016,F438,D12,2026-08-12 09:30:00,Mid snack,70,15.68,4.27,0.0,0.0,101.15,F438,22.4,6.1,0.0,0.0,15.679999999999998,4.27,0.0,101.14999999999999
LD05716,HM016,F017,D12,2026-08-12 09:30:00,Mid snack,5,0.4,0.03,0.25,1.0,5.87,F017,8.0,0.6,5.0,20.0,0.4,0.03,1.0,5.869999999999999
LD05717,HM016,F148,D12,2026-08-12 09:30:00,Mid snack,20,1.42,0.2,1.02,3.96,23.32,F148,7.1,1.0,5.1,19.8,1.42,0.2,3.9600000000000004,23.32
LD05718,HM016,F453,D12,2026-08-12 09:30:00,Mid snack,130,1.3,0.26,3.64,5.33,28.86,F453,1.0,0.2,2.8,4.1,1.3,0.26,5.33,28.86
LD05719,HM016,F021,D12,2026-08-12 13:00:00,Lunch,160,5.6,5.28,0.0,7.52,100.0,F021,3.5,3.3,0.0,4.7,5.6000000000000005,5.28,7.5200000000000005,100.0
LD05720,HM016,F166,D12,2026-08-12 13:00:00,Lunch,500,54.0,1.0,0.0,3.5,239.0,F166,10.8,0.2,0.0,0.7,54.0,1.0,3.5,239.0
LD05721,HM016,F194,D12,2026-08-12 13:00:00,Lunch,105,1.785,1.26,4.2,19.425,96.18,F194,1.7,1.2,4.0,18.5,1.785,1.26,19.425,96.18
LD05722,HM016,F315,D12,2026-08-12 16:00:00,Evening Snack,30,0.51,0.06,0.84,3.03,14.7,F315,1.7,0.2,2.8,10.1,0.51,0.06,3.03,14.7
LD05723,HM016,F137,D12,2026-08-12 16:00:00,Evening Snack,5,0.36,0.065,0.575,3.565,16.285,F137,7.2,1.3,11.5,71.3,0.36000000000000004,0.065,3.565,16.285
LD05724,HM016,F268,D12,2026-08-12 16:00:00,Evening Snack,95,0.855,0.57,4.085,10.07,48.83,F268,0.9,0.6,4.3,10.6,0.855,0.57,10.069999999999999,48.830000000000005
LD05725,HM016,F426,D12,2026-08-12 16:00:00,Evening Snack,5,1.08,2.545,0.625,1.105,31.645,F426,21.6,50.9,12.5,22.1,1.08,2.545,1.1050000000000002,31.645000000000003
LD05726,HM016,F472,D12,2026-08-12 16:00:00,Evening Snack,15,1.095,0.195,1.725,10.8,49.335,F472,7.3,1.3,11.5,72.0,1.095,0.195,10.799999999999999,49.33500000000001
LD05727,HM016,F070,D12,2026-08-12 16:00:00,Evening Snack,5,0.36,0.065,0.575,3.53,16.145,F070,7.2,1.3,11.5,70.6,0.36000000000000004,0.065,3.53,16.145
LD05728,HM016,F090,D12,2026-08-12 18:30:00,Dinner,5,1.265,2.41,0.425,0.79,29.91,F090,25.3,48.2,8.5,15.8,1.2650000000000001,2.41,0.79,29.91
LD05729,HM016,F175,D12,2026-08-12 18:30:00,Dinner,40,7.52,0.6,0.0,0.0,35.48,F175,18.8,1.5,0.0,0.0,7.5200000000000005,0.6000000000000001,0.0,35.48
LD05730,HM016,F008,D12,2026-08-12 18:30:00,Dinner,5,0.35,0.05,0.05,3.85,17.25,F008,7.0,1.0,1.0,77.0,0.35000000000000003,0.05,3.85,17.25
LD05731,HM016,F118,D12,2026-08-12 18:30:00,Dinner,110,1.1,0.22,3.08,4.29,23.54,F118,1.0,0.2,2.8,3.9,1.1,0.22000000000000003,4.29,23.540000000000003
LD05732,HM016,F359,D12,2026-08-12 18:30:00,Dinner,20,4.36,10.28,2.5,4.48,127.88,F359,21.8,51.4,12.5,22.4,4.36,10.280000000000001,4.4799999999999995,127.88
LD05733,HM016,F136,D12,2026-08-12 18:30:00,Dinner,125,3.25,1.125,2.25,28.5,137.125,F136,2.6,0.9,1.8,22.8,3.25,1.125,28.5,137.125
LD05734,HM016,F439,D13,2026-08-13 06:30:00,Breakfast,70,14.28,3.57,0.0,0.0,89.25,F439,20.4,5.1,0.0,0.0,14.279999999999998,3.5699999999999994,0.0,89.25
LD05735,HM016,F057,D13,2026-08-13 06:30:00,Breakfast,90,2.34,0.9,4.86,12.87,68.94,F057,2.6,1.0,5.4,14.3,2.3400000000000003,0.9,12.870000000000001,68.94
LD05736,HM016,F007,D13,2026-08-13 06:30:00,Breakfast,30,3.96,1.95,3.03,20.31,114.63,F007,13.2,6.5,10.1,67.7,3.9599999999999995,1.95,20.31,114.63
LD05737,HM016,F402,D13,2026-08-13 06:30:00,Breakfast,115,1.035,0.69,4.945,12.075,58.65,F402,0.9,0.6,4.3,10.5,1.035,0.69,12.075,58.65
LD05738,HM016,F252,D13,2026-08-13 06:30:00,Breakfast,85,0.85,0.17,2.38,3.57,19.21,F252,1.0,0.2,2.8,4.2,0.85,0.17,3.57,19.21
LD05739,HM016,F444,D13,2026-08-13 06:30:00,Breakfast,5,0.155,0.015,0.12,0.195,1.535,F444,3.1,0.3,2.4,3.9,0.15500000000000003,0.015,0.195,1.535
LD05740,HM016,F078,D13,2026-08-13 09:30:00,Mid snack,5,0.435,0.125,0.38,1.345,8.245,F078,8.7,2.5,7.6,26.9,0.435,0.125,1.345,8.245000000000001
LD05741,HM016,F302,D13,2026-08-13 09:30:00,Mid snack,45,12.285,5.13,0.0,0.0,95.31,F302,27.3,11.4,0.0,0.0,12.285,5.13,0.0,95.31
LD05742,HM016,F121,D13,2026-08-13 09:30:00,Mid snack,115,1.265,0.115,1.955,10.465,47.955,F121,1.1,0.1,1.7,9.1,1.265,0.11499999999999999,10.464999999999998,47.955
LD05743,HM016,F493,D13,2026-08-13 13:00:00,Lunch,25,5.3,12.475,3.125,5.425,155.175,F493,21.2,49.9,12.5,21.7,5.3,12.475,5.425,155.17499999999998
LD05744,HM016,F327,D13,2026-08-13 13:00:00,Lunch,425,2.125,1.275,7.225,43.775,195.075,F327,0.5,0.3,1.7,10.3,2.125,1.275,43.775000000000006,195.075
LD05745,HM016,F130,D13,2026-08-13 13:00:00,Lunch,140,0.7,0.14,1.96,17.92,75.74,F130,0.5,0.1,1.4,12.8,0.7,0.13999999999999999,17.919999999999998,75.74000000000001
LD05746,HM016,F447,D13,2026-08-13 16:00:00,Evening Snack,10,0.18,0.04,0.23,0.51,3.12,F447,1.8,0.4,2.3,5.1,0.18000000000000002,0.04000000000000001,0.51,3.1199999999999997
LD05747,HM016,F393,D13,2026-08-13 16:00:00,Evening Snack,130,1.17,0.13,3.12,15.86,69.29,F393,0.9,0.1,2.4,12.2,1.1700000000000002,0.13,15.86,69.29
LD05748,HM016,F397,D13,2026-08-13 16:00:00,Evening Snack,90,0.72,0.36,1.44,13.95,61.92,F397,0.8,0.4,1.6,15.5,0.7200000000000001,0.36000000000000004,13.950000000000001,61.92
LD05749,HM016,F318,D13,2026-08-13 16:00:00,Evening Snack,40,0.24,0.04,0.48,1.44,7.08,F318,0.6,0.1,1.2,3.6,0.24,0.04000000000000001,1.4400000000000002,7.08
LD05750,HM016,F245,D13,2026-08-13 18:30:00,Dinner,500,12.5,2.0,16.5,37.5,218.0,F245,2.5,0.4,3.3,7.5,12.5,2.0,37.5,218.0
LD05751,HM016,F389,D13,2026-08-13 18:30:00,Dinner,35,0.385,0.035,0.595,3.36,15.295,F389,1.1,0.1,1.7,9.6,0.385,0.034999999999999996,3.36,15.295
LD05752,HM016,F163,D13,2026-08-13 18:30:00,Dinner,5,0.875,2.46,0.59,1.16,30.28,F163,17.5,49.2,11.8,23.2,0.875,2.4600000000000004,1.16,30.28
LD05753,HM016,F135,D13,2026-08-13 18:30:00,Dinner,25,0.675,0.075,0.1,6.975,31.275,F135,2.7,0.3,0.4,27.9,0.675,0.075,6.975,31.275
LD05754,HM016,F301,D14,2026-08-14 06:30:00,Breakfast,100,32.6,3.8,0.0,0.0,164.6,F301,32.6,3.8,0.0,0.0,32.6,3.8,0.0,164.6
LD05755,HM016,F204,D14,2026-08-14 06:30:00,Breakfast,5,0.38,0.07,0.575,3.745,17.13,F204,7.6,1.4,11.5,74.9,0.38,0.06999999999999999,3.7450000000000006,17.13
LD05756,HM016,F415,D14,2026-08-14 06:30:00,Breakfast,95,6.745,0.38,7.22,18.62,104.88,F415,7.1,0.4,7.6,19.6,6.744999999999999,0.38,18.62,104.88000000000001
LD05757,HM016,F362,D14,2026-08-14 09:30:00,Mid snack,10,1.7,3.16,3.44,4.34,52.6,F362,17.0,31.6,34.4,43.4,1.7000000000000002,3.16,4.34,52.6
LD05758,HM016,F280,D14,2026-08-14 09:30:00,Mid snack,30,2.73,0.15,1.92,7.17,40.95,F280,9.1,0.5,6.4,23.9,2.73,0.15,7.169999999999999,40.95
LD05759,HM016,F205,D14,2026-08-14 13:00:00,Lunch,45,5.13,2.34,4.95,31.365,167.04,F205,11.4,5.2,11.0,69.7,5.13,2.3400000000000003,31.365000000000002,167.04
LD05760,HM016,F418,D14,2026-08-14 13:00:00,Lunch,115,9.43,1.725,8.05,25.76,156.285,F418,8.2,1.5,7.0,22.4,9.429999999999998,1.7249999999999999,25.759999999999998,156.285
LD05761,HM016,F297,D14,2026-08-14 16:00:00,Evening Snack,5,0.93,2.61,0.59,1.23,32.13,F297,18.6,52.2,11.8,24.6,0.9300000000000002,2.6100000000000003,1.2300000000000002,32.129999999999995
LD05762,HM016,F044,D14,2026-08-14 16:00:00,Evening Snack,130,3.12,0.52,4.29,9.36,54.6,F044,2.4,0.4,3.3,7.2,3.12,0.52,9.360000000000001,54.6
LD05763,HM016,F364,D14,2026-08-14 16:00:00,Evening Snack,5,0.91,2.56,0.59,1.205,31.5,F364,18.2,51.2,11.8,24.1,0.91,2.5600000000000005,1.205,31.5
LD05764,HM016,F315,D14,2026-08-14 18:30:00,Dinner,140,2.38,0.28,3.92,14.14,68.6,F315,1.7,0.2,2.8,10.1,2.38,0.27999999999999997,14.139999999999999,68.6
LD05765,HM016,F060,D14,2026-08-14 18:30:00,Dinner,85,1.445,1.02,3.4,15.895,78.54,F060,1.7,1.2,4.0,18.7,1.4449999999999998,1.02,15.895,78.53999999999999
LD05766,HM016,F406,D14,2026-08-14 18:30:00,Dinner,30,3.36,1.53,3.3,20.49,109.17,F406,11.2,5.1,11.0,68.3,3.36,1.5299999999999998,20.49,109.16999999999999
LD05767,HM016,F396,D15,2026-08-15 06:30:00,Breakfast,60,0.36,0.12,0.24,4.68,21.24,F396,0.6,0.2,0.4,7.8,0.36,0.12,4.68,21.240000000000002
LD05768,HM016,F107,D15,2026-08-15 06:30:00,Breakfast,90,21.15,0.9,0.0,0.0,92.7,F107,23.5,1.0,0.0,0.0,21.150000000000002,0.9,0.0,92.69999999999999
LD05769,HM016,F365,D15,2026-08-15 06:30:00,Breakfast,5,1.555,2.53,0.3,0.55,31.19,F365,31.1,50.6,6.0,11.0,1.5550000000000002,2.5300000000000002,0.55,31.189999999999998
LD05770,HM016,F346,D15,2026-08-15 06:30:00,Breakfast,35,3.22,0.945,2.66,9.87,60.865,F346,9.2,2.7,7.6,28.2,3.2199999999999998,0.945,9.87,60.864999999999995
LD05771,HM016,F147,D15,2026-08-15 13:00:00,Lunch,115,7.935,0.46,8.74,21.85,123.28,F147,6.9,0.4,7.6,19.0,7.935,0.45999999999999996,21.849999999999998,123.28
LD05772,HM016,F036,D15,2026-08-15 13:00:00,Lunch,60,13.2,3.6,0.0,0.0,85.2,F036,22.0,6.0,0.0,0.0,13.2,3.5999999999999996,0.0,85.19999999999999
LD05773,HM016,F282,D15,2026-08-15 18:30:00,Dinner,10,0.76,0.11,0.51,2.1,12.43,F282,7.6,1.1,5.1,21.0,0.76,0.11000000000000001,2.1,12.430000000000001
LD05774,HM016,F257,D15,2026-08-15 18:30:00,Dinner,5,0.055,0.015,0.13,1.185,5.095,F257,1.1,0.3,2.6,23.7,0.05500000000000001,0.015,1.185,5.095
LD05775,HM016,F259,D15,2026-08-15 18:30:00,Dinner,230,2.07,0.23,5.52,28.29,123.51,F259,0.9,0.1,2.4,12.3,2.07,0.22999999999999998,28.29,123.50999999999999
LD05776,HM016,F359,D15,2026-08-15 18:30:00,Dinner,5,1.09,2.57,0.625,1.12,31.97,F359,21.8,51.4,12.5,22.4,1.09,2.5700000000000003,1.1199999999999999,31.97
LD05777,HM016,F120,D16,2026-08-16 06:30:00,Breakfast,385,2.695,0.385,1.925,13.475,68.145,F120,0.7,0.1,0.5,3.5,2.695,0.385,13.475,68.145
LD05778,HM016,F086,D16,2026-08-16 06:30:00,Breakfast,65,5.07,3.055,0.195,1.235,52.715,F086,7.8,4.7,0.3,1.9,5.07,3.055,1.2349999999999999,52.715
LD05779,HM016,F202,D16,2026-08-16 06:30:00,Breakfast,10,0.28,0.03,0.04,2.93,13.11,F202,2.8,0.3,0.4,29.3,0.27999999999999997,0.03,2.93,13.11
LD05780,HM016,F452,D16,2026-08-16 06:30:00,Breakfast,500,3.0,0.5,6.0,17.5,86.5,F452,0.6,0.1,1.2,3.5,3.0,0.5,17.5,86.5
LD05781,HM016,F283,D16,2026-08-16 06:30:00,Breakfast,70,6.65,0.28,5.53,14.7,87.92,F283,9.5,0.4,7.9,21.0,6.6499999999999995,0.27999999999999997,14.7,87.92
LD05782,HM016,F148,D16,2026-08-16 06:30:00,Breakfast,15,1.065,0.15,0.765,2.97,17.49,F148,7.1,1.0,5.1,19.8,1.065,0.15,2.97,17.490000000000002
LD05783,HM016,F039,D16,2026-08-16 09:30:00,Mid snack,15,4.35,0.15,0.0,0.0,18.75,F039,29.0,1.0,0.0,0.0,4.35,0.15,0.0,18.75
LD05784,HM016,F349,D16,2026-08-16 09:30:00,Mid snack,40,2.96,0.4,2.04,8.24,48.4,F349,7.4,1.0,5.1,20.6,2.9600000000000004,0.4,8.24,48.4
LD05785,HM016,F256,D16,2026-08-16 09:30:00,Mid snack,160,5.12,0.48,1.6,5.44,46.56,F256,3.2,0.3,1.0,3.4,5.120000000000001,0.48,5.44,46.56
LD05786,HM016,F186,D16,2026-08-16 09:30:00,Mid snack,40,0.36,0.08,0.48,1.56,8.4,F186,0.9,0.2,1.2,3.9,0.36000000000000004,0.08000000000000002,1.56,8.4
LD05787,HM016,F224,D16,2026-08-16 09:30:00,Mid snack,5,1.34,2.56,0.425,0.835,31.74,F224,26.8,51.2,8.5,16.7,1.34,2.5600000000000005,0.835,31.74
LD05788,HM016,F319,D16,2026-08-16 13:00:00,Lunch,25,0.275,0.05,0.7,1.05,5.75,F319,1.1,0.2,2.8,4.2,0.275,0.05,1.05,5.750000000000001
LD05789,HM016,F343,D16,2026-08-16 13:00:00,Lunch,35,2.52,0.35,0.35,27.755,124.25,F343,7.2,1.0,1.0,79.3,2.52,0.35,27.755,124.25
LD05790,HM016,F447,D16,2026-08-16 13:00:00,Lunch,430,7.74,1.72,9.89,21.93,134.16,F447,1.8,0.4,2.3,5.1,7.74,1.72,21.929999999999996,134.16
LD05791,HM016,F336,D16,2026-08-16 13:00:00,Lunch,30,0.84,0.09,0.12,8.7,38.97,F336,2.8,0.3,0.4,29.0,0.84,0.09,8.7,38.97
LD05792,HM016,F028,D16,2026-08-16 13:00:00,Lunch,10,1.83,4.22,2.73,2.89,56.86,F028,18.3,42.2,27.3,28.9,1.83,4.220000000000001,2.89,56.86
LD05793,HM016,F115,D16,2026-08-16 13:00:00,Lunch,130,2.47,0.26,4.16,9.49,50.18,F115,1.9,0.2,3.2,7.3,2.4699999999999998,0.26,9.49,50.18000000000001
LD05794,HM016,F394,D16,2026-08-16 16:00:00,Evening Snack,15,0.075,0.045,0.255,1.515,6.765,F394,0.5,0.3,1.7,10.1,0.075,0.045,1.515,6.765
LD05795,HM016,F456,D16,2026-08-16 16:00:00,Evening Snack,45,0.495,0.045,0.765,4.275,19.485,F456,1.1,0.1,1.7,9.5,0.49500000000000005,0.045000000000000005,4.275,19.485000000000003
LD05796,HM016,F406,D16,2026-08-16 16:00:00,Evening Snack,5,0.56,0.255,0.55,3.415,18.195,F406,11.2,5.1,11.0,68.3,0.5599999999999999,0.255,3.415,18.195
LD05797,HM016,F064,D16,2026-08-16 16:00:00,Evening Snack,85,0.595,0.17,0.765,15.385,65.45,F064,0.7,0.2,0.9,18.1,0.595,0.17,15.385000000000002,65.45
LD05798,HM016,F200,D16,2026-08-16 16:00:00,Evening Snack,10,0.31,0.05,0.37,7.84,33.05,F200,3.1,0.5,3.7,78.4,0.31000000000000005,0.05,7.840000000000001,33.050000000000004
LD05799,HM016,F436,D16,2026-08-16 18:30:00,Dinner,10,2.65,1.11,0.0,0.0,20.59,F436,26.5,11.1,0.0,0.0,2.6500000000000004,1.11,0.0,20.59
LD05800,HM016,F216,D16,2026-08-16 18:30:00,Dinner,80,7.52,0.32,6.32,16.64,99.52,F216,9.4,0.4,7.9,20.8,7.5200000000000005,0.32000000000000006,16.64,99.52
LD05801,HM016,F268,D16,2026-08-16 18:30:00,Dinner,25,0.225,0.15,1.075,2.65,12.85,F268,0.9,0.6,4.3,10.6,0.225,0.15,2.65,12.85
LD05802,HM016,F235,D16,2026-08-16 18:30:00,Dinner,25,6.75,2.825,0.0,0.0,52.425,F235,27.0,11.3,0.0,0.0,6.75,2.825,0.0,52.425
LD05803,HM016,F003,D16,2026-08-16 18:30:00,Dinner,35,2.555,0.455,4.025,25.2,115.115,F003,7.3,1.3,11.5,72.0,2.5549999999999997,0.45499999999999996,25.2,115.115
LD05804,HM016,F297,D16,2026-08-16 18:30:00,Dinner,5,0.93,2.61,0.59,1.23,32.13,F297,18.6,52.2,11.8,24.6,0.9300000000000002,2.6100000000000003,1.2300000000000002,32.129999999999995
LD05805,HM016,F114,D17,2026-08-17 06:30:00,Breakfast,80,1.28,0.16,2.24,7.52,36.64,F114,1.6,0.2,2.8,9.4,1.2800000000000002,0.16000000000000003,7.5200000000000005,36.63999999999999
LD05806,HM016,F191,D17,2026-08-17 06:30:00,Breakfast,280,7.28,2.8,15.12,39.76,213.36,F191,2.6,1.0,5.4,14.2,7.279999999999999,2.8,39.76,213.35999999999999
LD05807,HM016,F040,D17,2026-08-17 09:30:00,Mid snack,85,20.4,0.85,0.0,0.0,89.25,F040,24.0,1.0,0.0,0.0,20.4,0.85,0.0,89.25
LD05808,HM016,F212,D17,2026-08-17 09:30:00,Mid snack,10,0.93,0.27,0.76,2.85,17.55,F212,9.3,2.7,7.6,28.5,0.9300000000000002,0.27,2.85,17.55
LD05809,HM016,F248,D17,2026-08-17 13:00:00,Lunch,310,5.27,0.62,8.68,31.0,150.66,F248,1.7,0.2,2.8,10.0,5.27,0.6200000000000001,31.0,150.66
LD05810,HM016,F409,D17,2026-08-17 13:00:00,Lunch,25,3.375,1.65,2.525,17.275,97.45,F409,13.5,6.6,10.1,69.1,3.375,1.65,17.275,97.44999999999999
LD05811,HM016,F327,D17,2026-08-17 13:00:00,Lunch,115,0.575,0.345,1.955,11.845,52.785,F327,0.5,0.3,1.7,10.3,0.575,0.345,11.845,52.785
LD05812,HM016,F467,D17,2026-08-17 13:00:00,Lunch,5,0.09,0.01,0.335,3.825,15.75,F467,1.8,0.2,6.7,76.5,0.09000000000000001,0.010000000000000002,3.825,15.75
LD05813,HM016,F076,D17,2026-08-17 16:00:00,Evening Snack,25,3.1,0.275,0.975,17.825,86.175,F076,12.4,1.1,3.9,71.3,3.1,0.275,17.825,86.175
LD05814,HM016,F410,D17,2026-08-17 16:00:00,Evening Snack,10,0.71,0.1,0.1,7.85,35.14,F410,7.1,1.0,1.0,78.5,0.71,0.1,7.8500000000000005,35.13999999999999
LD05815,HM016,F316,D17,2026-08-17 18:30:00,Dinner,80,1.6,0.16,2.56,6.32,33.12,F316,2.0,0.2,3.2,7.9,1.6,0.16000000000000003,6.32,33.12
LD05816,HM016,F113,D17,2026-08-17 18:30:00,Dinner,500,4.5,1.0,14.0,47.0,215.0,F113,0.9,0.2,2.8,9.4,4.5,1.0,47.0,215.0
LD05817,HM016,F205,D18,2026-08-18 06:30:00,Breakfast,30,3.42,1.56,3.3,20.91,111.36,F205,11.4,5.2,11.0,69.7,3.42,1.56,20.91,111.36
LD05818,HM016,F130,D18,2026-08-18 06:30:00,Breakfast,65,0.325,0.065,0.91,8.32,35.165,F130,0.5,0.1,1.4,12.8,0.325,0.065,8.32,35.165
LD05819,HM016,F218,D18,2026-08-18 09:30:00,Mid snack,10,0.83,0.06,0.5,2.08,12.18,F218,8.3,0.6,5.0,20.8,0.8300000000000001,0.06,2.08,12.18
LD05820,HM016,F013,D18,2026-08-18 09:30:00,Mid snack,35,2.45,0.14,2.66,6.72,37.94,F013,7.0,0.4,7.6,19.2,2.4499999999999997,0.13999999999999999,6.72,37.94
LD05821,HM016,F192,D18,2026-08-18 09:30:00,Mid snack,5,0.045,0.005,0.12,0.585,2.565,F192,0.9,0.1,2.4,11.7,0.045000000000000005,0.005000000000000001,0.585,2.565
LD05822,HM016,F233,D18,2026-08-18 13:00:00,Lunch,70,7.91,0.14,0.0,0.49,34.86,F233,11.3,0.2,0.0,0.7,7.91,0.13999999999999999,0.48999999999999994,34.86
LD05823,HM016,F386,D18,2026-08-18 13:00:00,Lunch,280,2.8,0.56,7.84,11.48,62.16,F386,1.0,0.2,2.8,4.1,2.8,0.5599999999999999,11.479999999999999,62.160000000000004
LD05824,HM016,F332,D18,2026-08-18 13:00:00,Lunch,60,0.42,0.12,0.54,11.4,48.36,F332,0.7,0.2,0.9,19.0,0.42,0.12,11.4,48.36
LD05825,HM016,F460,D18,2026-08-18 13:00:00,Lunch,35,0.315,0.035,0.84,4.2,18.375,F460,0.9,0.1,2.4,12.0,0.315,0.034999999999999996,4.199999999999999,18.375000000000004
LD05826,HM016,F123,D18,2026-08-18 16:00:00,Evening Snack,25,0.275,0.075,0.65,5.575,24.075,F123,1.1,0.3,2.6,22.3,0.275,0.075,5.575,24.075000000000003
LD05827,HM016,F358,D18,2026-08-18 16:00:00,Evening Snack,5,1.33,2.535,0.425,0.83,31.455,F358,26.6,50.7,8.5,16.6,1.33,2.535,0.8300000000000001,31.455000000000002
LD05828,HM016,F412,D18,2026-08-18 18:30:00,Dinner,5,0.225,0.095,0.14,1.085,6.095,F412,4.5,1.9,2.8,21.7,0.225,0.095,1.085,6.095000000000001
LD05829,HM016,F382,D18,2026-08-18 18:30:00,Dinner,135,2.16,0.27,3.78,13.365,64.53,F382,1.6,0.2,2.8,9.9,2.16,0.27,13.365000000000002,64.53
LD05830,HM016,F080,D18,2026-08-18 18:30:00,Dinner,5,0.345,0.02,0.38,0.94,5.32,F080,6.9,0.4,7.6,18.8,0.34500000000000003,0.020000000000000004,0.9400000000000001,5.319999999999999
LD05831,HM016,F176,D18,2026-08-18 18:30:00,Dinner,220,6.6,0.66,5.28,8.36,65.78,F176,3.0,0.3,2.4,3.8,6.6000000000000005,0.66,8.36,65.78
LD05832,HM016,F252,D19,2026-08-19 06:30:00,Breakfast,80,0.8,0.16,2.24,3.36,18.08,F252,1.0,0.2,2.8,4.2,0.8,0.16000000000000003,3.3600000000000003,18.080000000000002
LD05833,HM016,F497,D19,2026-08-19 06:30:00,Breakfast,10,1.83,4.22,2.73,2.89,56.86,F497,18.3,42.2,27.3,28.9,1.83,4.220000000000001,2.89,56.86
LD05834,HM016,F466,D19,2026-08-19 06:30:00,Breakfast,85,0.595,0.17,0.765,15.725,66.81,F466,0.7,0.2,0.9,18.5,0.595,0.17,15.725,66.81
LD05835,HM016,F363,D19,2026-08-19 09:30:00,Mid snack,5,0.94,2.175,1.365,1.49,29.295,F363,18.8,43.5,27.3,29.8,0.9400000000000001,2.1750000000000003,1.4900000000000002,29.294999999999998
LD05836,HM016,F159,D19,2026-08-19 09:30:00,Mid snack,5,0.9,2.17,0.165,1.495,29.11,F159,18.0,43.4,3.3,29.9,0.9,2.17,1.495,29.11
LD05837,HM016,F297,D19,2026-08-19 09:30:00,Mid snack,5,0.93,2.61,0.59,1.23,32.13,F297,18.6,52.2,11.8,24.6,0.9300000000000002,2.6100000000000003,1.2300000000000002,32.129999999999995
LD05838,HM016,F265,D19,2026-08-19 13:00:00,Lunch,120,0.84,0.24,1.08,22.56,95.76,F265,0.7,0.2,0.9,18.8,0.84,0.24,22.56,95.75999999999999
LD05839,HM016,F059,D19,2026-08-19 13:00:00,Lunch,195,0.975,0.585,3.315,19.11,85.605,F059,0.5,0.3,1.7,9.8,0.975,0.585,19.11,85.605
LD05840,HM016,F111,D19,2026-08-19 16:00:00,Evening Snack,100,2.4,0.4,3.3,7.1,41.6,F111,2.4,0.4,3.3,7.1,2.4,0.4,7.1,41.6
LD05841,HM016,F091,D19,2026-08-19 16:00:00,Evening Snack,5,1.04,2.445,0.625,1.065,30.425,F091,20.8,48.9,12.5,21.3,1.04,2.4450000000000003,1.0650000000000002,30.424999999999997
LD05842,HM016,F117,D19,2026-08-19 16:00:00,Evening Snack,5,0.03,0.005,0.06,0.165,0.825,F117,0.6,0.1,1.2,3.3,0.03,0.005000000000000001,0.165,0.8250000000000001
LD05843,HM016,F068,D19,2026-08-19 18:30:00,Dinner,80,2.08,0.24,0.32,22.08,98.8,F068,2.6,0.3,0.4,27.6,2.08,0.24,22.080000000000002,98.79999999999998
LD05844,HM016,F427,D19,2026-08-19 18:30:00,Dinner,5,0.93,2.235,0.165,1.54,29.995,F427,18.6,44.7,3.3,30.8,0.9300000000000002,2.2350000000000003,1.54,29.994999999999997
LD05845,HM016,F357,D19,2026-08-19 18:30:00,Dinner,60,1.98,2.04,0.0,2.94,38.04,F357,3.3,3.4,0.0,4.9,1.9799999999999998,2.04,2.94,38.04
LD05846,HM016,F246,D20,2026-08-20 06:30:00,Breakfast,135,2.565,0.54,3.105,7.02,43.2,F246,1.9,0.4,2.3,5.2,2.565,0.54,7.0200000000000005,43.199999999999996
LD05847,HM016,F141,D20,2026-08-20 06:30:00,Breakfast,55,7.205,3.52,5.555,36.85,207.9,F141,13.1,6.4,10.1,67.0,7.205,3.5200000000000005,36.85,207.9
LD05848,HM016,F350,D20,2026-08-20 09:30:00,Mid snack,35,3.255,0.14,2.765,7.21,43.12,F350,9.3,0.4,7.9,20.6,3.255,0.13999999999999999,7.21,43.12
LD05849,HM016,F296,D20,2026-08-20 09:30:00,Mid snack,10,1.92,4.43,2.73,3.03,59.67,F296,19.2,44.3,27.3,30.3,1.92,4.43,3.0300000000000002,59.669999999999995
LD05850,HM016,F442,D20,2026-08-20 13:00:00,Lunch,110,26.95,1.1,0.0,0.0,117.7,F442,24.5,1.0,0.0,0.0,26.950000000000003,1.1,0.0,117.7
LD05851,HM016,F225,D20,2026-08-20 13:00:00,Lunch,30,6.6,15.57,3.75,6.78,193.65,F225,22.0,51.9,12.5,22.6,6.6,15.569999999999999,6.78,193.64999999999998
LD05852,HM016,F126,D20,2026-08-20 16:00:00,Evening Snack,165,0.825,0.495,2.805,15.84,71.115,F126,0.5,0.3,1.7,9.6,0.825,0.49499999999999994,15.839999999999998,71.115
LD05853,HM016,F333,D20,2026-08-20 16:00:00,Evening Snack,10,0.19,0.02,0.67,7.88,32.46,F333,1.9,0.2,6.7,78.8,0.19,0.020000000000000004,7.88,32.46
LD05854,HM016,F332,D20,2026-08-20 18:30:00,Dinner,20,0.14,0.04,0.18,3.8,16.12,F332,0.7,0.2,0.9,19.0,0.13999999999999999,0.04000000000000001,3.8000000000000003,16.12
LD05855,HM016,F109,D20,2026-08-20 18:30:00,Dinner,210,6.09,0.63,5.04,7.77,61.11,F109,2.9,0.3,2.4,3.7,6.09,0.63,7.7700000000000005,61.11
LD05856,HM016,F108,D20,2026-08-20 18:30:00,Dinner,55,10.23,0.825,0.0,0.0,48.345,F108,18.6,1.5,0.0,0.0,10.230000000000002,0.8250000000000001,0.0,48.345
LD05857,HM016,F140,D20,2026-08-20 18:30:00,Dinner,35,4.76,0.665,4.27,25.165,125.685,F140,13.6,1.9,12.2,71.9,4.76,0.6649999999999999,25.165,125.68499999999999
LD05858,HM016,F004,D21,2026-08-21 06:30:00,Breakfast,30,3.3,1.5,3.3,20.1,107.1,F004,11.0,5.0,11.0,67.0,3.3,1.5,20.099999999999998,107.10000000000001
LD05859,HM016,F048,D21,2026-08-21 06:30:00,Breakfast,5,0.095,0.01,0.16,0.375,1.97,F048,1.9,0.2,3.2,7.5,0.095,0.010000000000000002,0.375,1.97
LD05860,HM016,F388,D21,2026-08-21 06:30:00,Breakfast,495,3.465,0.495,2.475,18.315,91.575,F388,0.7,0.1,0.5,3.7,3.465,0.49500000000000005,18.315,91.575
LD05861,HM016,F454,D21,2026-08-21 09:30:00,Mid snack,140,1.26,0.28,1.68,5.6,29.96,F454,0.9,0.2,1.2,4.0,1.26,0.27999999999999997,5.6,29.959999999999997
LD05862,HM016,F389,D21,2026-08-21 09:30:00,Mid snack,120,1.32,0.12,2.04,11.52,52.44,F389,1.1,0.1,1.7,9.6,1.32,0.12,11.52,52.44
LD05863,HM016,F298,D21,2026-08-21 13:00:00,Lunch,10,3.17,5.16,0.6,1.12,63.6,F298,31.7,51.6,6.0,11.2,3.17,5.16,1.1199999999999999,63.599999999999994
LD05864,HM016,F110,D21,2026-08-21 13:00:00,Lunch,60,3.54,0.6,4.8,4.68,38.28,F110,5.9,1.0,8.0,7.8,3.54,0.6,4.68,38.279999999999994
LD05865,HM016,F116,D21,2026-08-21 13:00:00,Lunch,70,0.7,0.14,2.1,4.13,20.58,F116,1.0,0.2,3.0,5.9,0.7,0.13999999999999999,4.13,20.580000000000002
LD05866,HM016,F409,D21,2026-08-21 13:00:00,Lunch,30,4.05,1.98,3.03,20.73,116.94,F409,13.5,6.6,10.1,69.1,4.05,1.9799999999999998,20.729999999999997,116.94
LD05867,HM016,F333,D21,2026-08-21 18:30:00,Dinner,10,0.19,0.02,0.67,7.88,32.46,F333,1.9,0.2,6.7,78.8,0.19,0.020000000000000004,7.88,32.46
LD05868,HM016,F403,D21,2026-08-21 18:30:00,Dinner,25,0.7,0.075,0.1,7.2,32.275,F403,2.8,0.3,0.4,28.8,0.7,0.075,7.2,32.275
LD05869,HM016,F312,D21,2026-08-21 18:30:00,Dinner,10,0.25,0.04,0.33,0.76,4.4,F312,2.5,0.4,3.3,7.6,0.25,0.04000000000000001,0.76,4.4
LD05870,HM016,F330,D21,2026-08-21 18:30:00,Dinner,205,1.64,0.82,3.28,32.39,143.5,F330,0.8,0.4,1.6,15.8,1.64,0.82,32.39,143.5
LD05871,HM016,F456,D22,2026-08-22 06:30:00,Breakfast,325,3.575,0.325,5.525,30.875,140.725,F456,1.1,0.1,1.7,9.5,3.575,0.325,30.875,140.72500000000002
LD05872,HM016,F099,D22,2026-08-22 06:30:00,Breakfast,65,6.955,0.13,0.0,0.455,30.81,F099,10.7,0.2,0.0,0.7,6.955,0.13,0.45499999999999996,30.810000000000002
LD05873,HM016,F475,D22,2026-08-22 06:30:00,Breakfast,5,0.685,0.095,0.61,3.63,18.115,F475,13.7,1.9,12.2,72.6,0.685,0.095,3.63,18.115
LD05874,HM016,F477,D22,2026-08-22 13:00:00,Lunch,20,1.4,0.2,0.2,15.4,69.0,F477,7.0,1.0,1.0,77.0,1.4000000000000001,0.2,15.4,69.0
LD05875,HM016,F293,D22,2026-08-22 13:00:00,Lunch,20,3.82,9.2,0.66,6.34,123.44,F293,19.1,46.0,3.3,31.7,3.8200000000000003,9.200000000000001,6.34,123.44
LD05876,HM016,F172,D22,2026-08-22 13:00:00,Lunch,25,6.2,2.725,0.0,0.0,49.325,F172,24.8,10.9,0.0,0.0,6.2,2.725,0.0,49.325
LD05877,HM016,F244,D22,2026-08-22 16:00:00,Evening Snack,20,1.24,0.2,1.6,1.66,13.4,F244,6.2,1.0,8.0,8.3,1.2400000000000002,0.2,1.6600000000000001,13.4
LD05878,HM016,F204,D22,2026-08-22 16:00:00,Evening Snack,10,0.76,0.14,1.15,7.49,34.26,F204,7.6,1.4,11.5,74.9,0.76,0.13999999999999999,7.490000000000001,34.26
LD05879,HM016,F053,D22,2026-08-22 16:00:00,Evening Snack,180,1.26,0.18,0.9,6.48,32.58,F053,0.7,0.1,0.5,3.6,1.26,0.18000000000000002,6.48,32.58
LD05880,HM016,F123,D22,2026-08-22 18:30:00,Dinner,85,0.935,0.255,2.21,18.955,81.855,F123,1.1,0.3,2.6,22.3,0.935,0.255,18.955000000000002,81.85499999999999
LD05881,HM016,F285,D22,2026-08-22 18:30:00,Dinner,30,2.52,0.18,1.5,6.3,36.9,F285,8.4,0.6,5.0,21.0,2.52,0.18,6.3,36.9
LD05882,HM016,F281,D22,2026-08-22 18:30:00,Dinner,65,4.81,0.26,4.94,13.13,74.1,F281,7.4,0.4,7.6,20.2,4.8100000000000005,0.26,13.13,74.10000000000001
LD05883,HM017,F370,D01,2026-08-01 06:30:00,Breakfast,5,1.29,0.875,0.0,0.0,13.035,F370,25.8,17.5,0.0,0.0,1.29,0.875,0.0,13.035
LD05884,HM017,F266,D01,2026-08-01 06:30:00,Breakfast,30,0.57,0.06,2.01,23.4,96.42,F266,1.9,0.2,6.7,78.0,0.57,0.06,23.4,96.42
LD05885,HM017,F339,D01,2026-08-01 06:30:00,Breakfast,15,1.695,0.78,1.65,10.35,55.2,F339,11.3,5.2,11.0,69.0,1.695,0.78,10.35,55.2
LD05886,HM017,F259,D01,2026-08-01 06:30:00,Breakfast,30,0.27,0.03,0.72,3.69,16.11,F259,0.9,0.1,2.4,12.3,0.27,0.03,3.69,16.11
LD05887,HM017,F234,D01,2026-08-01 13:00:00,Lunch,95,30.59,3.515,0.0,0.0,153.995,F234,32.2,3.7,0.0,0.0,30.59,3.515,0.0,153.995
LD05888,HM017,F404,D01,2026-08-01 13:00:00,Lunch,50,1.35,0.45,0.9,11.75,56.45,F404,2.7,0.9,1.8,23.5,1.35,0.45,11.75,56.449999999999996
LD05889,HM017,F464,D01,2026-08-01 13:00:00,Lunch,20,0.16,0.08,0.32,3.06,13.6,F464,0.8,0.4,1.6,15.3,0.16000000000000003,0.08000000000000002,3.0600000000000005,13.600000000000001
LD05890,HM017,F476,D01,2026-08-01 16:00:00,Evening Snack,5,0.66,0.325,0.505,3.385,19.105,F476,13.2,6.5,10.1,67.7,0.66,0.325,3.3850000000000002,19.105
LD05891,HM017,F193,D01,2026-08-01 16:00:00,Evening Snack,75,0.375,0.225,1.275,7.275,32.625,F193,0.5,0.3,1.7,9.7,0.375,0.22499999999999998,7.2749999999999995,32.625
LD05892,HM017,F397,D01,2026-08-01 16:00:00,Evening Snack,55,0.44,0.22,0.88,8.525,37.84,F397,0.8,0.4,1.6,15.5,0.44000000000000006,0.22000000000000003,8.525,37.839999999999996
LD05893,HM017,F154,D01,2026-08-01 18:30:00,Dinner,45,8.145,9.27,0.0,1.125,120.51,F154,18.1,20.6,0.0,2.5,8.145000000000001,9.270000000000001,1.125,120.50999999999999
LD05894,HM017,F164,D01,2026-08-01 18:30:00,Dinner,10,2.99,4.86,0.6,1.06,59.94,F164,29.9,48.6,6.0,10.6,2.99,4.86,1.06,59.940000000000005
LD05895,HM017,F475,D02,2026-08-02 06:30:00,Breakfast,25,3.425,0.475,3.05,18.15,90.575,F475,13.7,1.9,12.2,72.6,3.425,0.475,18.15,90.575
LD05896,HM017,F182,D02,2026-08-02 06:30:00,Breakfast,270,5.13,0.54,8.64,19.98,105.3,F182,1.9,0.2,3.2,7.4,5.13,0.54,19.980000000000004,105.3
LD05897,HM017,F196,D02,2026-08-02 06:30:00,Breakfast,5,0.04,0.02,0.08,0.74,3.3,F196,0.8,0.4,1.6,14.8,0.04000000000000001,0.020000000000000004,0.7400000000000001,3.3000000000000003
LD05898,HM017,F109,D02,2026-08-02 06:30:00,Breakfast,500,14.5,1.5,12.0,18.5,145.5,F109,2.9,0.3,2.4,3.7,14.5,1.5,18.5,145.5
LD05899,HM017,F060,D02,2026-08-02 06:30:00,Breakfast,75,1.275,0.9,3.0,14.025,69.3,F060,1.7,1.2,4.0,18.7,1.275,0.8999999999999999,14.024999999999999,69.3
LD05900,HM017,F110,D02,2026-08-02 09:30:00,Mid snack,5,0.295,0.05,0.4,0.39,3.19,F110,5.9,1.0,8.0,7.8,0.29500000000000004,0.05,0.39,3.1900000000000004
LD05901,HM017,F253,D02,2026-08-02 09:30:00,Mid snack,385,3.465,0.77,4.62,15.785,83.93,F253,0.9,0.2,1.2,4.1,3.4650000000000003,0.77,15.784999999999998,83.93
LD05902,HM017,F449,D02,2026-08-02 09:30:00,Mid snack,35,0.56,0.07,0.98,3.43,16.59,F449,1.6,0.2,2.8,9.8,0.5599999999999999,0.06999999999999999,3.43,16.59
LD05903,HM017,F318,D02,2026-08-02 09:30:00,Mid snack,400,2.4,0.4,4.8,14.4,70.8,F318,0.6,0.1,1.2,3.6,2.4,0.4,14.4,70.8
LD05904,HM017,F375,D02,2026-08-02 09:30:00,Mid snack,5,1.235,0.05,0.0,0.0,5.39,F375,24.7,1.0,0.0,0.0,1.235,0.05,0.0,5.390000000000001
LD05905,HM017,F454,D02,2026-08-02 13:00:00,Lunch,500,4.5,1.0,6.0,20.0,107.0,F454,0.9,0.2,1.2,4.0,4.5,1.0,20.0,107.0
LD05906,HM017,F248,D02,2026-08-02 13:00:00,Lunch,435,7.395,0.87,12.18,43.5,211.41,F248,1.7,0.2,2.8,10.0,7.395,0.87,43.5,211.41
LD05907,HM017,F114,D02,2026-08-02 13:00:00,Lunch,145,2.32,0.29,4.06,13.63,66.41,F114,1.6,0.2,2.8,9.4,2.32,0.29,13.63,66.41000000000001
LD05908,HM017,F081,D02,2026-08-02 13:00:00,Lunch,65,4.615,0.65,3.315,12.74,75.27,F081,7.1,1.0,5.1,19.6,4.615,0.65,12.740000000000002,75.27
LD05909,HM017,F320,D02,2026-08-02 16:00:00,Evening Snack,20,0.18,0.04,0.24,0.82,4.36,F320,0.9,0.2,1.2,4.1,0.18000000000000002,0.04000000000000001,0.82,4.36
LD05910,HM017,F197,D02,2026-08-02 16:00:00,Evening Snack,65,0.325,0.065,0.91,8.45,35.685,F197,0.5,0.1,1.4,13.0,0.325,0.065,8.450000000000001,35.684999999999995
LD05911,HM017,F192,D02,2026-08-02 16:00:00,Evening Snack,150,1.35,0.15,3.6,17.55,76.95,F192,0.9,0.1,2.4,11.7,1.35,0.15000000000000002,17.549999999999997,76.95
LD05912,HM017,F311,D02,2026-08-02 16:00:00,Evening Snack,90,5.67,0.99,7.2,7.56,61.83,F311,6.3,1.1,8.0,8.4,5.67,0.9900000000000001,7.5600000000000005,61.83
LD05913,HM017,F047,D02,2026-08-02 18:30:00,Dinner,55,0.88,0.11,1.54,5.28,25.63,F047,1.6,0.2,2.8,9.6,0.8800000000000001,0.11000000000000001,5.28,25.63
LD05914,HM017,F102,D02,2026-08-02 18:30:00,Dinner,60,14.7,10.02,0.0,0.0,148.98,F102,24.5,16.7,0.0,0.0,14.7,10.02,0.0,148.98
LD05915,HM017,F065,D02,2026-08-02 18:30:00,Dinner,5,0.09,0.01,0.335,3.75,15.45,F065,1.8,0.2,6.7,75.0,0.09000000000000001,0.010000000000000002,3.75,15.45
LD05916,HM017,F318,D02,2026-08-02 18:30:00,Dinner,500,3.0,0.5,6.0,18.0,88.5,F318,0.6,0.1,1.2,3.6,3.0,0.5,18.0,88.5
LD05917,HM017,F064,D02,2026-08-02 18:30:00,Dinner,215,1.505,0.43,1.935,38.915,165.55,F064,0.7,0.2,0.9,18.1,1.505,0.43,38.915,165.55
LD05918,HM017,F194,D03,2026-08-03 06:30:00,Breakfast,25,0.425,0.3,1.0,4.625,22.9,F194,1.7,1.2,4.0,18.5,0.425,0.3,4.625,22.9
LD05919,HM017,F375,D03,2026-08-03 06:30:00,Breakfast,95,23.465,0.95,0.0,0.0,102.41,F375,24.7,1.0,0.0,0.0,23.465,0.95,0.0,102.41
LD05920,HM017,F342,D03,2026-08-03 06:30:00,Breakfast,15,2.04,1.005,1.515,10.455,59.025,F342,13.6,6.7,10.1,69.7,2.04,1.005,10.455,59.025000000000006
LD05921,HM017,F336,D03,2026-08-03 06:30:00,Breakfast,100,2.8,0.3,0.4,29.0,129.9,F336,2.8,0.3,0.4,29.0,2.8,0.3,29.0,129.9
LD05922,HM017,F193,D03,2026-08-03 09:30:00,Mid snack,145,0.725,0.435,2.465,14.065,63.075,F193,0.5,0.3,1.7,9.7,0.725,0.435,14.064999999999998,63.074999999999996
LD05923,HM017,F279,D03,2026-08-03 09:30:00,Mid snack,30,2.79,0.81,2.28,8.64,53.01,F279,9.3,2.7,7.6,28.8,2.79,0.81,8.64,53.01
LD05924,HM017,F282,D03,2026-08-03 13:00:00,Lunch,100,7.6,1.1,5.1,21.0,124.3,F282,7.6,1.1,5.1,21.0,7.6,1.1,21.0,124.30000000000001
LD05925,HM017,F273,D03,2026-08-03 13:00:00,Lunch,5,0.545,0.165,0.33,3.81,18.905,F273,10.9,3.3,6.6,76.2,0.545,0.165,3.8100000000000005,18.905
LD05926,HM017,F449,D03,2026-08-03 13:00:00,Lunch,100,1.6,0.2,2.8,9.8,47.4,F449,1.6,0.2,2.8,9.8,1.6,0.2,9.8,47.4
LD05927,HM017,F491,D03,2026-08-03 13:00:00,Lunch,305,9.76,10.065,0.0,14.64,188.185,F491,3.2,3.3,0.0,4.8,9.76,10.065,14.639999999999999,188.185
LD05928,HM017,F246,D03,2026-08-03 16:00:00,Evening Snack,60,1.14,0.24,1.38,3.12,19.2,F246,1.9,0.4,2.3,5.2,1.14,0.24,3.12,19.2
LD05929,HM017,F075,D03,2026-08-03 16:00:00,Evening Snack,15,1.035,0.15,0.15,11.325,50.79,F075,6.9,1.0,1.0,75.5,1.035,0.15,11.325,50.79
LD05930,HM017,F158,D03,2026-08-03 16:00:00,Evening Snack,10,2.1,4.94,1.25,2.15,61.46,F158,21.0,49.4,12.5,21.5,2.1,4.94,2.15,61.46
LD05931,HM017,F351,D03,2026-08-03 18:30:00,Dinner,165,13.53,2.475,11.55,37.455,226.215,F351,8.2,1.5,7.0,22.7,13.529999999999998,2.4749999999999996,37.455,226.215
LD05932,HM017,F253,D03,2026-08-03 18:30:00,Dinner,120,1.08,0.24,1.44,4.92,26.16,F253,0.9,0.2,1.2,4.1,1.08,0.24,4.919999999999999,26.16
LD05933,HM017,F389,D03,2026-08-03 18:30:00,Dinner,70,0.77,0.07,1.19,6.72,30.59,F389,1.1,0.1,1.7,9.6,0.77,0.06999999999999999,6.72,30.59
LD05934,HM017,F113,D04,2026-08-04 06:30:00,Breakfast,370,3.33,0.74,10.36,34.78,159.1,F113,0.9,0.2,2.8,9.4,3.33,0.7400000000000001,34.78,159.1
LD05935,HM017,F195,D04,2026-08-04 06:30:00,Breakfast,480,2.88,0.96,1.92,36.0,164.16,F195,0.6,0.2,0.4,7.5,2.88,0.96,36.0,164.16000000000003
LD05936,HM017,F442,D04,2026-08-04 09:30:00,Mid snack,20,4.9,0.2,0.0,0.0,21.4,F442,24.5,1.0,0.0,0.0,4.9,0.2,0.0,21.400000000000002
LD05937,HM017,F187,D04,2026-08-04 09:30:00,Mid snack,95,0.665,0.095,0.475,3.42,17.195,F187,0.7,0.1,0.5,3.6,0.6649999999999999,0.095,3.42,17.195
LD05938,HM017,F449,D04,2026-08-04 09:30:00,Mid snack,185,2.96,0.37,5.18,18.13,87.69,F449,1.6,0.2,2.8,9.8,2.9600000000000004,0.37000000000000005,18.130000000000003,87.69
LD05939,HM017,F186,D04,2026-08-04 13:00:00,Lunch,500,4.5,1.0,6.0,19.5,105.0,F186,0.9,0.2,1.2,3.9,4.5,1.0,19.5,105.0
LD05940,HM017,F495,D04,2026-08-04 13:00:00,Lunch,15,2.28,9.78,1.005,2.055,105.36,F495,15.2,65.2,6.7,13.7,2.28,9.78,2.0549999999999997,105.36
LD05941,HM017,F300,D04,2026-08-04 13:00:00,Lunch,265,30.21,0.53,0.0,1.855,133.03,F300,11.4,0.2,0.0,0.7,30.21,0.53,1.8549999999999998,133.03
LD05942,HM017,F248,D04,2026-08-04 16:00:00,Evening Snack,60,1.02,0.12,1.68,6.0,29.16,F248,1.7,0.2,2.8,10.0,1.02,0.12,6.0,29.159999999999997
LD05943,HM017,F123,D04,2026-08-04 16:00:00,Evening Snack,10,0.11,0.03,0.26,2.23,9.63,F123,1.1,0.3,2.6,22.3,0.11000000000000001,0.03,2.23,9.629999999999999
LD05944,HM017,F329,D04,2026-08-04 16:00:00,Evening Snack,255,1.53,0.51,1.02,20.4,92.31,F329,0.6,0.2,0.4,8.0,1.5299999999999998,0.51,20.4,92.31
LD05945,HM017,F252,D04,2026-08-04 18:30:00,Dinner,500,5.0,1.0,14.0,21.0,113.0,F252,1.0,0.2,2.8,4.2,5.0,1.0,21.0,113.0
LD05946,HM017,F096,D04,2026-08-04 18:30:00,Dinner,20,3.46,9.74,2.36,4.58,119.82,F096,17.3,48.7,11.8,22.9,3.4600000000000004,9.740000000000002,4.58,119.82
LD05947,HM017,F338,D05,2026-08-05 06:30:00,Breakfast,25,1.875,0.325,2.875,18.55,84.625,F338,7.5,1.3,11.5,74.2,1.875,0.325,18.55,84.625
LD05948,HM017,F218,D05,2026-08-05 06:30:00,Breakfast,140,11.62,0.84,7.0,29.12,170.52,F218,8.3,0.6,5.0,20.8,11.620000000000001,0.84,29.119999999999997,170.52
LD05949,HM017,F450,D05,2026-08-05 13:00:00,Lunch,190,3.61,0.38,6.08,14.63,76.38,F450,1.9,0.2,3.2,7.7,3.61,0.38,14.629999999999999,76.38000000000001
LD05950,HM017,F149,D05,2026-08-05 13:00:00,Lunch,115,10.235,0.46,9.085,22.77,136.16,F149,8.9,0.4,7.9,19.8,10.235,0.45999999999999996,22.77,136.15999999999997
LD05951,HM017,F403,D05,2026-08-05 13:00:00,Lunch,60,1.68,0.18,0.24,17.28,77.46,F403,2.8,0.3,0.4,28.8,1.68,0.18,17.28,77.46000000000001
LD05952,HM017,F384,D05,2026-08-05 16:00:00,Evening Snack,185,1.85,0.37,5.55,11.47,56.61,F384,1.0,0.2,3.0,6.2,1.85,0.37000000000000005,11.47,56.61
LD05953,HM017,F396,D05,2026-08-05 16:00:00,Evening Snack,30,0.18,0.06,0.12,2.34,10.62,F396,0.6,0.2,0.4,7.8,0.18,0.06,2.34,10.620000000000001
LD05954,HM017,F456,D05,2026-08-05 16:00:00,Evening Snack,60,0.66,0.06,1.02,5.7,25.98,F456,1.1,0.1,1.7,9.5,0.66,0.06,5.7,25.98
LD05955,HM017,F226,D05,2026-08-05 18:30:00,Dinner,5,0.945,2.28,0.165,1.57,30.58,F226,18.9,45.6,3.3,31.4,0.945,2.2800000000000002,1.57,30.58
LD05956,HM017,F145,D05,2026-08-05 18:30:00,Dinner,70,6.16,1.82,5.32,18.97,116.9,F145,8.8,2.6,7.6,27.1,6.16,1.8199999999999998,18.97,116.89999999999999
LD05957,HM017,F026,D05,2026-08-05 18:30:00,Dinner,5,0.76,3.26,0.335,0.685,35.12,F026,15.2,65.2,6.7,13.7,0.76,3.2600000000000002,0.685,35.12
LD05958,HM017,F401,D05,2026-08-05 18:30:00,Dinner,20,0.64,0.1,0.74,16.32,68.74,F401,3.2,0.5,3.7,81.6,0.6400000000000001,0.1,16.32,68.74000000000001
LD05959,HM017,F268,D06,2026-08-06 06:30:00,Breakfast,70,0.63,0.42,3.01,7.42,35.98,F268,0.9,0.6,4.3,10.6,0.63,0.42,7.419999999999999,35.980000000000004
LD05960,HM017,F371,D06,2026-08-06 06:30:00,Breakfast,65,14.755,4.03,0.0,0.0,95.29,F371,22.7,6.2,0.0,0.0,14.755,4.03,0.0,95.29
LD05961,HM017,F030,D06,2026-08-06 06:30:00,Breakfast,50,15.1,24.55,3.0,5.35,302.75,F030,30.2,49.1,6.0,10.7,15.1,24.55,5.35,302.75
LD05962,HM017,F135,D06,2026-08-06 06:30:00,Breakfast,10,0.27,0.03,0.04,2.79,12.51,F135,2.7,0.3,0.4,27.9,0.27,0.03,2.79,12.51
LD05963,HM017,F317,D06,2026-08-06 06:30:00,Breakfast,65,0.715,0.13,1.95,4.095,20.41,F317,1.1,0.2,3.0,6.3,0.7150000000000001,0.13,4.095,20.409999999999997
LD05964,HM017,F192,D06,2026-08-06 09:30:00,Mid snack,75,0.675,0.075,1.8,8.775,38.475,F192,0.9,0.1,2.4,11.7,0.675,0.07500000000000001,8.774999999999999,38.475
LD05965,HM017,F229,D06,2026-08-06 09:30:00,Mid snack,5,0.95,2.195,1.365,1.505,29.575,F229,19.0,43.9,27.3,30.1,0.9500000000000001,2.195,1.5050000000000001,29.575
LD05966,HM017,F366,D06,2026-08-06 09:30:00,Mid snack,10,1.3,1.09,0.0,0.11,15.45,F366,13.0,10.9,0.0,1.1,1.3,1.09,0.11000000000000001,15.450000000000001
LD05967,HM017,F360,D06,2026-08-06 09:30:00,Mid snack,15,2.805,6.765,0.495,4.665,90.765,F360,18.7,45.1,3.3,31.1,2.8049999999999997,6.765,4.665,90.765
LD05968,HM017,F019,D06,2026-08-06 09:30:00,Mid snack,5,0.4,0.24,0.015,0.095,4.14,F019,8.0,4.8,0.3,1.9,0.4,0.24,0.095,4.140000000000001
LD05969,HM017,F245,D06,2026-08-06 09:30:00,Mid snack,85,2.125,0.34,2.805,6.375,37.06,F245,2.5,0.4,3.3,7.5,2.125,0.34,6.375,37.06
LD05970,HM017,F218,D06,2026-08-06 13:00:00,Lunch,325,26.975,1.95,16.25,67.6,395.85,F218,8.3,0.6,5.0,20.8,26.975,1.95,67.60000000000001,395.84999999999997
LD05971,HM017,F383,D06,2026-08-06 13:00:00,Lunch,30,0.6,0.06,0.96,2.31,12.18,F383,2.0,0.2,3.2,7.7,0.6,0.06,2.31,12.18
LD05972,HM017,F297,D06,2026-08-06 13:00:00,Lunch,20,3.72,10.44,2.36,4.92,128.52,F297,18.6,52.2,11.8,24.6,3.7200000000000006,10.440000000000001,4.920000000000001,128.51999999999998
LD05973,HM017,F023,D06,2026-08-06 13:00:00,Lunch,5,1.29,2.46,0.425,0.805,30.52,F023,25.8,49.2,8.5,16.1,1.29,2.4600000000000004,0.8050000000000002,30.520000000000003
LD05974,HM017,F363,D06,2026-08-06 16:00:00,Evening Snack,10,1.88,4.35,2.73,2.98,58.59,F363,18.8,43.5,27.3,29.8,1.8800000000000001,4.3500000000000005,2.9800000000000004,58.589999999999996
LD05975,HM017,F142,D06,2026-08-06 16:00:00,Evening Snack,5,0.345,0.05,0.05,3.81,17.07,F142,6.9,1.0,1.0,76.2,0.34500000000000003,0.05,3.8100000000000005,17.07
LD05976,HM017,F090,D06,2026-08-06 16:00:00,Evening Snack,20,5.06,9.64,1.7,3.16,119.64,F090,25.3,48.2,8.5,15.8,5.0600000000000005,9.64,3.16,119.64
LD05977,HM017,F328,D06,2026-08-06 18:30:00,Dinner,45,0.81,0.585,1.8,8.82,43.785,F328,1.8,1.3,4.0,19.6,0.81,0.5850000000000001,8.82,43.785000000000004
LD05978,HM017,F413,D06,2026-08-06 18:30:00,Dinner,40,3.64,1.08,3.04,11.16,68.92,F413,9.1,2.7,7.6,27.9,3.64,1.08,11.16,68.92
LD05979,HM017,F165,D06,2026-08-06 18:30:00,Dinner,240,30.0,25.2,0.0,2.64,357.36,F165,12.5,10.5,0.0,1.1,30.0,25.2,2.64,357.36
LD05980,HM017,F340,D07,2026-08-07 06:30:00,Breakfast,15,1.605,0.48,0.99,11.22,55.62,F340,10.7,3.2,6.6,74.8,1.6049999999999998,0.48,11.219999999999999,55.620000000000005
LD05981,HM017,F054,D07,2026-08-07 06:30:00,Breakfast,275,3.025,0.275,4.675,25.575,116.875,F054,1.1,0.1,1.7,9.3,3.0250000000000004,0.275,25.575000000000003,116.87499999999999
LD05982,HM017,F053,D07,2026-08-07 06:30:00,Breakfast,495,3.465,0.495,2.475,17.82,89.595,F053,0.7,0.1,0.5,3.6,3.465,0.49500000000000005,17.82,89.595
LD05983,HM017,F450,D07,2026-08-07 06:30:00,Breakfast,25,0.475,0.05,0.8,1.925,10.05,F450,1.9,0.2,3.2,7.7,0.475,0.05,1.925,10.049999999999999
LD05984,HM017,F211,D07,2026-08-07 09:30:00,Mid snack,35,1.61,0.7,0.98,7.77,43.82,F211,4.6,2.0,2.8,22.2,1.6099999999999999,0.7,7.77,43.81999999999999
LD05985,HM017,F378,D07,2026-08-07 09:30:00,Mid snack,50,3.1,0.5,4.0,4.1,33.3,F378,6.2,1.0,8.0,8.2,3.1,0.5,4.1,33.3
LD05986,HM017,F010,D07,2026-08-07 09:30:00,Mid snack,5,0.22,0.095,0.14,1.065,5.995,F010,4.4,1.9,2.8,21.3,0.22000000000000003,0.095,1.0650000000000002,5.994999999999999
LD05987,HM017,F112,D07,2026-08-07 09:30:00,Mid snack,90,1.62,0.36,2.07,4.41,27.36,F112,1.8,0.4,2.3,4.9,1.62,0.36000000000000004,4.41,27.36
LD05988,HM017,F029,D07,2026-08-07 13:00:00,Lunch,10,1.77,4.97,1.18,2.34,61.17,F029,17.7,49.7,11.8,23.4,1.77,4.970000000000001,2.34,61.169999999999995
LD05989,HM017,F308,D07,2026-08-07 13:00:00,Lunch,205,51.66,2.255,0.0,0.0,226.935,F308,25.2,1.1,0.0,0.0,51.66,2.255,0.0,226.93499999999997
LD05990,HM017,F303,D07,2026-08-07 13:00:00,Lunch,25,6.55,4.475,0.0,0.0,66.475,F303,26.2,17.9,0.0,0.0,6.55,4.475,0.0,66.475
LD05991,HM017,F450,D07,2026-08-07 16:00:00,Evening Snack,210,3.99,0.42,6.72,16.17,84.42,F450,1.9,0.2,3.2,7.7,3.9899999999999998,0.42000000000000004,16.17,84.42000000000002
LD05992,HM017,F227,D07,2026-08-07 16:00:00,Evening Snack,5,0.79,3.39,0.335,0.71,36.51,F227,15.8,67.8,6.7,14.2,0.79,3.39,0.71,36.510000000000005
LD05993,HM017,F042,D07,2026-08-07 18:30:00,Dinner,20,0.6,0.06,0.48,0.76,5.98,F042,3.0,0.3,2.4,3.8,0.6000000000000001,0.06,0.76,5.9799999999999995
LD05994,HM017,F487,D07,2026-08-07 18:30:00,Dinner,30,4.98,2.7,1.8,2.97,56.1,F487,16.6,9.0,6.0,9.9,4.98,2.6999999999999997,2.97,56.10000000000001
LD05995,HM017,F427,D07,2026-08-07 18:30:00,Dinner,5,0.93,2.235,0.165,1.54,29.995,F427,18.6,44.7,3.3,30.8,0.9300000000000002,2.2350000000000003,1.54,29.994999999999997
LD05996,HM017,F137,D07,2026-08-07 18:30:00,Dinner,60,4.32,0.78,6.9,42.78,195.42,F137,7.2,1.3,11.5,71.3,4.32,0.78,42.779999999999994,195.42000000000002
LD05997,HM017,F067,D08,2026-08-08 06:30:00,Breakfast,300,2.7,1.8,12.9,30.6,149.4,F067,0.9,0.6,4.3,10.2,2.7,1.7999999999999998,30.599999999999998,149.4
LD05998,HM017,F236,D08,2026-08-08 06:30:00,Breakfast,30,7.8,5.31,0.0,0.0,78.99,F236,26.0,17.7,0.0,0.0,7.8,5.31,0.0,78.99
LD05999,HM017,F125,D08,2026-08-08 09:30:00,Mid snack,15,0.135,0.015,0.36,1.74,7.635,F125,0.9,0.1,2.4,11.6,0.135,0.015,1.74,7.635
LD06000,HM017,F392,D08,2026-08-08 09:30:00,Mid snack,30,0.81,0.3,1.62,4.41,23.58,F392,2.7,1.0,5.4,14.7,0.81,0.3,4.409999999999999,23.580000000000002
LD06001,HM017,F497,D08,2026-08-08 09:30:00,Mid snack,10,1.83,4.22,2.73,2.89,56.86,F497,18.3,42.2,27.3,28.9,1.83,4.220000000000001,2.89,56.86
LD06002,HM017,F358,D08,2026-08-08 13:00:00,Lunch,10,2.66,5.07,0.85,1.66,62.91,F358,26.6,50.7,8.5,16.6,2.66,5.07,1.6600000000000001,62.910000000000004
LD06003,HM017,F120,D08,2026-08-08 13:00:00,Lunch,500,3.5,0.5,2.5,17.5,88.5,F120,0.7,0.1,0.5,3.5,3.5,0.5,17.5,88.5
LD06004,HM017,F332,D08,2026-08-08 13:00:00,Lunch,165,1.155,0.33,1.485,31.35,132.99,F332,0.7,0.2,0.9,19.0,1.1549999999999998,0.33,31.349999999999998,132.99
LD06005,HM017,F458,D08,2026-08-08 13:00:00,Lunch,5,0.055,0.015,0.13,1.165,5.015,F458,1.1,0.3,2.6,23.3,0.05500000000000001,0.015,1.165,5.015
LD06006,HM017,F372,D08,2026-08-08 18:30:00,Dinner,65,13.39,3.38,0.0,0.0,83.98,F372,20.6,5.2,0.0,0.0,13.39,3.3800000000000003,0.0,83.98
LD06007,HM017,F097,D08,2026-08-08 18:30:00,Dinner,25,7.4,12.025,1.5,2.625,148.325,F097,29.6,48.1,6.0,10.5,7.4,12.025,2.625,148.32500000000002
LD06008,HM017,F083,D09,2026-08-09 06:30:00,Breakfast,25,1.95,0.375,1.75,5.4,32.775,F083,7.8,1.5,7.0,21.6,1.95,0.375,5.4,32.775000000000006
LD06009,HM017,F384,D09,2026-08-09 06:30:00,Breakfast,10,0.1,0.02,0.3,0.62,3.06,F384,1.0,0.2,3.0,6.2,0.1,0.020000000000000004,0.6200000000000001,3.06
LD06010,HM017,F267,D09,2026-08-09 06:30:00,Breakfast,60,1.92,0.3,2.22,49.44,208.14,F267,3.2,0.5,3.7,82.4,1.92,0.3,49.440000000000005,208.14
LD06011,HM017,F418,D09,2026-08-09 06:30:00,Breakfast,90,7.38,1.35,6.3,20.16,122.31,F418,8.2,1.5,7.0,22.4,7.38,1.35,20.16,122.31
LD06012,HM017,F250,D09,2026-08-09 06:30:00,Breakfast,65,0.65,0.13,1.95,4.03,19.89,F250,1.0,0.2,3.0,6.2,0.65,0.13,4.03,19.89
LD06013,HM017,F028,D09,2026-08-09 06:30:00,Breakfast,5,0.915,2.11,1.365,1.445,28.43,F028,18.3,42.2,27.3,28.9,0.915,2.1100000000000003,1.445,28.43
LD06014,HM017,F147,D09,2026-08-09 09:30:00,Mid snack,80,5.52,0.32,6.08,15.2,85.76,F147,6.9,0.4,7.6,19.0,5.5200000000000005,0.32000000000000006,15.200000000000001,85.75999999999999
LD06015,HM017,F452,D09,2026-08-09 09:30:00,Mid snack,285,1.71,0.285,3.42,9.975,49.305,F452,0.6,0.1,1.2,3.5,1.71,0.28500000000000003,9.975,49.30499999999999
LD06016,HM017,F193,D09,2026-08-09 09:30:00,Mid snack,40,0.2,0.12,0.68,3.88,17.4,F193,0.5,0.3,1.7,9.7,0.2,0.12,3.88,17.4
LD06017,HM017,F260,D09,2026-08-09 13:00:00,Lunch,500,2.5,1.5,8.5,51.0,227.5,F260,0.5,0.3,1.7,10.2,2.5,1.5,51.0,227.5
LD06018,HM017,F080,D09,2026-08-09 13:00:00,Lunch,35,2.415,0.14,2.66,6.58,37.24,F080,6.9,0.4,7.6,18.8,2.415,0.13999999999999999,6.58,37.24
LD06019,HM017,F473,D09,2026-08-09 13:00:00,Lunch,10,1.1,0.5,1.1,6.7,35.7,F473,11.0,5.0,11.0,67.0,1.1,0.5,6.7,35.7
LD06020,HM017,F374,D09,2026-08-09 13:00:00,Lunch,15,4.485,0.15,0.0,0.0,19.29,F374,29.9,1.0,0.0,0.0,4.484999999999999,0.15,0.0,19.290000000000003
LD06021,HM017,F206,D09,2026-08-09 13:00:00,Lunch,25,2.7,0.8,1.65,18.875,93.5,F206,10.8,3.2,6.6,75.5,2.7,0.8,18.875,93.5
LD06022,HM017,F198,D09,2026-08-09 13:00:00,Lunch,65,0.455,0.13,0.585,11.635,49.53,F198,0.7,0.2,0.9,17.9,0.45499999999999996,0.13,11.635,49.53
LD06023,HM017,F324,D09,2026-08-09 16:00:00,Evening Snack,50,0.6,0.15,1.3,11.95,51.55,F324,1.2,0.3,2.6,23.9,0.6,0.15,11.95,51.55
LD06024,HM017,F116,D09,2026-08-09 16:00:00,Evening Snack,60,0.6,0.12,1.8,3.54,17.64,F116,1.0,0.2,3.0,5.9,0.6,0.12,3.54,17.64
LD06025,HM017,F187,D09,2026-08-09 16:00:00,Evening Snack,310,2.17,0.31,1.55,11.16,56.11,F187,0.7,0.1,0.5,3.6,2.17,0.31000000000000005,11.16,56.11
LD06026,HM017,F002,D09,2026-08-09 16:00:00,Evening Snack,15,0.39,0.135,0.27,3.45,16.575,F002,2.6,0.9,1.8,23.0,0.39,0.135,3.4499999999999997,16.575000000000003
LD06027,HM017,F497,D09,2026-08-09 16:00:00,Evening Snack,5,0.915,2.11,1.365,1.445,28.43,F497,18.3,42.2,27.3,28.9,0.915,2.1100000000000003,1.445,28.43
LD06028,HM017,F450,D09,2026-08-09 16:00:00,Evening Snack,5,0.095,0.01,0.16,0.385,2.01,F450,1.9,0.2,3.2,7.7,0.095,0.010000000000000002,0.385,2.01
LD06029,HM017,F013,D09,2026-08-09 18:30:00,Dinner,60,4.2,0.24,4.56,11.52,65.04,F013,7.0,0.4,7.6,19.2,4.2,0.24,11.52,65.03999999999999
LD06030,HM017,F482,D09,2026-08-09 18:30:00,Dinner,5,0.35,0.02,0.38,0.96,5.42,F482,7.0,0.4,7.6,19.2,0.35000000000000003,0.020000000000000004,0.96,5.42
LD06031,HM017,F352,D09,2026-08-09 18:30:00,Dinner,75,6.15,0.45,3.75,15.45,90.45,F352,8.2,0.6,5.0,20.6,6.1499999999999995,0.44999999999999996,15.450000000000001,90.45
LD06032,HM017,F471,D09,2026-08-09 18:30:00,Dinner,70,1.82,0.63,1.26,16.1,77.35,F471,2.6,0.9,1.8,23.0,1.8199999999999998,0.63,16.099999999999998,77.35000000000001
LD06033,HM017,F485,D09,2026-08-09 18:30:00,Dinner,35,2.8,0.525,2.45,7.7,46.725,F485,8.0,1.5,7.0,22.0,2.8,0.5249999999999999,7.699999999999999,46.725
LD06034,HM017,F279,D09,2026-08-09 18:30:00,Dinner,65,6.045,1.755,4.94,18.72,114.855,F279,9.3,2.7,7.6,28.8,6.045000000000001,1.7550000000000001,18.720000000000002,114.855
LD06035,HM017,F189,D10,2026-08-10 06:30:00,Breakfast,150,4.65,0.45,1.5,4.95,42.45,F189,3.1,0.3,1.0,3.3,4.65,0.44999999999999996,4.949999999999999,42.45
LD06036,HM017,F073,D10,2026-08-10 06:30:00,Breakfast,20,2.68,0.38,2.44,14.22,71.02,F073,13.4,1.9,12.2,71.1,2.68,0.38,14.219999999999999,71.02000000000001
LD06037,HM017,F491,D10,2026-08-10 06:30:00,Breakfast,250,8.0,8.25,0.0,12.0,154.25,F491,3.2,3.3,0.0,4.8,8.0,8.25,12.0,154.25
LD06038,HM017,F209,D10,2026-08-10 06:30:00,Breakfast,10,0.73,0.1,0.1,8.01,35.86,F209,7.3,1.0,1.0,80.1,0.73,0.1,8.01,35.86
LD06039,HM017,F444,D10,2026-08-10 09:30:00,Mid snack,150,4.65,0.45,3.6,5.85,46.05,F444,3.1,0.3,2.4,3.9,4.65,0.44999999999999996,5.85,46.05
LD06040,HM017,F101,D10,2026-08-10 09:30:00,Mid snack,40,10.2,4.28,0.0,0.0,79.32,F101,25.5,10.7,0.0,0.0,10.200000000000001,4.28,0.0,79.32
LD06041,HM017,F237,D10,2026-08-10 13:00:00,Lunch,70,16.03,4.34,0.0,0.0,103.18,F237,22.9,6.2,0.0,0.0,16.029999999999998,4.34,0.0,103.18
LD06042,HM017,F381,D10,2026-08-10 13:00:00,Lunch,60,0.54,0.12,1.68,5.94,27.0,F381,0.9,0.2,2.8,9.9,0.54,0.12,5.94,27.0
LD06043,HM017,F216,D10,2026-08-10 13:00:00,Lunch,80,7.52,0.32,6.32,16.64,99.52,F216,9.4,0.4,7.9,20.8,7.5200000000000005,0.32000000000000006,16.64,99.52
LD06044,HM017,F192,D10,2026-08-10 13:00:00,Lunch,250,2.25,0.25,6.0,29.25,128.25,F192,0.9,0.1,2.4,11.7,2.25,0.25,29.25,128.25
LD06045,HM017,F029,D10,2026-08-10 16:00:00,Evening Snack,10,1.77,4.97,1.18,2.34,61.17,F029,17.7,49.7,11.8,23.4,1.77,4.970000000000001,2.34,61.169999999999995
LD06046,HM017,F067,D10,2026-08-10 16:00:00,Evening Snack,5,0.045,0.03,0.215,0.51,2.49,F067,0.9,0.6,4.3,10.2,0.045000000000000005,0.03,0.51,2.49
LD06047,HM017,F266,D10,2026-08-10 16:00:00,Evening Snack,15,0.285,0.03,1.005,11.7,48.21,F266,1.9,0.2,6.7,78.0,0.285,0.03,11.7,48.21
LD06048,HM017,F334,D10,2026-08-10 16:00:00,Evening Snack,5,0.165,0.025,0.185,4.16,17.525,F334,3.3,0.5,3.7,83.2,0.165,0.025,4.16,17.525000000000002
LD06049,HM017,F204,D10,2026-08-10 18:30:00,Dinner,40,3.04,0.56,4.6,29.96,137.04,F204,7.6,1.4,11.5,74.9,3.04,0.5599999999999999,29.960000000000004,137.04
LD06050,HM017,F080,D10,2026-08-10 18:30:00,Dinner,5,0.345,0.02,0.38,0.94,5.32,F080,6.9,0.4,7.6,18.8,0.34500000000000003,0.020000000000000004,0.9400000000000001,5.319999999999999
LD06051,HM017,F224,D10,2026-08-10 18:30:00,Dinner,25,6.7,12.8,2.125,4.175,158.7,F224,26.8,51.2,8.5,16.7,6.7,12.8,4.175,158.7
LD06052,HM017,F037,D11,2026-08-11 06:30:00,Breakfast,135,27.0,6.75,0.0,0.0,168.75,F037,20.0,5.0,0.0,0.0,27.0,6.75,0.0,168.75
LD06053,HM017,F285,D11,2026-08-11 06:30:00,Breakfast,30,2.52,0.18,1.5,6.3,36.9,F285,8.4,0.6,5.0,21.0,2.52,0.18,6.3,36.9
LD06054,HM017,F487,D11,2026-08-11 09:30:00,Mid snack,5,0.83,0.45,0.3,0.495,9.35,F487,16.6,9.0,6.0,9.9,0.8300000000000001,0.45,0.49500000000000005,9.35
LD06055,HM017,F456,D11,2026-08-11 09:30:00,Mid snack,70,0.77,0.07,1.19,6.65,30.31,F456,1.1,0.1,1.7,9.5,0.77,0.06999999999999999,6.6499999999999995,30.31
LD06056,HM017,F310,D11,2026-08-11 09:30:00,Mid snack,45,1.44,0.135,1.08,1.8,14.175,F310,3.2,0.3,2.4,4.0,1.4400000000000002,0.135,1.8,14.175
LD06057,HM017,F382,D11,2026-08-11 09:30:00,Mid snack,40,0.64,0.08,1.12,3.96,19.12,F382,1.6,0.2,2.8,9.9,0.6400000000000001,0.08000000000000002,3.9600000000000004,19.119999999999997
LD06058,HM017,F316,D11,2026-08-11 13:00:00,Lunch,235,4.7,0.47,7.52,18.565,97.29,F316,2.0,0.2,3.2,7.9,4.7,0.47000000000000003,18.565,97.29
LD06059,HM017,F381,D11,2026-08-11 13:00:00,Lunch,230,2.07,0.46,6.44,22.77,103.5,F381,0.9,0.2,2.8,9.9,2.07,0.45999999999999996,22.77,103.5
LD06060,HM017,F344,D11,2026-08-11 13:00:00,Lunch,5,0.655,0.055,0.195,3.75,18.115,F344,13.1,1.1,3.9,75.0,0.655,0.05500000000000001,3.75,18.115000000000002
LD06061,HM017,F416,D11,2026-08-11 18:30:00,Dinner,85,6.205,0.85,4.335,17.34,101.83,F416,7.3,1.0,5.1,20.4,6.205,0.85,17.34,101.83000000000001
LD06062,HM017,F248,D11,2026-08-11 18:30:00,Dinner,20,0.34,0.04,0.56,2.0,9.72,F248,1.7,0.2,2.8,10.0,0.34,0.04000000000000001,2.0,9.719999999999999
LD06063,HM017,F363,D11,2026-08-11 18:30:00,Dinner,5,0.94,2.175,1.365,1.49,29.295,F363,18.8,43.5,27.3,29.8,0.9400000000000001,2.1750000000000003,1.4900000000000002,29.294999999999998
LD06064,HM017,F394,D11,2026-08-11 18:30:00,Dinner,160,0.8,0.48,2.72,16.16,72.16,F394,0.5,0.3,1.7,10.1,0.8,0.48,16.16,72.16
LD06065,HM017,F353,D12,2026-08-12 06:30:00,Breakfast,30,5.13,2.79,1.8,3.06,57.87,F353,17.1,9.3,6.0,10.2,5.13,2.79,3.0599999999999996,57.87
LD06066,HM017,F058,D12,2026-08-12 06:30:00,Breakfast,70,0.63,0.07,1.68,8.26,36.19,F058,0.9,0.1,2.4,11.8,0.63,0.06999999999999999,8.26,36.190000000000005
LD06067,HM017,F401,D12,2026-08-12 06:30:00,Breakfast,45,1.44,0.225,1.665,36.72,154.665,F401,3.2,0.5,3.7,81.6,1.4400000000000002,0.225,36.72,154.665
LD06068,HM017,F259,D12,2026-08-12 06:30:00,Breakfast,95,0.855,0.095,2.28,11.685,51.015,F259,0.9,0.1,2.4,12.3,0.855,0.095,11.685,51.015
LD06069,HM017,F102,D12,2026-08-12 09:30:00,Mid snack,15,3.675,2.505,0.0,0.0,37.245,F102,24.5,16.7,0.0,0.0,3.675,2.505,0.0,37.245
LD06070,HM017,F296,D12,2026-08-12 09:30:00,Mid snack,5,0.96,2.215,1.365,1.515,29.835,F296,19.2,44.3,27.3,30.3,0.96,2.215,1.5150000000000001,29.834999999999997
LD06071,HM017,F314,D12,2026-08-12 09:30:00,Mid snack,155,1.395,0.31,4.34,15.655,70.99,F314,0.9,0.2,2.8,10.1,1.395,0.31000000000000005,15.655,70.99000000000001
LD06072,HM017,F181,D12,2026-08-12 13:00:00,Lunch,265,4.24,0.53,7.42,25.175,122.43,F181,1.6,0.2,2.8,9.5,4.24,0.53,25.175,122.42999999999999
LD06073,HM017,F059,D12,2026-08-12 13:00:00,Lunch,160,0.8,0.48,2.72,15.68,70.24,F059,0.5,0.3,1.7,9.8,0.8,0.48,15.680000000000001,70.24000000000001
LD06074,HM017,F434,D12,2026-08-12 13:00:00,Lunch,100,11.1,0.2,0.0,0.7,49.0,F434,11.1,0.2,0.0,0.7,11.1,0.2,0.7,48.99999999999999
LD06075,HM017,F082,D12,2026-08-12 13:00:00,Lunch,85,7.48,0.34,6.715,16.66,99.62,F082,8.8,0.4,7.9,19.6,7.48,0.34,16.66,99.62
LD06076,HM017,F181,D12,2026-08-12 16:00:00,Evening Snack,80,1.28,0.16,2.24,7.6,36.96,F181,1.6,0.2,2.8,9.5,1.2800000000000002,0.16000000000000003,7.6000000000000005,36.959999999999994
LD06077,HM017,F180,D12,2026-08-12 16:00:00,Evening Snack,170,1.53,0.34,4.76,16.15,73.78,F180,0.9,0.2,2.8,9.5,1.53,0.34,16.15,73.78
LD06078,HM017,F222,D12,2026-08-12 18:30:00,Dinner,120,4.32,4.08,0.0,5.88,77.52,F222,3.6,3.4,0.0,4.9,4.32,4.08,5.88,77.52
LD06079,HM017,F447,D12,2026-08-12 18:30:00,Dinner,130,2.34,0.52,2.99,6.63,40.56,F447,1.8,0.4,2.3,5.1,2.3400000000000003,0.52,6.63,40.559999999999995
LD06080,HM017,F030,D12,2026-08-12 18:30:00,Dinner,5,1.51,2.455,0.3,0.535,30.275,F030,30.2,49.1,6.0,10.7,1.51,2.455,0.535,30.275
LD06081,HM017,F329,D12,2026-08-12 18:30:00,Dinner,425,2.55,0.85,1.7,34.0,153.85,F329,0.6,0.2,0.4,8.0,2.55,0.8500000000000001,34.0,153.85
LD06082,HM017,F043,D13,2026-08-13 06:30:00,Breakfast,70,4.2,0.7,5.6,5.6,45.5,F043,6.0,1.0,8.0,8.0,4.199999999999999,0.7,5.6,45.5
LD06083,HM017,F439,D13,2026-08-13 06:30:00,Breakfast,30,6.12,1.53,0.0,0.0,38.25,F439,20.4,5.1,0.0,0.0,6.119999999999999,1.5299999999999998,0.0,38.25
LD06084,HM017,F195,D13,2026-08-13 06:30:00,Breakfast,500,3.0,1.0,2.0,37.5,171.0,F195,0.6,0.2,0.4,7.5,3.0,1.0,37.5,171.0
LD06085,HM017,F365,D13,2026-08-13 09:30:00,Mid snack,15,4.665,7.59,0.9,1.65,93.57,F365,31.1,50.6,6.0,11.0,4.665,7.59,1.65,93.57
LD06086,HM017,F268,D13,2026-08-13 09:30:00,Mid snack,50,0.45,0.3,2.15,5.3,25.7,F268,0.9,0.6,4.3,10.6,0.45,0.3,5.3,25.7
LD06087,HM017,F472,D13,2026-08-13 13:00:00,Lunch,105,7.665,1.365,12.075,75.6,345.345,F472,7.3,1.3,11.5,72.0,7.665,1.3650000000000002,75.60000000000001,345.345
LD06088,HM017,F392,D13,2026-08-13 13:00:00,Lunch,30,0.81,0.3,1.62,4.41,23.58,F392,2.7,1.0,5.4,14.7,0.81,0.3,4.409999999999999,23.580000000000002
LD06089,HM017,F178,D13,2026-08-13 13:00:00,Lunch,50,1.2,0.2,1.65,3.55,20.8,F178,2.4,0.4,3.3,7.1,1.2,0.2,3.55,20.8
LD06090,HM017,F385,D13,2026-08-13 16:00:00,Evening Snack,65,0.39,0.065,0.78,2.275,11.245,F385,0.6,0.1,1.2,3.5,0.39,0.065,2.275,11.245000000000001
LD06091,HM017,F255,D13,2026-08-13 16:00:00,Evening Snack,5,0.055,0.005,0.085,0.485,2.205,F255,1.1,0.1,1.7,9.7,0.05500000000000001,0.005000000000000001,0.485,2.205
LD06092,HM017,F046,D13,2026-08-13 16:00:00,Evening Snack,85,0.765,0.17,2.38,8.16,37.23,F046,0.9,0.2,2.8,9.6,0.765,0.17,8.16,37.230000000000004
LD06093,HM017,F056,D13,2026-08-13 16:00:00,Evening Snack,80,0.88,0.24,2.08,18.24,78.64,F056,1.1,0.3,2.6,22.8,0.8800000000000001,0.24,18.240000000000002,78.63999999999999
LD06094,HM017,F432,D13,2026-08-13 18:30:00,Dinner,10,3.08,5.01,0.6,1.09,61.77,F432,30.8,50.1,6.0,10.9,3.08,5.010000000000001,1.09,61.769999999999996
LD06095,HM017,F423,D13,2026-08-13 18:30:00,Dinner,95,3.42,3.23,0.0,4.56,60.99,F423,3.6,3.4,0.0,4.8,3.42,3.23,4.56,60.989999999999995
LD06096,HM017,F438,D13,2026-08-13 18:30:00,Dinner,155,34.72,9.455,0.0,0.0,223.975,F438,22.4,6.1,0.0,0.0,34.72,9.455,0.0,223.975
LD06097,HM017,F252,D14,2026-08-14 06:30:00,Breakfast,500,5.0,1.0,14.0,21.0,113.0,F252,1.0,0.2,2.8,4.2,5.0,1.0,21.0,113.0
LD06098,HM017,F022,D14,2026-08-14 06:30:00,Breakfast,65,2.08,2.145,0.0,3.12,40.105,F022,3.2,3.3,0.0,4.8,2.08,2.145,3.12,40.105000000000004
LD06099,HM017,F184,D14,2026-08-14 06:30:00,Breakfast,500,3.0,0.5,6.0,17.0,84.5,F184,0.6,0.1,1.2,3.4,3.0,0.5,17.0,84.5
LD06100,HM017,F107,D14,2026-08-14 09:30:00,Mid snack,10,2.35,0.1,0.0,0.0,10.3,F107,23.5,1.0,0.0,0.0,2.35,0.1,0.0,10.3
LD06101,HM017,F103,D14,2026-08-14 09:30:00,Mid snack,10,2.16,0.59,0.0,0.0,13.95,F103,21.6,5.9,0.0,0.0,2.16,0.5900000000000001,0.0,13.95
LD06102,HM017,F429,D14,2026-08-14 09:30:00,Mid snack,20,3.36,6.26,6.88,8.58,104.1,F429,16.8,31.3,34.4,42.9,3.3600000000000003,6.260000000000001,8.58,104.1
LD06103,HM017,F102,D14,2026-08-14 13:00:00,Lunch,95,23.275,15.865,0.0,0.0,235.885,F102,24.5,16.7,0.0,0.0,23.275,15.864999999999998,0.0,235.885
LD06104,HM017,F451,D14,2026-08-14 13:00:00,Lunch,440,4.4,0.88,13.2,26.84,132.88,F451,1.0,0.2,3.0,6.1,4.4,0.8800000000000001,26.84,132.88
LD06105,HM017,F361,D14,2026-08-14 16:00:00,Evening Snack,5,0.785,3.36,0.335,0.705,36.2,F361,15.7,67.2,6.7,14.1,0.785,3.3600000000000003,0.7050000000000001,36.199999999999996
LD06106,HM017,F246,D14,2026-08-14 16:00:00,Evening Snack,70,1.33,0.28,1.61,3.64,22.4,F246,1.9,0.4,2.3,5.2,1.3299999999999998,0.27999999999999997,3.6399999999999997,22.400000000000002
LD06107,HM017,F183,D14,2026-08-14 16:00:00,Evening Snack,10,0.1,0.02,0.3,0.59,2.94,F183,1.0,0.2,3.0,5.9,0.1,0.020000000000000004,0.5900000000000001,2.94
LD06108,HM017,F475,D14,2026-08-14 16:00:00,Evening Snack,15,2.055,0.285,1.83,10.89,54.345,F475,13.7,1.9,12.2,72.6,2.0549999999999997,0.285,10.889999999999999,54.345
LD06109,HM017,F193,D14,2026-08-14 18:30:00,Dinner,380,1.9,1.14,6.46,36.86,165.3,F193,0.5,0.3,1.7,9.7,1.9,1.14,36.85999999999999,165.29999999999998
LD06110,HM017,F151,D14,2026-08-14 18:30:00,Dinner,115,9.085,0.69,5.75,22.77,133.63,F151,7.9,0.6,5.0,19.8,9.084999999999999,0.69,22.77,133.63
LD06111,HM017,F033,D15,2026-08-15 06:30:00,Breakfast,25,7.75,0.9,0.0,0.0,39.1,F033,31.0,3.6,0.0,0.0,7.75,0.9,0.0,39.1
LD06112,HM017,F443,D15,2026-08-15 06:30:00,Breakfast,65,12.61,0.975,0.0,0.0,59.215,F443,19.4,1.5,0.0,0.0,12.61,0.9750000000000001,0.0,59.214999999999996
LD06113,HM017,F394,D15,2026-08-15 06:30:00,Breakfast,10,0.05,0.03,0.17,1.01,4.51,F394,0.5,0.3,1.7,10.1,0.05,0.03,1.01,4.51
LD06114,HM017,F129,D15,2026-08-15 06:30:00,Breakfast,500,4.0,2.0,8.0,73.5,328.0,F129,0.8,0.4,1.6,14.7,4.0,2.0,73.5,328.0
LD06115,HM017,F299,D15,2026-08-15 06:30:00,Breakfast,5,0.66,0.555,0.0,0.06,7.875,F299,13.2,11.1,0.0,1.2,0.66,0.555,0.06,7.875
LD06116,HM017,F045,D15,2026-08-15 06:30:00,Breakfast,115,2.07,0.46,2.645,5.75,35.42,F045,1.8,0.4,2.3,5.0,2.07,0.45999999999999996,5.75,35.42
LD06117,HM017,F087,D15,2026-08-15 09:30:00,Mid snack,10,1.79,2.04,0.0,0.25,26.52,F087,17.9,20.4,0.0,2.5,1.79,2.04,0.25,26.52
LD06118,HM017,F280,D15,2026-08-15 09:30:00,Mid snack,115,10.465,0.575,7.36,27.485,156.975,F280,9.1,0.5,6.4,23.9,10.464999999999998,0.575,27.484999999999996,156.97500000000002
LD06119,HM017,F306,D15,2026-08-15 09:30:00,Mid snack,5,1.31,0.58,0.0,0.0,10.46,F306,26.2,11.6,0.0,0.0,1.31,0.58,0.0,10.46
LD06120,HM017,F439,D15,2026-08-15 13:00:00,Lunch,5,1.02,0.255,0.0,0.0,6.375,F439,20.4,5.1,0.0,0.0,1.02,0.255,0.0,6.375
LD06121,HM017,F018,D15,2026-08-15 13:00:00,Lunch,90,14.94,8.1,5.4,8.91,168.3,F018,16.6,9.0,6.0,9.9,14.940000000000001,8.1,8.91,168.3
LD06122,HM017,F360,D15,2026-08-15 13:00:00,Lunch,20,3.74,9.02,0.66,6.22,121.02,F360,18.7,45.1,3.3,31.1,3.74,9.020000000000001,6.220000000000001,121.02
LD06123,HM017,F090,D15,2026-08-15 13:00:00,Lunch,45,11.385,21.69,3.825,7.11,269.19,F090,25.3,48.2,8.5,15.8,11.385,21.69,7.11,269.19
LD06124,HM017,F229,D15,2026-08-15 13:00:00,Lunch,5,0.95,2.195,1.365,1.505,29.575,F229,19.0,43.9,27.3,30.1,0.9500000000000001,2.195,1.5050000000000001,29.575
LD06125,HM017,F385,D15,2026-08-15 16:00:00,Evening Snack,30,0.18,0.03,0.36,1.05,5.19,F385,0.6,0.1,1.2,3.5,0.18,0.03,1.05,5.1899999999999995
LD06126,HM017,F391,D15,2026-08-15 16:00:00,Evening Snack,35,0.385,0.105,0.91,8.225,35.385,F391,1.1,0.3,2.6,23.5,0.385,0.105,8.225,35.385
LD06127,HM017,F068,D15,2026-08-15 16:00:00,Evening Snack,15,0.39,0.045,0.06,4.14,18.525,F068,2.6,0.3,0.4,27.6,0.39,0.045,4.14,18.525
LD06128,HM017,F157,D15,2026-08-15 16:00:00,Evening Snack,5,1.275,2.435,0.425,0.795,30.195,F157,25.5,48.7,8.5,15.9,1.2750000000000001,2.4350000000000005,0.795,30.195
LD06129,HM017,F064,D15,2026-08-15 16:00:00,Evening Snack,45,0.315,0.09,0.405,8.145,34.65,F064,0.7,0.2,0.9,18.1,0.315,0.09000000000000001,8.145000000000001,34.65
LD06130,HM017,F129,D15,2026-08-15 16:00:00,Evening Snack,135,1.08,0.54,2.16,19.845,88.56,F129,0.8,0.4,1.6,14.7,1.08,0.54,19.845,88.55999999999999
LD06131,HM017,F452,D15,2026-08-15 18:30:00,Dinner,495,2.97,0.495,5.94,17.325,85.635,F452,0.6,0.1,1.2,3.5,2.97,0.49500000000000005,17.325,85.63499999999999
LD06132,HM017,F004,D15,2026-08-15 18:30:00,Dinner,10,1.1,0.5,1.1,6.7,35.7,F004,11.0,5.0,11.0,67.0,1.1,0.5,6.7,35.7
LD06133,HM017,F494,D15,2026-08-15 18:30:00,Dinner,5,0.91,2.19,0.165,1.51,29.39,F494,18.2,43.8,3.3,30.2,0.91,2.19,1.51,29.39
LD06134,HM017,F028,D15,2026-08-15 18:30:00,Dinner,45,8.235,18.99,12.285,13.005,255.87,F028,18.3,42.2,27.3,28.9,8.235000000000001,18.990000000000002,13.004999999999999,255.87
LD06135,HM017,F129,D15,2026-08-15 18:30:00,Dinner,110,0.88,0.44,1.76,16.17,72.16,F129,0.8,0.4,1.6,14.7,0.8800000000000001,0.44000000000000006,16.17,72.16
LD06136,HM017,F016,D16,2026-08-16 06:30:00,Breakfast,165,13.2,2.475,11.55,36.3,220.275,F016,8.0,1.5,7.0,22.0,13.2,2.4749999999999996,36.3,220.275
LD06137,HM017,F490,D16,2026-08-16 06:30:00,Breakfast,155,5.425,5.115,0.0,7.285,96.875,F490,3.5,3.3,0.0,4.7,5.425,5.115,7.285,96.875
LD06138,HM017,F313,D16,2026-08-16 06:30:00,Breakfast,5,0.095,0.02,0.115,0.26,1.6,F313,1.9,0.4,2.3,5.2,0.095,0.020000000000000004,0.26,1.5999999999999999
LD06139,HM017,F260,D16,2026-08-16 06:30:00,Breakfast,290,1.45,0.87,4.93,29.58,131.95,F260,0.5,0.3,1.7,10.2,1.45,0.87,29.58,131.95
LD06140,HM017,F079,D16,2026-08-16 09:30:00,Mid snack,60,5.1,0.3,3.84,13.38,76.62,F079,8.5,0.5,6.4,22.3,5.1,0.3,13.38,76.62
LD06141,HM017,F179,D16,2026-08-16 09:30:00,Mid snack,70,1.26,0.28,1.61,3.5,21.56,F179,1.8,0.4,2.3,5.0,1.26,0.27999999999999997,3.5,21.56
LD06142,HM017,F182,D16,2026-08-16 09:30:00,Mid snack,190,3.61,0.38,6.08,14.06,74.1,F182,1.9,0.2,3.2,7.4,3.61,0.38,14.06,74.10000000000001
LD06143,HM017,F363,D16,2026-08-16 13:00:00,Lunch,50,9.4,21.75,13.65,14.9,292.95,F363,18.8,43.5,27.3,29.8,9.4,21.75,14.9,292.95
LD06144,HM017,F223,D16,2026-08-16 13:00:00,Lunch,55,1.815,1.87,0.0,2.75,35.09,F223,3.3,3.4,0.0,5.0,1.815,1.87,2.75,35.09
LD06145,HM017,F189,D16,2026-08-16 13:00:00,Lunch,205,6.355,0.615,2.05,6.765,58.015,F189,3.1,0.3,1.0,3.3,6.3549999999999995,0.6149999999999999,6.764999999999999,58.015
LD06146,HM017,F179,D16,2026-08-16 13:00:00,Lunch,90,1.62,0.36,2.07,4.5,27.72,F179,1.8,0.4,2.3,5.0,1.62,0.36000000000000004,4.5,27.72
LD06147,HM017,F307,D16,2026-08-16 13:00:00,Lunch,70,21.35,0.77,0.0,0.0,92.33,F307,30.5,1.1,0.0,0.0,21.349999999999998,0.77,0.0,92.33000000000001
LD06148,HM017,F275,D16,2026-08-16 13:00:00,Lunch,10,1.39,0.68,1.01,7.11,40.12,F275,13.9,6.8,10.1,71.1,1.3900000000000001,0.68,7.109999999999999,40.12
LD06149,HM017,F322,D16,2026-08-16 16:00:00,Evening Snack,55,0.66,0.055,0.935,5.39,24.695,F322,1.2,0.1,1.7,9.8,0.66,0.05500000000000001,5.390000000000001,24.695
LD06150,HM017,F455,D16,2026-08-16 16:00:00,Evening Snack,255,1.785,0.255,1.275,9.435,47.175,F455,0.7,0.1,0.5,3.7,1.7849999999999997,0.255,9.435,47.175000000000004
LD06151,HM017,F267,D16,2026-08-16 16:00:00,Evening Snack,35,1.12,0.175,1.295,28.84,121.415,F267,3.2,0.5,3.7,82.4,1.1199999999999999,0.175,28.84,121.415
LD06152,HM017,F146,D16,2026-08-16 18:30:00,Dinner,15,1.29,0.075,0.96,3.39,19.395,F146,8.6,0.5,6.4,22.6,1.2899999999999998,0.075,3.39,19.395
LD06153,HM017,F288,D16,2026-08-16 18:30:00,Dinner,20,3.84,4.36,0.0,0.52,56.68,F288,19.2,21.8,0.0,2.6,3.84,4.36,0.52,56.68
LD06154,HM017,F254,D16,2026-08-16 18:30:00,Dinner,500,3.5,0.5,2.5,18.5,92.5,F254,0.7,0.1,0.5,3.7,3.5,0.5,18.5,92.5
LD06155,HM017,F171,D17,2026-08-17 06:30:00,Breakfast,190,37.62,9.5,0.0,0.0,235.98,F171,19.8,5.0,0.0,0.0,37.62,9.5,0.0,235.98
LD06156,HM017,F202,D17,2026-08-17 06:30:00,Breakfast,40,1.12,0.12,0.16,11.72,52.44,F202,2.8,0.3,0.4,29.3,1.1199999999999999,0.12,11.72,52.44
LD06157,HM017,F342,D17,2026-08-17 06:30:00,Breakfast,5,0.68,0.335,0.505,3.485,19.675,F342,13.6,6.7,10.1,69.7,0.68,0.335,3.4850000000000003,19.675
LD06158,HM017,F001,D17,2026-08-17 06:30:00,Breakfast,25,0.675,0.075,0.1,7.05,31.575,F001,2.7,0.3,0.4,28.2,0.675,0.075,7.05,31.575
LD06159,HM017,F376,D17,2026-08-17 09:30:00,Mid snack,120,23.52,1.8,0.0,0.0,110.28,F376,19.6,1.5,0.0,0.0,23.52,1.7999999999999998,0.0,110.28
LD06160,HM017,F374,D17,2026-08-17 09:30:00,Mid snack,15,4.485,0.15,0.0,0.0,19.29,F374,29.9,1.0,0.0,0.0,4.484999999999999,0.15,0.0,19.290000000000003
LD06161,HM017,F403,D17,2026-08-17 13:00:00,Lunch,250,7.0,0.75,1.0,72.0,322.75,F403,2.8,0.3,0.4,28.8,7.0,0.75,72.0,322.75
LD06162,HM017,F054,D17,2026-08-17 13:00:00,Lunch,145,1.595,0.145,2.465,13.485,61.625,F054,1.1,0.1,1.7,9.3,1.595,0.145,13.485000000000001,61.625
LD06163,HM017,F137,D17,2026-08-17 16:00:00,Evening Snack,15,1.08,0.195,1.725,10.695,48.855,F137,7.2,1.3,11.5,71.3,1.08,0.195,10.694999999999999,48.855000000000004
LD06164,HM017,F183,D17,2026-08-17 16:00:00,Evening Snack,200,2.0,0.4,6.0,11.8,58.8,F183,1.0,0.2,3.0,5.9,2.0,0.4,11.8,58.800000000000004
LD06165,HM017,F171,D17,2026-08-17 18:30:00,Dinner,35,6.93,1.75,0.0,0.0,43.47,F171,19.8,5.0,0.0,0.0,6.93,1.75,0.0,43.47
LD06166,HM017,F442,D17,2026-08-17 18:30:00,Dinner,120,29.4,1.2,0.0,0.0,128.4,F442,24.5,1.0,0.0,0.0,29.4,1.2,0.0,128.4
LD06167,HM017,F396,D17,2026-08-17 18:30:00,Dinner,285,1.71,0.57,1.14,22.23,100.89,F396,0.6,0.2,0.4,7.8,1.71,0.5700000000000001,22.23,100.89
LD06168,HM017,F026,D17,2026-08-17 18:30:00,Dinner,5,0.76,3.26,0.335,0.685,35.12,F026,15.2,65.2,6.7,13.7,0.76,3.2600000000000002,0.685,35.12
LD06169,HM017,F377,D18,2026-08-18 06:30:00,Breakfast,500,15.5,1.5,12.0,19.5,153.5,F377,3.1,0.3,2.4,3.9,15.5,1.5,19.5,153.5
LD06170,HM017,F097,D18,2026-08-18 06:30:00,Breakfast,5,1.48,2.405,0.3,0.525,29.665,F097,29.6,48.1,6.0,10.5,1.4800000000000002,2.4050000000000002,0.525,29.665
LD06171,HM017,F320,D18,2026-08-18 09:30:00,Mid snack,75,0.675,0.15,0.9,3.075,16.35,F320,0.9,0.2,1.2,4.1,0.675,0.15000000000000002,3.0749999999999997,16.35
LD06172,HM017,F422,D18,2026-08-18 09:30:00,Mid snack,5,0.935,1.06,0.0,0.125,13.78,F422,18.7,21.2,0.0,2.5,0.935,1.06,0.125,13.780000000000001
LD06173,HM017,F309,D18,2026-08-18 09:30:00,Mid snack,10,1.99,0.16,0.0,0.0,9.4,F309,19.9,1.6,0.0,0.0,1.99,0.16000000000000003,0.0,9.4
LD06174,HM017,F313,D18,2026-08-18 09:30:00,Mid snack,130,2.47,0.52,2.99,6.76,41.6,F313,1.9,0.4,2.3,5.2,2.4699999999999998,0.52,6.760000000000001,41.6
LD06175,HM017,F294,D18,2026-08-18 13:00:00,Lunch,10,1.6,6.85,0.67,1.44,73.81,F294,16.0,68.5,6.7,14.4,1.6,6.8500000000000005,1.4400000000000002,73.81
LD06176,HM017,F289,D18,2026-08-18 13:00:00,Lunch,145,5.365,5.075,0.0,7.105,95.555,F289,3.7,3.5,0.0,4.9,5.365,5.075,7.105,95.555
LD06177,HM017,F230,D18,2026-08-18 13:00:00,Lunch,10,1.84,5.17,1.18,2.43,63.61,F230,18.4,51.7,11.8,24.3,1.8399999999999999,5.170000000000001,2.43,63.61
LD06178,HM017,F226,D18,2026-08-18 16:00:00,Evening Snack,5,0.945,2.28,0.165,1.57,30.58,F226,18.9,45.6,3.3,31.4,0.945,2.2800000000000002,1.57,30.58
LD06179,HM017,F120,D18,2026-08-18 16:00:00,Evening Snack,220,1.54,0.22,1.1,7.7,38.94,F120,0.7,0.1,0.5,3.5,1.54,0.22000000000000003,7.700000000000001,38.94
LD06180,HM017,F427,D18,2026-08-18 18:30:00,Dinner,10,1.86,4.47,0.33,3.08,59.99,F427,18.6,44.7,3.3,30.8,1.8600000000000003,4.470000000000001,3.08,59.989999999999995
LD06181,HM017,F382,D18,2026-08-18 18:30:00,Dinner,255,4.08,0.51,7.14,25.245,121.89,F382,1.6,0.2,2.8,9.9,4.08,0.51,25.244999999999997,121.89000000000001
LD06182,HM017,F379,D19,2026-08-19 06:30:00,Breakfast,230,5.75,0.92,7.59,17.02,99.36,F379,2.5,0.4,3.3,7.4,5.75,0.9199999999999999,17.02,99.36
LD06183,HM017,F429,D19,2026-08-19 06:30:00,Breakfast,30,5.04,9.39,10.32,12.87,156.15,F429,16.8,31.3,34.4,42.9,5.04,9.39,12.87,156.15
LD06184,HM017,F113,D19,2026-08-19 06:30:00,Breakfast,20,0.18,0.04,0.56,1.88,8.6,F113,0.9,0.2,2.8,9.4,0.18000000000000002,0.04000000000000001,1.8800000000000001,8.6
LD06185,HM017,F180,D19,2026-08-19 09:30:00,Mid snack,110,0.99,0.22,3.08,10.45,47.74,F180,0.9,0.2,2.8,9.5,0.9900000000000001,0.22000000000000003,10.450000000000001,47.739999999999995
LD06186,HM017,F091,D19,2026-08-19 09:30:00,Mid snack,5,1.04,2.445,0.625,1.065,30.425,F091,20.8,48.9,12.5,21.3,1.04,2.4450000000000003,1.0650000000000002,30.424999999999997
LD06187,HM017,F026,D19,2026-08-19 09:30:00,Mid snack,5,0.76,3.26,0.335,0.685,35.12,F026,15.2,65.2,6.7,13.7,0.76,3.2600000000000002,0.685,35.12
LD06188,HM017,F040,D19,2026-08-19 09:30:00,Mid snack,15,3.6,0.15,0.0,0.0,15.75,F040,24.0,1.0,0.0,0.0,3.5999999999999996,0.15,0.0,15.75
LD06189,HM017,F060,D19,2026-08-19 13:00:00,Lunch,15,0.255,0.18,0.6,2.805,13.86,F060,1.7,1.2,4.0,18.7,0.255,0.18,2.8049999999999997,13.86
LD06190,HM017,F409,D19,2026-08-19 13:00:00,Lunch,40,5.4,2.64,4.04,27.64,155.92,F409,13.5,6.6,10.1,69.1,5.4,2.64,27.64,155.92
LD06191,HM017,F041,D19,2026-08-19 13:00:00,Lunch,45,8.55,0.675,0.0,0.0,40.275,F041,19.0,1.5,0.0,0.0,8.55,0.675,0.0,40.275000000000006
LD06192,HM017,F102,D19,2026-08-19 13:00:00,Lunch,50,12.25,8.35,0.0,0.0,124.15,F102,24.5,16.7,0.0,0.0,12.25,8.35,0.0,124.14999999999999
LD06193,HM017,F336,D19,2026-08-19 16:00:00,Evening Snack,35,0.98,0.105,0.14,10.15,45.465,F336,2.8,0.3,0.4,29.0,0.9799999999999999,0.105,10.149999999999999,45.465
LD06194,HM017,F205,D19,2026-08-19 16:00:00,Evening Snack,10,1.14,0.52,1.1,6.97,37.12,F205,11.4,5.2,11.0,69.7,1.1400000000000001,0.52,6.970000000000001,37.12
LD06195,HM017,F176,D19,2026-08-19 16:00:00,Evening Snack,75,2.25,0.225,1.8,2.85,22.425,F176,3.0,0.3,2.4,3.8,2.25,0.22499999999999998,2.8499999999999996,22.424999999999997
LD06196,HM017,F028,D19,2026-08-19 18:30:00,Dinner,15,2.745,6.33,4.095,4.335,85.29,F028,18.3,42.2,27.3,28.9,2.745,6.33,4.335,85.28999999999999
LD06197,HM017,F214,D19,2026-08-19 18:30:00,Dinner,135,9.855,0.54,10.26,27.0,152.28,F214,7.3,0.4,7.6,20.0,9.855,0.54,27.0,152.28000000000003
LD06198,HM017,F087,D19,2026-08-19 18:30:00,Dinner,15,2.685,3.06,0.0,0.375,39.78,F087,17.9,20.4,0.0,2.5,2.6849999999999996,3.0599999999999996,0.375,39.78
LD06199,HM017,F403,D20,2026-08-20 06:30:00,Breakfast,160,4.48,0.48,0.64,46.08,206.56,F403,2.8,0.3,0.4,28.8,4.4799999999999995,0.48,46.080000000000005,206.56
LD06200,HM017,F198,D20,2026-08-20 06:30:00,Breakfast,165,1.155,0.33,1.485,29.535,125.73,F198,0.7,0.2,0.9,17.9,1.1549999999999998,0.33,29.534999999999997,125.73
LD06201,HM017,F088,D20,2026-08-20 06:30:00,Breakfast,130,4.42,4.16,0.0,5.98,79.04,F088,3.4,3.2,0.0,4.6,4.42,4.16,5.9799999999999995,79.03999999999999
LD06202,HM017,F490,D20,2026-08-20 09:30:00,Mid snack,150,5.25,4.95,0.0,7.05,93.75,F490,3.5,3.3,0.0,4.7,5.25,4.949999999999999,7.050000000000001,93.75
LD06203,HM017,F035,D20,2026-08-20 09:30:00,Mid snack,5,1.25,0.85,0.0,0.0,12.65,F035,25.0,17.0,0.0,0.0,1.25,0.8500000000000001,0.0,12.649999999999999
LD06204,HM017,F498,D20,2026-08-20 09:30:00,Mid snack,5,0.885,2.485,0.59,1.17,30.585,F498,17.7,49.7,11.8,23.4,0.885,2.4850000000000003,1.17,30.584999999999997
LD06205,HM017,F111,D20,2026-08-20 09:30:00,Mid snack,55,1.32,0.22,1.815,3.905,22.88,F111,2.4,0.4,3.3,7.1,1.32,0.22000000000000003,3.9050000000000002,22.88
LD06206,HM017,F385,D20,2026-08-20 13:00:00,Lunch,500,3.0,0.5,6.0,17.5,86.5,F385,0.6,0.1,1.2,3.5,3.0,0.5,17.5,86.5
LD06207,HM017,F386,D20,2026-08-20 13:00:00,Lunch,500,5.0,1.0,14.0,20.5,111.0,F386,1.0,0.2,2.8,4.1,5.0,1.0,20.5,111.0
LD06208,HM017,F134,D20,2026-08-20 13:00:00,Lunch,155,1.395,0.93,6.665,15.5,75.95,F134,0.9,0.6,4.3,10.0,1.395,0.9299999999999999,15.5,75.95
LD06209,HM017,F476,D20,2026-08-20 16:00:00,Evening Snack,5,0.66,0.325,0.505,3.385,19.105,F476,13.2,6.5,10.1,67.7,0.66,0.325,3.3850000000000002,19.105
LD06210,HM017,F200,D20,2026-08-20 16:00:00,Evening Snack,25,0.775,0.125,0.925,19.6,82.625,F200,3.1,0.5,3.7,78.4,0.775,0.125,19.6,82.625
LD06211,HM017,F109,D20,2026-08-20 16:00:00,Evening Snack,170,4.93,0.51,4.08,6.29,49.47,F109,2.9,0.3,2.4,3.7,4.93,0.51,6.29,49.47
LD06212,HM017,F384,D20,2026-08-20 16:00:00,Evening Snack,85,0.85,0.17,2.55,5.27,26.01,F384,1.0,0.2,3.0,6.2,0.85,0.17,5.27,26.009999999999998
LD06213,HM017,F188,D20,2026-08-20 18:30:00,Dinner,170,1.87,0.17,2.89,15.64,71.57,F188,1.1,0.1,1.7,9.2,1.87,0.17,15.639999999999999,71.57000000000001
LD06214,HM017,F411,D20,2026-08-20 18:30:00,Dinner,95,12.35,1.045,3.705,70.585,341.145,F411,13.0,1.1,3.9,74.3,12.35,1.045,70.585,341.1449999999999
LD06215,HM017,F352,D20,2026-08-20 18:30:00,Dinner,5,0.41,0.03,0.25,1.03,6.03,F352,8.2,0.6,5.0,20.6,0.41,0.03,1.03,6.029999999999999
LD06216,HM017,F012,D21,2026-08-21 06:30:00,Breakfast,60,5.22,0.3,3.84,13.68,78.3,F012,8.7,0.5,6.4,22.8,5.22,0.3,13.68,78.3
LD06217,HM017,F113,D21,2026-08-21 06:30:00,Breakfast,185,1.665,0.37,5.18,17.39,79.55,F113,0.9,0.2,2.8,9.4,1.665,0.37000000000000005,17.39,79.55
LD06218,HM017,F151,D21,2026-08-21 09:30:00,Mid snack,10,0.79,0.06,0.5,1.98,11.62,F151,7.9,0.6,5.0,19.8,0.79,0.06,1.9800000000000002,11.620000000000001
LD06219,HM017,F393,D21,2026-08-21 09:30:00,Mid snack,95,0.855,0.095,2.28,11.59,50.635,F393,0.9,0.1,2.4,12.2,0.855,0.095,11.589999999999998,50.635
LD06220,HM017,F334,D21,2026-08-21 13:00:00,Lunch,30,0.99,0.15,1.11,24.96,105.15,F334,3.3,0.5,3.7,83.2,0.9899999999999999,0.15,24.96,105.14999999999999
LD06221,HM017,F277,D21,2026-08-21 13:00:00,Lunch,30,3.99,0.36,1.17,22.92,110.88,F277,13.3,1.2,3.9,76.4,3.99,0.36,22.92,110.88000000000001
LD06222,HM017,F329,D21,2026-08-21 16:00:00,Evening Snack,10,0.06,0.02,0.04,0.8,3.62,F329,0.6,0.2,0.4,8.0,0.06,0.020000000000000004,0.8,3.6200000000000006
LD06223,HM017,F306,D21,2026-08-21 16:00:00,Evening Snack,20,5.24,2.32,0.0,0.0,41.84,F306,26.2,11.6,0.0,0.0,5.24,2.32,0.0,41.84
LD06224,HM017,F068,D21,2026-08-21 16:00:00,Evening Snack,20,0.52,0.06,0.08,5.52,24.7,F068,2.6,0.3,0.4,27.6,0.52,0.06,5.5200000000000005,24.699999999999996
LD06225,HM017,F231,D21,2026-08-21 18:30:00,Dinner,10,3.14,5.11,0.6,1.11,62.99,F231,31.4,51.1,6.0,11.1,3.14,5.11,1.11,62.99
LD06226,HM017,F176,D21,2026-08-21 18:30:00,Dinner,195,5.85,0.585,4.68,7.41,58.305,F176,3.0,0.3,2.4,3.8,5.85,0.585,7.409999999999999,58.305
LD06227,HM017,F006,D21,2026-08-21 18:30:00,Dinner,10,1.37,0.19,1.22,7.26,36.23,F006,13.7,1.9,12.2,72.6,1.37,0.19,7.26,36.23
LD06228,HM017,F177,D22,2026-08-22 06:30:00,Breakfast,160,9.44,1.6,12.8,12.64,102.72,F177,5.9,1.0,8.0,7.9,9.440000000000001,1.6,12.64,102.72
LD06229,HM017,F217,D22,2026-08-22 06:30:00,Breakfast,10,0.83,0.16,0.7,2.29,13.92,F217,8.3,1.6,7.0,22.9,0.8300000000000001,0.16000000000000003,2.29,13.92
LD06230,HM017,F073,D22,2026-08-22 06:30:00,Breakfast,25,3.35,0.475,3.05,17.775,88.775,F073,13.4,1.9,12.2,71.1,3.35,0.475,17.775,88.775
LD06231,HM017,F179,D22,2026-08-22 06:30:00,Breakfast,20,0.36,0.08,0.46,1.0,6.16,F179,1.8,0.4,2.3,5.0,0.36000000000000004,0.08000000000000002,1.0,6.159999999999999
LD06232,HM017,F263,D22,2026-08-22 13:00:00,Lunch,320,2.56,1.28,5.12,49.92,221.44,F263,0.8,0.4,1.6,15.6,2.5600000000000005,1.2800000000000002,49.92,221.44000000000003
LD06233,HM017,F337,D22,2026-08-22 13:00:00,Lunch,55,1.485,0.495,0.99,13.035,62.535,F337,2.7,0.9,1.8,23.7,1.4850000000000003,0.49500000000000005,13.035,62.535
LD06234,HM017,F105,D22,2026-08-22 16:00:00,Evening Snack,5,1.225,0.54,0.0,0.0,9.76,F105,24.5,10.8,0.0,0.0,1.225,0.54,0.0,9.760000000000002
LD06235,HM017,F123,D22,2026-08-22 16:00:00,Evening Snack,85,0.935,0.255,2.21,18.955,81.855,F123,1.1,0.3,2.6,22.3,0.935,0.255,18.955000000000002,81.85499999999999
LD06236,HM017,F191,D22,2026-08-22 18:30:00,Dinner,35,0.91,0.35,1.89,4.97,26.67,F191,2.6,1.0,5.4,14.2,0.9099999999999999,0.35,4.97,26.669999999999998
LD06237,HM017,F239,D22,2026-08-22 18:30:00,Dinner,15,3.9,1.71,0.0,0.0,30.99,F239,26.0,11.4,0.0,0.0,3.9,1.71,0.0,30.990000000000002
LD06238,HM017,F178,D22,2026-08-22 18:30:00,Dinner,345,8.28,1.38,11.385,24.495,143.52,F178,2.4,0.4,3.3,7.1,8.28,1.3800000000000001,24.495,143.51999999999998
LD06239,HM017,F218,D22,2026-08-22 18:30:00,Dinner,20,1.66,0.12,1.0,4.16,24.36,F218,8.3,0.6,5.0,20.8,1.6600000000000001,0.12,4.16,24.36
