target_id,target_date,user_id,summary_id,protein_consumed,fat_consumed,fibre_consumed,carb_consumed,calories_consumed,protein_target,fibre_target,fat_target,carb_target,calorie_target,protein_result,fat_result,fibre_result,carb_result,calorie_result,calorie_difference,calorie_difference_pct,protein_gap,fat_gap,fibre_gap,carb_gap,calorie_adherence,protein_achieved,fat_achieved,fibre_achieved,carb_achieved,calorie_achieved,calorie_status,adherence_score,adherence_category
T0002,2026-08-01,HM001,S002,119.0,29.0,61.0,295.0,1927.0,85,22,38,85,1536,Achieved (119.0g),Not Achieved (29.0g),Achieved (61.0g),Achieved (295.0g),Achieved (1927.0 kcal),391.0,25.5,34.0,-9.0,39.0,210.0,Above Target,True,False,True,True,True,Surplus > 100 kcal,80.0,Good (61-80%)
T0003,2026-08-02,HM001,S003,74.0,39.0,24.0,182.0,1389.0,85,22,38,85,1536,Not Achieved (74.0g),Achieved (39.0g),Achieved (24.0g),Achieved (182.0g),Not Achieved (1389.0 kcal),-147.0,-9.6,-11.0,1.0,2.0,97.0,Within ±10%,False,True,True,True,False,Deficit > 100 kcal,60.0,Moderate (41-60%)
T0004,2026-08-03,HM001,S004,68.0,32.0,34.0,227.0,1464.0,85,22,38,85,1536,Not Achieved (68.0g),Not Achieved (32.0g),Achieved (34.0g),Achieved (227.0g),Not Achieved (1464.0 kcal),-72.0,-4.7,-17.0,-6.0,12.0,142.0,Within ±10%,False,False,True,True,False,Within ±100 kcal,40.0,Low (0-40%)
T0005,2026-08-04,HM001,S005,75.0,26.0,21.0,114.0,1001.0,85,22,38,85,1536,Not Achieved (75.0g),Not Achieved (26.0g),Not Achieved (21.0g),Achieved (114.0g),Not Achieved (1001.0 kcal),-535.0,-34.8,-10.0,-12.0,-1.0,29.0,Below Target,False,False,False,True,False,Deficit > 100 kcal,20.0,Low (0-40%)
T0006,2026-08-05,HM001,S006,105.0,52.0,60.0,262.0,1937.0,85,22,38,85,1536,Achieved (105.0g),Achieved (52.0g),Achieved (60.0g),Achieved (262.0g),Achieved (1937.0 kcal),401.0,26.1,20.0,14.0,38.0,177.0,Above Target,True,True,True,True,True,Surplus > 100 kcal,100.0,Excellent (81-100%)
T0007,2026-08-06,HM001,S007,68.0,62.0,65.0,254.0,1863.0,85,22,38,85,1536,Not Achieved (68.0g),Achieved (62.0g),Achieved (65.0g),Achieved (254.0g),Achieved (1863.0 kcal),327.0,21.3,-17.0,24.0,43.0,169.0,Above Target,False,True,True,True,True,Surplus > 100 kcal,80.0,Good (61-80%)
T0008,2026-08-07,HM001,S008,59.0,20.0,32.0,85.0,753.0,85,22,38,85,1536,Not Achieved (59.0g),Not Achieved (20.0g),Achieved (32.0g),Achieved (85.0g),Not Achieved (753.0 kcal),-783.0,-51.0,-26.0,-18.0,10.0,0.0,Below Target,False,False,True,True,False,Deficit > 100 kcal,40.0,Low (0-40%)
T0009,2026-08-08,HM001,S009,106.0,33.0,67.0,162.0,1362.0,85,22,38,85,1536,Achieved (106.0g),Not Achieved (33.0g),Achieved (67.0g),Achieved (162.0g),Not Achieved (1362.0 kcal),-174.0,-11.3,21.0,-5.0,45.0,77.0,Below Target,True,False,True,True,False,Deficit > 100 kcal,60.0,Moderate (41-60%)
T0010,2026-08-09,HM001,S010,99.0,52.0,39.0,247.0,1853.0,85,22,38,85,1536,Achieved (99.0g),Achieved (52.0g),Achieved (39.0g),Achieved (247.0g),Achieved (1853.0 kcal),317.0,20.6,14.0,14.0,17.0,162.0,Above Target,True,True,True,True,True,Surplus > 100 kcal,100.0,Excellent (81-100%)
T0011,2026-08-10,HM001,S011,57.0,16.0,40.0,152.0,988.0,85,22,38,85,1536,Not Achieved (57.0g),Not Achieved (16.0g),Achieved (40.0g),Achieved (152.0g),Not Achieved (988.0 kcal),-548.0,-35.7,-28.0,-22.0,18.0,67.0,Below Target,False,False,True,True,False,Deficit > 100 kcal,40.0,Low (0-40%)
T0012,2026-08-11,HM001,S012,131.0,57.0,56.0,302.0,2251.0,85,22,38,85,1536,Achieved (131.0g),Achieved (57.0g),Achieved (56.0g),Achieved (302.0g),Achieved (2251.0 kcal),715.0,46.5,46.0,19.0,34.0,217.0,Above Target,True,True,True,True,True,Surplus > 100 kcal,100.0,Excellent (81-100%)
T0013,2026-08-12,HM001,S013,141.0,66.0,65.0,268.0,2246.0,85,22,38,85,1536,Achieved (141.0g),Achieved (66.0g),Achieved (65.0g),Achieved (268.0g),Achieved (2246.0 kcal),710.0,46.2,56.0,28.0,43.0,183.0,Above Target,True,True,True,True,True,Surplus > 100 kcal,100.0,Excellent (81-100%)
T0014,2026-08-13,HM001,S014,112.0,42.0,53.0,154.0,1439.0,85,22,38,85,1536,Achieved (112.0g),Achieved (42.0g),Achieved (53.0g),Achieved (154.0g),Not Achieved (1439.0 kcal),-97.0,-6.3,27.0,4.0,31.0,69.0,Within ±10%,True,True,True,True,False,Within ±100 kcal,80.0,Good (61-80%)
T0015,2026-08-14,HM001,S015,58.0,23.0,44.0,149.0,1037.0,85,22,38,85,1536,Not Achieved (58.0g),Not Achieved (23.0g),Achieved (44.0g),Achieved (149.0g),Not Achieved (1037.0 kcal),-499.0,-32.5,-27.0,-15.0,22.0,64.0,Below Target,False,False,True,True,False,Deficit > 100 kcal,40.0,Low (0-40%)
T0016,2026-08-15,HM001,S016,68.0,26.0,60.0,322.0,1817.0,85,22,38,85,1536,Not Achieved (68.0g),Not Achieved (26.0g),Achieved (60.0g),Achieved (322.0g),Achieved (1817.0 kcal),281.0,18.3,-17.0,-12.0,38.0,237.0,Above Target,False,False,True,True,True,Surplus > 100 kcal,60.0,Moderate (41-60%)
T0017,2026-08-16,HM001,S017,89.0,41.0,48.0,194.0,1503.0,85,22,38,85,1536,Achieved (89.0g),Achieved (41.0g),Achieved (48.0g),Achieved (194.0g),Not Achieved (1503.0 kcal),-33.0,-2.1,4.0,3.0,26.0,109.0,Within ±10%,True,True,True,True,False,Within ±100 kcal,80.0,Good (61-80%)
T0018,2026-08-17,HM001,S018,67.0,10.0,28.0,170.0,1034.0,85,22,38,85,1536,Not Achieved (67.0g),Not Achieved (10.0g),Achieved (28.0g),Achieved (170.0g),Not Achieved (1034.0 kcal),-502.0,-32.7,-18.0,-28.0,6.0,85.0,Below Target,False,False,True,True,False,Deficit > 100 kcal,40.0,Low (0-40%)
T0019,2026-08-18,HM001,S019,56.0,14.0,35.0,146.0,953.0,85,22,38,85,1536,Not Achieved (56.0g),Not Achieved (14.0g),Achieved (35.0g),Achieved (146.0g),Not Achieved (953.0 kcal),-583.0,-38.0,-29.0,-24.0,13.0,61.0,Below Target,False,False,True,True,False,Deficit > 100 kcal,40.0,Low (0-40%)
T0020,2026-08-19,HM001,S020,34.0,24.0,33.0,110.0,790.0,85,22,38,85,1536,Not Achieved (34.0g),Not Achieved (24.0g),Achieved (33.0g),Achieved (110.0g),Not Achieved (790.0 kcal),-746.0,-48.6,-51.0,-14.0,11.0,25.0,Below Target,False,False,True,True,False,Deficit > 100 kcal,40.0,Low (0-40%)
T0021,2026-08-20,HM001,S021,98.0,58.0,72.0,228.0,1825.0,85,22,38,85,1536,Achieved (98.0g),Achieved (58.0g),Achieved (72.0g),Achieved (228.0g),Achieved (1825.0 kcal),289.0,18.8,13.0,20.0,50.0,143.0,Above Target,True,True,True,True,True,Surplus > 100 kcal,100.0,Excellent (81-100%)
T0022,2026-08-21,HM001,S022,57.0,19.0,41.0,131.0,920.0,85,22,38,85,1536,Not Achieved (57.0g),Not Achieved (19.0g),Achieved (41.0g),Achieved (131.0g),Not Achieved (920.0 kcal),-616.0,-40.1,-28.0,-19.0,19.0,46.0,Below Target,False,False,True,True,False,Deficit > 100 kcal,40.0,Low (0-40%)
T0023,2026-08-22,HM001,S023,31.0,20.0,42.0,147.0,892.0,85,22,38,85,1536,Not Achieved (31.0g),Not Achieved (20.0g),Achieved (42.0g),Achieved (147.0g),Not Achieved (892.0 kcal),-644.0,-41.9,-54.0,-18.0,20.0,62.0,Below Target,False,False,True,True,False,Deficit > 100 kcal,40.0,Low (0-40%)
T0024,2026-08-01,HM002,S024,45.0,23.0,31.0,102.0,799.0,122,19,54,122,1363,Not Achieved (45.0g),Not Achieved (23.0g),Achieved (31.0g),Not Achieved (102.0g),Not Achieved (799.0 kcal),-564.0,-41.4,-77.0,-31.0,12.0,-20.0,Below Target,False,False,True,False,False,Deficit > 100 kcal,20.0,Low (0-40%)
T0025,2026-08-02,HM002,S025,51.0,21.0,14.0,122.0,884.0,122,19,54,122,1363,Not Achieved (51.0g),Not Achieved (21.0g),Not Achieved (14.0g),Achieved (122.0g),Not Achieved (884.0 kcal),-479.0,-35.1,-71.0,-33.0,-5.0,0.0,Below Target,False,False,False,True,False,Deficit > 100 kcal,20.0,Low (0-40%)
T0026,2026-08-03,HM002,S026,66.0,28.0,52.0,179.0,1226.0,122,19,54,122,1363,Not Achieved (66.0g),Not Achieved (28.0g),Achieved (52.0g),Achieved (179.0g),Not Achieved (1226.0 kcal),-137.0,-10.1,-56.0,-26.0,33.0,57.0,Below Target,False,False,True,True,False,Deficit > 100 kcal,40.0,Low (0-40%)
T0027,2026-08-04,HM002,S027,112.0,43.0,65.0,296.0,2017.0,122,19,54,122,1363,Not Achieved (112.0g),Not Achieved (43.0g),Achieved (65.0g),Achieved (296.0g),Achieved (2017.0 kcal),654.0,48.0,-10.0,-11.0,46.0,174.0,Above Target,False,False,True,True,True,Surplus > 100 kcal,60.0,Moderate (41-60%)
T0028,2026-08-05,HM002,S028,71.0,33.0,57.0,296.0,1767.0,122,19,54,122,1363,Not Achieved (71.0g),Not Achieved (33.0g),Achieved (57.0g),Achieved (296.0g),Achieved (1767.0 kcal),404.0,29.6,-51.0,-21.0,38.0,174.0,Above Target,False,False,True,True,True,Surplus > 100 kcal,60.0,Moderate (41-60%)
T0029,2026-08-06,HM002,S029,75.0,46.0,59.0,251.0,1720.0,122,19,54,122,1363,Not Achieved (75.0g),Not Achieved (46.0g),Achieved (59.0g),Achieved (251.0g),Achieved (1720.0 kcal),357.0,26.2,-47.0,-8.0,40.0,129.0,Above Target,False,False,True,True,True,Surplus > 100 kcal,60.0,Moderate (41-60%)
T0030,2026-08-07,HM002,S030,115.0,35.0,80.0,223.0,1666.0,122,19,54,122,1363,Not Achieved (115.0g),Not Achieved (35.0g),Achieved (80.0g),Achieved (223.0g),Achieved (1666.0 kcal),303.0,22.2,-7.0,-19.0,61.0,101.0,Above Target,False,False,True,True,True,Surplus > 100 kcal,60.0,Moderate (41-60%)
T0031,2026-08-08,HM002,S031,65.0,33.0,42.0,167.0,1231.0,122,19,54,122,1363,Not Achieved (65.0g),Not Achieved (33.0g),Achieved (42.0g),Achieved (167.0g),Not Achieved (1231.0 kcal),-132.0,-9.7,-57.0,-21.0,23.0,45.0,Within ±10%,False,False,True,True,False,Deficit > 100 kcal,40.0,Low (0-40%)
T0032,2026-08-09,HM002,S032,70.0,8.0,21.0,139.0,908.0,122,19,54,122,1363,Not Achieved (70.0g),Not Achieved (8.0g),Achieved (21.0g),Achieved (139.0g),Not Achieved (908.0 kcal),-455.0,-33.4,-52.0,-46.0,2.0,17.0,Below Target,False,False,True,True,False,Deficit > 100 kcal,40.0,Low (0-40%)
T0033,2026-08-10,HM002,S033,60.0,47.0,47.0,125.0,1167.0,122,19,54,122,1363,Not Achieved (60.0g),Not Achieved (47.0g),Achieved (47.0g),Achieved (125.0g),Not Achieved (1167.0 kcal),-196.0,-14.4,-62.0,-7.0,28.0,3.0,Below Target,False,False,True,True,False,Deficit > 100 kcal,40.0,Low (0-40%)
T0034,2026-08-11,HM002,S034,71.0,15.0,24.0,108.0,856.0,122,19,54,122,1363,Not Achieved (71.0g),Not Achieved (15.0g),Achieved (24.0g),Not Achieved (108.0g),Not Achieved (856.0 kcal),-507.0,-37.2,-51.0,-39.0,5.0,-14.0,Below Target,False,False,True,False,False,Deficit > 100 kcal,20.0,Low (0-40%)
T0035,2026-08-12,HM002,S035,89.0,56.0,91.0,273.0,1958.0,122,19,54,122,1363,Not Achieved (89.0g),Achieved (56.0g),Achieved (91.0g),Achieved (273.0g),Achieved (1958.0 kcal),595.0,43.7,-33.0,2.0,72.0,151.0,Above Target,False,True,True,True,True,Surplus > 100 kcal,80.0,Good (61-80%)
T0036,2026-08-13,HM002,S036,84.0,58.0,57.0,296.0,2043.0,122,19,54,122,1363,Not Achieved (84.0g),Achieved (58.0g),Achieved (57.0g),Achieved (296.0g),Achieved (2043.0 kcal),680.0,49.9,-38.0,4.0,38.0,174.0,Above Target,False,True,True,True,True,Surplus > 100 kcal,80.0,Good (61-80%)
T0037,2026-08-14,HM002,S037,79.0,34.0,50.0,270.0,1705.0,122,19,54,122,1363,Not Achieved (79.0g),Not Achieved (34.0g),Achieved (50.0g),Achieved (270.0g),Achieved (1705.0 kcal),342.0,25.1,-43.0,-20.0,31.0,148.0,Above Target,False,False,True,True,True,Surplus > 100 kcal,60.0,Moderate (41-60%)
T0038,2026-08-15,HM002,S038,80.0,8.0,16.0,117.0,862.0,122,19,54,122,1363,Not Achieved (80.0g),Not Achieved (8.0g),Not Achieved (16.0g),Not Achieved (117.0g),Not Achieved (862.0 kcal),-501.0,-36.8,-42.0,-46.0,-3.0,-5.0,Below Target,False,False,False,False,False,Deficit > 100 kcal,0.0,Low (0-40%)
T0039,2026-08-16,HM002,S039,59.0,14.0,20.0,125.0,863.0,122,19,54,122,1363,Not Achieved (59.0g),Not Achieved (14.0g),Achieved (20.0g),Achieved (125.0g),Not Achieved (863.0 kcal),-500.0,-36.7,-63.0,-40.0,1.0,3.0,Below Target,False,False,True,True,False,Deficit > 100 kcal,40.0,Low (0-40%)
T0040,2026-08-17,HM002,S040,104.0,25.0,74.0,273.0,1731.0,122,19,54,122,1363,Not Achieved (104.0g),Not Achieved (25.0g),Achieved (74.0g),Achieved (273.0g),Achieved (1731.0 kcal),368.0,27.0,-18.0,-29.0,55.0,151.0,Above Target,False,False,True,True,True,Surplus > 100 kcal,60.0,Moderate (41-60%)
T0041,2026-08-18,HM002,S041,68.0,21.0,55.0,217.0,1330.0,122,19,54,122,1363,Not Achieved (68.0g),Not Achieved (21.0g),Achieved (55.0g),Achieved (217.0g),Not Achieved (1330.0 kcal),-33.0,-2.4,-54.0,-33.0,36.0,95.0,Within ±10%,False,False,True,True,False,Within ±100 kcal,40.0,Low (0-40%)
T0042,2026-08-19,HM002,S042,62.0,30.0,18.0,120.0,994.0,122,19,54,122,1363,Not Achieved (62.0g),Not Achieved (30.0g),Not Achieved (18.0g),Not Achieved (120.0g),Not Achieved (994.0 kcal),-369.0,-27.1,-60.0,-24.0,-1.0,-2.0,Below Target,False,False,False,False,False,Deficit > 100 kcal,0.0,Low (0-40%)
T0043,2026-08-20,HM002,S043,105.0,24.0,47.0,145.0,1219.0,122,19,54,122,1363,Not Achieved (105.0g),Not Achieved (24.0g),Achieved (47.0g),Achieved (145.0g),Not Achieved (1219.0 kcal),-144.0,-10.6,-17.0,-30.0,28.0,23.0,Below Target,False,False,True,True,False,Deficit > 100 kcal,40.0,Low (0-40%)
T0044,2026-08-21,HM002,S044,138.0,23.0,48.0,215.0,1620.0,122,19,54,122,1363,Achieved (138.0g),Not Achieved (23.0g),Achieved (48.0g),Achieved (215.0g),Achieved (1620.0 kcal),257.0,18.9,16.0,-31.0,29.0,93.0,Above Target,True,False,True,True,True,Surplus > 100 kcal,80.0,Good (61-80%)
T0045,2026-08-22,HM002,S045,57.0,36.0,37.0,156.0,1175.0,122,19,54,122,1363,Not Achieved (57.0g),Not Achieved (36.0g),Achieved (37.0g),Achieved (156.0g),Not Achieved (1175.0 kcal),-188.0,-13.8,-65.0,-18.0,18.0,34.0,Below Target,False,False,True,True,False,Deficit > 100 kcal,40.0,Low (0-40%)
T0046,2026-08-01,HM003,S046,99.0,31.0,37.0,266.0,1743.0,122,27,85,190,1955,Not Achieved (99.0g),Not Achieved (31.0g),Achieved (37.0g),Achieved (266.0g),Not Achieved (1743.0 kcal),-212.0,-10.8,-23.0,-54.0,10.0,76.0,Below Target,False,False,True,True,False,Deficit > 100 kcal,40.0,Low (0-40%)
T0047,2026-08-02,HM003,S047,170.0,41.0,56.0,164.0,1708.0,122,27,85,190,1955,Achieved (170.0g),Not Achieved (41.0g),Achieved (56.0g),Not Achieved (164.0g),Not Achieved (1708.0 kcal),-247.0,-12.6,48.0,-44.0,29.0,-26.0,Below Target,True,False,True,False,False,Deficit > 100 kcal,40.0,Low (0-40%)
T0048,2026-08-03,HM003,S048,55.0,43.0,13.0,104.0,1017.0,122,27,85,190,1955,Not Achieved (55.0g),Not Achieved (43.0g),Not Achieved (13.0g),Not Achieved (104.0g),Not Achieved (1017.0 kcal),-938.0,-48.0,-67.0,-42.0,-14.0,-86.0,Below Target,False,False,False,False,False,Deficit > 100 kcal,0.0,Low (0-40%)
T0049,2026-08-04,HM003,S049,77.0,42.0,48.0,235.0,1624.0,122,27,85,190,1955,Not Achieved (77.0g),Not Achieved (42.0g),Achieved (48.0g),Achieved (235.0g),Not Achieved (1624.0 kcal),-331.0,-16.9,-45.0,-43.0,21.0,45.0,Below Target,False,False,True,True,False,Deficit > 100 kcal,40.0,Low (0-40%)
T0050,2026-08-05,HM003,S050,47.0,51.0,24.0,105.0,1066.0,122,27,85,190,1955,Not Achieved (47.0g),Not Achieved (51.0g),Not Achieved (24.0g),Not Achieved (105.0g),Not Achieved (1066.0 kcal),-889.0,-45.5,-75.0,-34.0,-3.0,-85.0,Below Target,False,False,False,False,False,Deficit > 100 kcal,0.0,Low (0-40%)
T0051,2026-08-06,HM003,S051,83.0,51.0,43.0,228.0,1707.0,122,27,85,190,1955,Not Achieved (83.0g),Not Achieved (51.0g),Achieved (43.0g),Achieved (228.0g),Not Achieved (1707.0 kcal),-248.0,-12.7,-39.0,-34.0,16.0,38.0,Below Target,False,False,True,True,False,Deficit > 100 kcal,40.0,Low (0-40%)
T0052,2026-08-07,HM003,S052,212.0,66.0,81.0,342.0,2808.0,122,27,85,190,1955,Achieved (212.0g),Not Achieved (66.0g),Achieved (81.0g),Achieved (342.0g),Achieved (2808.0 kcal),853.0,43.6,90.0,-19.0,54.0,152.0,Above Target,True,False,True,True,True,Surplus > 100 kcal,80.0,Good (61-80%)
T0053,2026-08-08,HM003,S053,86.0,37.0,24.0,140.0,1236.0,122,27,85,190,1955,Not Achieved (86.0g),Not Achieved (37.0g),Not Achieved (24.0g),Not Achieved (140.0g),Not Achieved (1236.0 kcal),-719.0,-36.8,-36.0,-48.0,-3.0,-50.0,Below Target,False,False,False,False,False,Deficit > 100 kcal,0.0,Low (0-40%)
T0054,2026-08-09,HM003,S054,73.0,58.0,79.0,252.0,1821.0,122,27,85,190,1955,Not Achieved (73.0g),Not Achieved (58.0g),Achieved (79.0g),Achieved (252.0g),Not Achieved (1821.0 kcal),-134.0,-6.9,-49.0,-27.0,52.0,62.0,Within ±10%,False,False,True,True,False,Deficit > 100 kcal,40.0,Low (0-40%)
T0055,2026-08-10,HM003,S055,188.0,75.0,37.0,138.0,1980.0,122,27,85,190,1955,Achieved (188.0g),Not Achieved (75.0g),Achieved (37.0g),Not Achieved (138.0g),Achieved (1980.0 kcal),25.0,1.3,66.0,-10.0,10.0,-52.0,Within ±10%,True,False,True,False,True,Within ±100 kcal,60.0,Moderate (41-60%)
T0056,2026-08-11,HM003,S056,79.0,27.0,61.0,248.0,1556.0,122,27,85,190,1955,Not Achieved (79.0g),Not Achieved (27.0g),Achieved (61.0g),Achieved (248.0g),Not Achieved (1556.0 kcal),-399.0,-20.4,-43.0,-58.0,34.0,58.0,Below Target,False,False,True,True,False,Deficit > 100 kcal,40.0,Low (0-40%)
T0057,2026-08-12,HM003,S057,102.0,29.0,33.0,102.0,1074.0,122,27,85,190,1955,Not Achieved (102.0g),Not Achieved (29.0g),Achieved (33.0g),Not Achieved (102.0g),Not Achieved (1074.0 kcal),-881.0,-45.1,-20.0,-56.0,6.0,-88.0,Below Target,False,False,True,False,False,Deficit > 100 kcal,20.0,Low (0-40%)
T0058,2026-08-13,HM003,S058,29.0,18.0,40.0,159.0,917.0,122,27,85,190,1955,Not Achieved (29.0g),Not Achieved (18.0g),Achieved (40.0g),Not Achieved (159.0g),Not Achieved (917.0 kcal),-1038.0,-53.1,-93.0,-67.0,13.0,-31.0,Below Target,False,False,True,False,False,Deficit > 100 kcal,20.0,Low (0-40%)
T0059,2026-08-14,HM003,S059,68.0,33.0,22.0,156.0,1189.0,122,27,85,190,1955,Not Achieved (68.0g),Not Achieved (33.0g),Not Achieved (22.0g),Not Achieved (156.0g),Not Achieved (1189.0 kcal),-766.0,-39.2,-54.0,-52.0,-5.0,-34.0,Below Target,False,False,False,False,False,Deficit > 100 kcal,0.0,Low (0-40%)
T0060,2026-08-15,HM003,S060,105.0,46.0,72.0,269.0,1912.0,122,27,85,190,1955,Not Achieved (105.0g),Not Achieved (46.0g),Achieved (72.0g),Achieved (269.0g),Not Achieved (1912.0 kcal),-43.0,-2.2,-17.0,-39.0,45.0,79.0,Within ±10%,False,False,True,True,False,Within ±100 kcal,40.0,Low (0-40%)
T0061,2026-08-16,HM003,S061,74.0,32.0,31.0,143.0,1155.0,122,27,85,190,1955,Not Achieved (74.0g),Not Achieved (32.0g),Achieved (31.0g),Not Achieved (143.0g),Not Achieved (1155.0 kcal),-800.0,-40.9,-48.0,-53.0,4.0,-47.0,Below Target,False,False,True,False,False,Deficit > 100 kcal,20.0,Low (0-40%)
T0062,2026-08-17,HM003,S062,188.0,54.0,89.0,340.0,2595.0,122,27,85,190,1955,Achieved (188.0g),Not Achieved (54.0g),Achieved (89.0g),Achieved (340.0g),Achieved (2595.0 kcal),640.0,32.7,66.0,-31.0,62.0,150.0,Above Target,True,False,True,True,True,Surplus > 100 kcal,80.0,Good (61-80%)
T0063,2026-08-18,HM003,S063,87.0,21.0,27.0,106.0,958.0,122,27,85,190,1955,Not Achieved (87.0g),Not Achieved (21.0g),Achieved (27.0g),Not Achieved (106.0g),Not Achieved (958.0 kcal),-997.0,-51.0,-35.0,-64.0,0.0,-84.0,Below Target,False,False,True,False,False,Deficit > 100 kcal,20.0,Low (0-40%)
T0064,2026-08-19,HM003,S064,141.0,65.0,27.0,59.0,1383.0,122,27,85,190,1955,Achieved (141.0g),Not Achieved (65.0g),Achieved (27.0g),Not Achieved (59.0g),Not Achieved (1383.0 kcal),-572.0,-29.3,19.0,-20.0,0.0,-131.0,Below Target,True,False,True,False,False,Deficit > 100 kcal,40.0,Low (0-40%)
T0065,2026-08-20,HM003,S065,64.0,28.0,30.0,115.0,970.0,122,27,85,190,1955,Not Achieved (64.0g),Not Achieved (28.0g),Achieved (30.0g),Not Achieved (115.0g),Not Achieved (970.0 kcal),-985.0,-50.4,-58.0,-57.0,3.0,-75.0,Below Target,False,False,True,False,False,Deficit > 100 kcal,20.0,Low (0-40%)
T0066,2026-08-21,HM003,S066,230.0,64.0,71.0,247.0,2482.0,122,27,85,190,1955,Achieved (230.0g),Not Achieved (64.0g),Achieved (71.0g),Achieved (247.0g),Achieved (2482.0 kcal),527.0,27.0,108.0,-21.0,44.0,57.0,Above Target,True,False,True,True,True,Surplus > 100 kcal,80.0,Good (61-80%)
T0067,2026-08-22,HM003,S067,164.0,71.0,46.0,303.0,2510.0,122,27,85,190,1955,Achieved (164.0g),Not Achieved (71.0g),Achieved (46.0g),Achieved (303.0g),Achieved (2510.0 kcal),555.0,28.4,42.0,-14.0,19.0,113.0,Above Target,True,False,True,True,True,Surplus > 100 kcal,80.0,Good (61-80%)
T0068,2026-08-01,HM004,S068,56.0,22.0,38.0,161.0,1069.0,190,30,63,143,2175,Not Achieved (56.0g),Not Achieved (22.0g),Achieved (38.0g),Achieved (161.0g),Not Achieved (1069.0 kcal),-1106.0,-50.9,-134.0,-41.0,8.0,18.0,Below Target,False,False,True,True,False,Deficit > 100 kcal,40.0,Low (0-40%)
T0069,2026-08-02,HM004,S069,59.0,28.0,32.0,100.0,884.0,190,30,63,143,2175,Not Achieved (59.0g),Not Achieved (28.0g),Achieved (32.0g),Not Achieved (100.0g),Not Achieved (884.0 kcal),-1291.0,-59.4,-131.0,-35.0,2.0,-43.0,Below Target,False,False,True,False,False,Deficit > 100 kcal,20.0,Low (0-40%)
T0070,2026-08-03,HM004,S070,117.0,23.0,66.0,332.0,2002.0,190,30,63,143,2175,Not Achieved (117.0g),Not Achieved (23.0g),Achieved (66.0g),Achieved (332.0g),Not Achieved (2002.0 kcal),-173.0,-8.0,-73.0,-40.0,36.0,189.0,Within ±10%,False,False,True,True,False,Deficit > 100 kcal,40.0,Low (0-40%)
T0071,2026-08-04,HM004,S071,162.0,81.0,82.0,297.0,2564.0,190,30,63,143,2175,Not Achieved (162.0g),Achieved (81.0g),Achieved (82.0g),Achieved (297.0g),Achieved (2564.0 kcal),389.0,17.9,-28.0,18.0,52.0,154.0,Above Target,False,True,True,True,True,Surplus > 100 kcal,80.0,Good (61-80%)
T0072,2026-08-05,HM004,S072,116.0,45.0,64.0,273.0,1964.0,190,30,63,143,2175,Not Achieved (116.0g),Not Achieved (45.0g),Achieved (64.0g),Achieved (273.0g),Not Achieved (1964.0 kcal),-211.0,-9.7,-74.0,-18.0,34.0,130.0,Within ±10%,False,False,True,True,False,Deficit > 100 kcal,40.0,Low (0-40%)
T0073,2026-08-06,HM004,S073,251.0,62.0,59.0,273.0,2659.0,190,30,63,143,2175,Achieved (251.0g),Not Achieved (62.0g),Achieved (59.0g),Achieved (273.0g),Achieved (2659.0 kcal),484.0,22.3,61.0,-1.0,29.0,130.0,Above Target,True,False,True,True,True,Surplus > 100 kcal,80.0,Good (61-80%)
T0074,2026-08-07,HM004,S074,77.0,45.0,72.0,273.0,1805.0,190,30,63,143,2175,Not Achieved (77.0g),Not Achieved (45.0g),Achieved (72.0g),Achieved (273.0g),Not Achieved (1805.0 kcal),-370.0,-17.0,-113.0,-18.0,42.0,130.0,Below Target,False,False,True,True,False,Deficit > 100 kcal,40.0,Low (0-40%)
T0075,2026-08-08,HM004,S075,190.0,37.0,82.0,250.0,2090.0,190,30,63,143,2175,Achieved (190.0g),Not Achieved (37.0g),Achieved (82.0g),Achieved (250.0g),Not Achieved (2090.0 kcal),-85.0,-3.9,0.0,-26.0,52.0,107.0,Within ±10%,True,False,True,True,False,Within ±100 kcal,60.0,Moderate (41-60%)
T0076,2026-08-09,HM004,S076,120.0,30.0,114.0,449.0,2547.0,190,30,63,143,2175,Not Achieved (120.0g),Not Achieved (30.0g),Achieved (114.0g),Achieved (449.0g),Achieved (2547.0 kcal),372.0,17.1,-70.0,-33.0,84.0,306.0,Above Target,False,False,True,True,True,Surplus > 100 kcal,60.0,Moderate (41-60%)
T0077,2026-08-10,HM004,S077,195.0,81.0,105.0,402.0,3116.0,190,30,63,143,2175,Achieved (195.0g),Achieved (81.0g),Achieved (105.0g),Achieved (402.0g),Achieved (3116.0 kcal),941.0,43.3,5.0,18.0,75.0,259.0,Above Target,True,True,True,True,True,Surplus > 100 kcal,100.0,Excellent (81-100%)
T0078,2026-08-11,HM004,S078,155.0,52.0,76.0,343.0,2459.0,190,30,63,143,2175,Not Achieved (155.0g),Not Achieved (52.0g),Achieved (76.0g),Achieved (343.0g),Achieved (2459.0 kcal),284.0,13.1,-35.0,-11.0,46.0,200.0,Above Target,False,False,True,True,True,Surplus > 100 kcal,60.0,Moderate (41-60%)
T0079,2026-08-12,HM004,S079,115.0,48.0,96.0,381.0,2416.0,190,30,63,143,2175,Not Achieved (115.0g),Not Achieved (48.0g),Achieved (96.0g),Achieved (381.0g),Achieved (2416.0 kcal),241.0,11.1,-75.0,-15.0,66.0,238.0,Above Target,False,False,True,True,True,Surplus > 100 kcal,60.0,Moderate (41-60%)
T0080,2026-08-13,HM004,S080,240.0,50.0,37.0,181.0,2134.0,190,30,63,143,2175,Achieved (240.0g),Not Achieved (50.0g),Achieved (37.0g),Achieved (181.0g),Not Achieved (2134.0 kcal),-41.0,-1.9,50.0,-13.0,7.0,38.0,Within ±10%,True,False,True,True,False,Within ±100 kcal,60.0,Moderate (41-60%)
T0081,2026-08-14,HM004,S081,102.0,35.0,39.0,131.0,1252.0,190,30,63,143,2175,Not Achieved (102.0g),Not Achieved (35.0g),Achieved (39.0g),Not Achieved (131.0g),Not Achieved (1252.0 kcal),-923.0,-42.4,-88.0,-28.0,9.0,-12.0,Below Target,False,False,True,False,False,Deficit > 100 kcal,20.0,Low (0-40%)
T0082,2026-08-15,HM004,S082,56.0,13.0,83.0,285.0,1486.0,190,30,63,143,2175,Not Achieved (56.0g),Not Achieved (13.0g),Achieved (83.0g),Achieved (285.0g),Not Achieved (1486.0 kcal),-689.0,-31.7,-134.0,-50.0,53.0,142.0,Below Target,False,False,True,True,False,Deficit > 100 kcal,40.0,Low (0-40%)
T0083,2026-08-16,HM004,S083,143.0,81.0,60.0,217.0,2172.0,190,30,63,143,2175,Not Achieved (143.0g),Achieved (81.0g),Achieved (60.0g),Achieved (217.0g),Not Achieved (2172.0 kcal),-3.0,-0.1,-47.0,18.0,30.0,74.0,Within ±10%,False,True,True,True,False,Within ±100 kcal,60.0,Moderate (41-60%)
T0084,2026-08-17,HM004,S084,211.0,66.0,76.0,372.0,2926.0,190,30,63,143,2175,Achieved (211.0g),Achieved (66.0g),Achieved (76.0g),Achieved (372.0g),Achieved (2926.0 kcal),751.0,34.5,21.0,3.0,46.0,229.0,Above Target,True,True,True,True,True,Surplus > 100 kcal,100.0,Excellent (81-100%)
T0085,2026-08-18,HM004,S085,146.0,60.0,60.0,207.0,1952.0,190,30,63,143,2175,Not Achieved (146.0g),Not Achieved (60.0g),Achieved (60.0g),Achieved (207.0g),Not Achieved (1952.0 kcal),-223.0,-10.3,-44.0,-3.0,30.0,64.0,Below Target,False,False,True,True,False,Deficit > 100 kcal,40.0,Low (0-40%)
T0086,2026-08-19,HM004,S086,54.0,15.0,32.0,146.0,935.0,190,30,63,143,2175,Not Achieved (54.0g),Not Achieved (15.0g),Achieved (32.0g),Achieved (146.0g),Not Achieved (935.0 kcal),-1240.0,-57.0,-136.0,-48.0,2.0,3.0,Below Target,False,False,True,True,False,Deficit > 100 kcal,40.0,Low (0-40%)
T0087,2026-08-20,HM004,S087,102.0,36.0,101.0,411.0,2373.0,190,30,63,143,2175,Not Achieved (102.0g),Not Achieved (36.0g),Achieved (101.0g),Achieved (411.0g),Achieved (2373.0 kcal),198.0,9.1,-88.0,-27.0,71.0,268.0,Within ±10%,False,False,True,True,True,Surplus > 100 kcal,60.0,Moderate (41-60%)
T0088,2026-08-21,HM004,S088,134.0,49.0,86.0,220.0,1858.0,190,30,63,143,2175,Not Achieved (134.0g),Not Achieved (49.0g),Achieved (86.0g),Achieved (220.0g),Not Achieved (1858.0 kcal),-317.0,-14.6,-56.0,-14.0,56.0,77.0,Below Target,False,False,True,True,False,Deficit > 100 kcal,40.0,Low (0-40%)
T0089,2026-08-22,HM004,S089,57.0,26.0,43.0,185.0,1196.0,190,30,63,143,2175,Not Achieved (57.0g),Not Achieved (26.0g),Achieved (43.0g),Achieved (185.0g),Not Achieved (1196.0 kcal),-979.0,-45.0,-133.0,-37.0,13.0,42.0,Below Target,False,False,True,True,False,Deficit > 100 kcal,40.0,Low (0-40%)
T0090,2026-08-01,HM005,S090,68.0,18.0,41.0,175.0,1129.0,143,23,29,65,1629,Not Achieved (68.0g),Not Achieved (18.0g),Achieved (41.0g),Achieved (175.0g),Not Achieved (1129.0 kcal),-500.0,-30.7,-75.0,-11.0,18.0,110.0,Below Target,False,False,True,True,False,Deficit > 100 kcal,40.0,Low (0-40%)
T0091,2026-08-02,HM005,S091,44.0,25.0,25.0,120.0,881.0,143,23,29,65,1629,Not Achieved (44.0g),Not Achieved (25.0g),Achieved (25.0g),Achieved (120.0g),Not Achieved (881.0 kcal),-748.0,-45.9,-99.0,-4.0,2.0,55.0,Below Target,False,False,True,True,False,Deficit > 100 kcal,40.0,Low (0-40%)
T0092,2026-08-03,HM005,S092,141.0,37.0,46.0,146.0,1475.0,143,23,29,65,1629,Not Achieved (141.0g),Achieved (37.0g),Achieved (46.0g),Achieved (146.0g),Not Achieved (1475.0 kcal),-154.0,-9.5,-2.0,8.0,23.0,81.0,Within ±10%,False,True,True,True,False,Deficit > 100 kcal,60.0,Moderate (41-60%)
T0093,2026-08-04,HM005,S093,93.0,20.0,34.0,108.0,985.0,143,23,29,65,1629,Not Achieved (93.0g),Not Achieved (20.0g),Achieved (34.0g),Achieved (108.0g),Not Achieved (985.0 kcal),-644.0,-39.5,-50.0,-9.0,11.0,43.0,Below Target,False,False,True,True,False,Deficit > 100 kcal,40.0,Low (0-40%)
T0094,2026-08-05,HM005,S094,81.0,21.0,45.0,253.0,1522.0,143,23,29,65,1629,Not Achieved (81.0g),Not Achieved (21.0g),Achieved (45.0g),Achieved (253.0g),Not Achieved (1522.0 kcal),-107.0,-6.6,-62.0,-8.0,22.0,188.0,Within ±10%,False,False,True,True,False,Deficit > 100 kcal,40.0,Low (0-40%)
T0095,2026-08-06,HM005,S095,100.0,68.0,75.0,252.0,2021.0,143,23,29,65,1629,Not Achieved (100.0g),Achieved (68.0g),Achieved (75.0g),Achieved (252.0g),Achieved (2021.0 kcal),392.0,24.1,-43.0,39.0,52.0,187.0,Above Target,False,True,True,True,True,Surplus > 100 kcal,80.0,Good (61-80%)
T0096,2026-08-07,HM005,S096,54.0,19.0,19.0,103.0,797.0,143,23,29,65,1629,Not Achieved (54.0g),Not Achieved (19.0g),Not Achieved (19.0g),Achieved (103.0g),Not Achieved (797.0 kcal),-832.0,-51.1,-89.0,-10.0,-4.0,38.0,Below Target,False,False,False,True,False,Deficit > 100 kcal,20.0,Low (0-40%)
T0097,2026-08-08,HM005,S097,58.0,24.0,63.0,254.0,1462.0,143,23,29,65,1629,Not Achieved (58.0g),Not Achieved (24.0g),Achieved (63.0g),Achieved (254.0g),Not Achieved (1462.0 kcal),-167.0,-10.3,-85.0,-5.0,40.0,189.0,Below Target,False,False,True,True,False,Deficit > 100 kcal,40.0,Low (0-40%)
T0098,2026-08-09,HM005,S098,30.0,33.0,44.0,282.0,1545.0,143,23,29,65,1629,Not Achieved (30.0g),Achieved (33.0g),Achieved (44.0g),Achieved (282.0g),Not Achieved (1545.0 kcal),-84.0,-5.2,-113.0,4.0,21.0,217.0,Within ±10%,False,True,True,True,False,Within ±100 kcal,60.0,Moderate (41-60%)
T0099,2026-08-10,HM005,S099,26.0,13.0,47.0,163.0,874.0,143,23,29,65,1629,Not Achieved (26.0g),Not Achieved (13.0g),Achieved (47.0g),Achieved (163.0g),Not Achieved (874.0 kcal),-755.0,-46.3,-117.0,-16.0,24.0,98.0,Below Target,False,False,True,True,False,Deficit > 100 kcal,40.0,Low (0-40%)
T0100,2026-08-11,HM005,S100,158.0,41.0,99.0,344.0,2377.0,143,23,29,65,1629,Achieved (158.0g),Achieved (41.0g),Achieved (99.0g),Achieved (344.0g),Achieved (2377.0 kcal),748.0,45.9,15.0,12.0,76.0,279.0,Above Target,True,True,True,True,True,Surplus > 100 kcal,100.0,Excellent (81-100%)
T0101,2026-08-12,HM005,S101,100.0,43.0,48.0,183.0,1515.0,143,23,29,65,1629,Not Achieved (100.0g),Achieved (43.0g),Achieved (48.0g),Achieved (183.0g),Not Achieved (1515.0 kcal),-114.0,-7.0,-43.0,14.0,25.0,118.0,Within ±10%,False,True,True,True,False,Deficit > 100 kcal,60.0,Moderate (41-60%)
T0102,2026-08-13,HM005,S102,84.0,14.0,34.0,123.0,960.0,143,23,29,65,1629,Not Achieved (84.0g),Not Achieved (14.0g),Achieved (34.0g),Achieved (123.0g),Not Achieved (960.0 kcal),-669.0,-41.1,-59.0,-15.0,11.0,58.0,Below Target,False,False,True,True,False,Deficit > 100 kcal,40.0,Low (0-40%)
T0103,2026-08-14,HM005,S103,166.0,80.0,42.0,258.0,2417.0,143,23,29,65,1629,Achieved (166.0g),Achieved (80.0g),Achieved (42.0g),Achieved (258.0g),Achieved (2417.0 kcal),788.0,48.4,23.0,51.0,19.0,193.0,Above Target,True,True,True,True,True,Surplus > 100 kcal,100.0,Excellent (81-100%)
T0104,2026-08-15,HM005,S104,143.0,18.0,27.0,170.0,1415.0,143,23,29,65,1629,Achieved (143.0g),Not Achieved (18.0g),Achieved (27.0g),Achieved (170.0g),Not Achieved (1415.0 kcal),-214.0,-13.1,0.0,-11.0,4.0,105.0,Below Target,True,False,True,True,False,Deficit > 100 kcal,60.0,Moderate (41-60%)
T0105,2026-08-16,HM005,S105,34.0,16.0,43.0,164.0,940.0,143,23,29,65,1629,Not Achieved (34.0g),Not Achieved (16.0g),Achieved (43.0g),Achieved (164.0g),Not Achieved (940.0 kcal),-689.0,-42.3,-109.0,-13.0,20.0,99.0,Below Target,False,False,True,True,False,Deficit > 100 kcal,40.0,Low (0-40%)
T0106,2026-08-17,HM005,S106,66.0,43.0,73.0,313.0,1904.0,143,23,29,65,1629,Not Achieved (66.0g),Achieved (43.0g),Achieved (73.0g),Achieved (313.0g),Achieved (1904.0 kcal),275.0,16.9,-77.0,14.0,50.0,248.0,Above Target,False,True,True,True,True,Surplus > 100 kcal,80.0,Good (61-80%)
T0107,2026-08-18,HM005,S107,48.0,17.0,31.0,132.0,869.0,143,23,29,65,1629,Not Achieved (48.0g),Not Achieved (17.0g),Achieved (31.0g),Achieved (132.0g),Not Achieved (869.0 kcal),-760.0,-46.7,-95.0,-12.0,8.0,67.0,Below Target,False,False,True,True,False,Deficit > 100 kcal,40.0,Low (0-40%)
T0108,2026-08-19,HM005,S108,53.0,38.0,52.0,227.0,1457.0,143,23,29,65,1629,Not Achieved (53.0g),Achieved (38.0g),Achieved (52.0g),Achieved (227.0g),Not Achieved (1457.0 kcal),-172.0,-10.6,-90.0,9.0,29.0,162.0,Below Target,False,True,True,True,False,Deficit > 100 kcal,60.0,Moderate (41-60%)
T0109,2026-08-20,HM005,S109,75.0,35.0,46.0,244.0,1593.0,143,23,29,65,1629,Not Achieved (75.0g),Achieved (35.0g),Achieved (46.0g),Achieved (244.0g),Not Achieved (1593.0 kcal),-36.0,-2.2,-68.0,6.0,23.0,179.0,Within ±10%,False,True,True,True,False,Within ±100 kcal,60.0,Moderate (41-60%)
T0110,2026-08-21,HM005,S110,90.0,50.0,83.0,241.0,1770.0,143,23,29,65,1629,Not Achieved (90.0g),Achieved (50.0g),Achieved (83.0g),Achieved (241.0g),Achieved (1770.0 kcal),141.0,8.7,-53.0,21.0,60.0,176.0,Within ±10%,False,True,True,True,True,Surplus > 100 kcal,80.0,Good (61-80%)
T0111,2026-08-22,HM005,S111,47.0,25.0,78.0,245.0,1394.0,143,23,29,65,1629,Not Achieved (47.0g),Not Achieved (25.0g),Achieved (78.0g),Achieved (245.0g),Not Achieved (1394.0 kcal),-235.0,-14.4,-96.0,-4.0,55.0,180.0,Below Target,False,False,True,True,False,Deficit > 100 kcal,40.0,Low (0-40%)
T0112,2026-08-01,HM006,S112,75.0,27.0,30.0,120.0,1022.0,65,15,37,82,1037,Achieved (75.0g),Not Achieved (27.0g),Achieved (30.0g),Achieved (120.0g),Not Achieved (1022.0 kcal),-15.0,-1.4,10.0,-10.0,15.0,38.0,Within ±10%,True,False,True,True,False,Within ±100 kcal,60.0,Moderate (41-60%)
T0113,2026-08-02,HM006,S113,30.0,25.0,16.0,85.0,687.0,65,15,37,82,1037,Not Achieved (30.0g),Not Achieved (25.0g),Achieved (16.0g),Achieved (85.0g),Not Achieved (687.0 kcal),-350.0,-33.8,-35.0,-12.0,1.0,3.0,Below Target,False,False,True,True,False,Deficit > 100 kcal,40.0,Low (0-40%)
T0114,2026-08-03,HM006,S114,27.0,11.0,17.0,87.0,560.0,65,15,37,82,1037,Not Achieved (27.0g),Not Achieved (11.0g),Achieved (17.0g),Achieved (87.0g),Not Achieved (560.0 kcal),-477.0,-46.0,-38.0,-26.0,2.0,5.0,Below Target,False,False,True,True,False,Deficit > 100 kcal,40.0,Low (0-40%)
T0115,2026-08-04,HM006,S115,24.0,13.0,29.0,84.0,549.0,65,15,37,82,1037,Not Achieved (24.0g),Not Achieved (13.0g),Achieved (29.0g),Achieved (84.0g),Not Achieved (549.0 kcal),-488.0,-47.1,-41.0,-24.0,14.0,2.0,Below Target,False,False,True,True,False,Deficit > 100 kcal,40.0,Low (0-40%)
T0116,2026-08-05,HM006,S116,110.0,23.0,46.0,171.0,1330.0,65,15,37,82,1037,Achieved (110.0g),Not Achieved (23.0g),Achieved (46.0g),Achieved (171.0g),Achieved (1330.0 kcal),293.0,28.3,45.0,-14.0,31.0,89.0,Above Target,True,False,True,True,True,Surplus > 100 kcal,80.0,Good (61-80%)
T0117,2026-08-06,HM006,S117,51.0,17.0,49.0,157.0,989.0,65,15,37,82,1037,Not Achieved (51.0g),Not Achieved (17.0g),Achieved (49.0g),Achieved (157.0g),Not Achieved (989.0 kcal),-48.0,-4.6,-14.0,-20.0,34.0,75.0,Within ±10%,False,False,True,True,False,Within ±100 kcal,40.0,Low (0-40%)
T0118,2026-08-07,HM006,S118,75.0,30.0,43.0,237.0,1520.0,65,15,37,82,1037,Achieved (75.0g),Not Achieved (30.0g),Achieved (43.0g),Achieved (237.0g),Achieved (1520.0 kcal),483.0,46.6,10.0,-7.0,28.0,155.0,Above Target,True,False,True,True,True,Surplus > 100 kcal,80.0,Good (61-80%)
T0119,2026-08-08,HM006,S119,99.0,37.0,17.0,90.0,1089.0,65,15,37,82,1037,Achieved (99.0g),Achieved (37.0g),Achieved (17.0g),Achieved (90.0g),Achieved (1089.0 kcal),52.0,5.0,34.0,0.0,2.0,8.0,Within ±10%,True,True,True,True,True,Within ±100 kcal,100.0,Excellent (81-100%)
T0120,2026-08-09,HM006,S120,106.0,41.0,16.0,84.0,1129.0,65,15,37,82,1037,Achieved (106.0g),Achieved (41.0g),Achieved (16.0g),Achieved (84.0g),Achieved (1129.0 kcal),92.0,8.9,41.0,4.0,1.0,2.0,Within ±10%,True,True,True,True,True,Within ±100 kcal,100.0,Excellent (81-100%)
T0121,2026-08-10,HM006,S121,77.0,45.0,45.0,182.0,1443.0,65,15,37,82,1037,Achieved (77.0g),Achieved (45.0g),Achieved (45.0g),Achieved (182.0g),Achieved (1443.0 kcal),406.0,39.2,12.0,8.0,30.0,100.0,Above Target,True,True,True,True,True,Surplus > 100 kcal,100.0,Excellent (81-100%)
T0122,2026-08-11,HM006,S122,91.0,28.0,43.0,183.0,1347.0,65,15,37,82,1037,Achieved (91.0g),Not Achieved (28.0g),Achieved (43.0g),Achieved (183.0g),Achieved (1347.0 kcal),310.0,29.9,26.0,-9.0,28.0,101.0,Above Target,True,False,True,True,True,Surplus > 100 kcal,80.0,Good (61-80%)
T0123,2026-08-12,HM006,S123,71.0,15.0,12.0,44.0,594.0,65,15,37,82,1037,Achieved (71.0g),Not Achieved (15.0g),Not Achieved (12.0g),Not Achieved (44.0g),Not Achieved (594.0 kcal),-443.0,-42.7,6.0,-22.0,-3.0,-38.0,Below Target,True,False,False,False,False,Deficit > 100 kcal,20.0,Low (0-40%)
T0124,2026-08-13,HM006,S124,58.0,22.0,24.0,69.0,708.0,65,15,37,82,1037,Not Achieved (58.0g),Not Achieved (22.0g),Achieved (24.0g),Not Achieved (69.0g),Not Achieved (708.0 kcal),-329.0,-31.7,-7.0,-15.0,9.0,-13.0,Below Target,False,False,True,False,False,Deficit > 100 kcal,20.0,Low (0-40%)
T0125,2026-08-14,HM006,S125,28.0,9.0,15.0,92.0,560.0,65,15,37,82,1037,Not Achieved (28.0g),Not Achieved (9.0g),Achieved (15.0g),Achieved (92.0g),Not Achieved (560.0 kcal),-477.0,-46.0,-37.0,-28.0,0.0,10.0,Below Target,False,False,True,True,False,Deficit > 100 kcal,40.0,Low (0-40%)
T0126,2026-08-15,HM006,S126,46.0,31.0,33.0,130.0,979.0,65,15,37,82,1037,Not Achieved (46.0g),Not Achieved (31.0g),Achieved (33.0g),Achieved (130.0g),Not Achieved (979.0 kcal),-58.0,-5.6,-19.0,-6.0,18.0,48.0,Within ±10%,False,False,True,True,False,Within ±100 kcal,40.0,Low (0-40%)
T0127,2026-08-16,HM006,S127,39.0,21.0,18.0,86.0,687.0,65,15,37,82,1037,Not Achieved (39.0g),Not Achieved (21.0g),Achieved (18.0g),Achieved (86.0g),Not Achieved (687.0 kcal),-350.0,-33.8,-26.0,-16.0,3.0,4.0,Below Target,False,False,True,True,False,Deficit > 100 kcal,40.0,Low (0-40%)
T0128,2026-08-17,HM006,S128,29.0,14.0,26.0,73.0,531.0,65,15,37,82,1037,Not Achieved (29.0g),Not Achieved (14.0g),Achieved (26.0g),Not Achieved (73.0g),Not Achieved (531.0 kcal),-506.0,-48.8,-36.0,-23.0,11.0,-9.0,Below Target,False,False,True,False,False,Deficit > 100 kcal,20.0,Low (0-40%)
T0129,2026-08-18,HM006,S129,52.0,18.0,13.0,66.0,636.0,65,15,37,82,1037,Not Achieved (52.0g),Not Achieved (18.0g),Not Achieved (13.0g),Not Achieved (66.0g),Not Achieved (636.0 kcal),-401.0,-38.7,-13.0,-19.0,-2.0,-16.0,Below Target,False,False,False,False,False,Deficit > 100 kcal,0.0,Low (0-40%)
T0130,2026-08-19,HM006,S130,59.0,19.0,23.0,140.0,966.0,65,15,37,82,1037,Not Achieved (59.0g),Not Achieved (19.0g),Achieved (23.0g),Achieved (140.0g),Not Achieved (966.0 kcal),-71.0,-6.8,-6.0,-18.0,8.0,58.0,Within ±10%,False,False,True,True,False,Within ±100 kcal,40.0,Low (0-40%)
T0131,2026-08-20,HM006,S131,70.0,36.0,30.0,91.0,967.0,65,15,37,82,1037,Achieved (70.0g),Not Achieved (36.0g),Achieved (30.0g),Achieved (91.0g),Not Achieved (967.0 kcal),-70.0,-6.8,5.0,-1.0,15.0,9.0,Within ±10%,True,False,True,True,False,Within ±100 kcal,60.0,Moderate (41-60%)
T0132,2026-08-21,HM006,S132,39.0,15.0,36.0,192.0,1059.0,65,15,37,82,1037,Not Achieved (39.0g),Not Achieved (15.0g),Achieved (36.0g),Achieved (192.0g),Achieved (1059.0 kcal),22.0,2.1,-26.0,-22.0,21.0,110.0,Within ±10%,False,False,True,True,True,Within ±100 kcal,60.0,Moderate (41-60%)
T0133,2026-08-22,HM006,S133,78.0,38.0,37.0,185.0,1390.0,65,15,37,82,1037,Achieved (78.0g),Achieved (38.0g),Achieved (37.0g),Achieved (185.0g),Achieved (1390.0 kcal),353.0,34.0,13.0,1.0,22.0,103.0,Above Target,True,True,True,True,True,Surplus > 100 kcal,100.0,Excellent (81-100%)
T0134,2026-08-01,HM007,S134,53.0,30.0,42.0,156.0,1103.0,82,18,39,87,1319,Not Achieved (53.0g),Not Achieved (30.0g),Achieved (42.0g),Achieved (156.0g),Not Achieved (1103.0 kcal),-216.0,-16.4,-29.0,-9.0,24.0,69.0,Below Target,False,False,True,True,False,Deficit > 100 kcal,40.0,Low (0-40%)
T0135,2026-08-02,HM007,S135,39.0,12.0,24.0,90.0,627.0,82,18,39,87,1319,Not Achieved (39.0g),Not Achieved (12.0g),Achieved (24.0g),Achieved (90.0g),Not Achieved (627.0 kcal),-692.0,-52.5,-43.0,-27.0,6.0,3.0,Below Target,False,False,True,True,False,Deficit > 100 kcal,40.0,Low (0-40%)
T0136,2026-08-03,HM007,S136,69.0,58.0,52.0,220.0,1676.0,82,18,39,87,1319,Not Achieved (69.0g),Achieved (58.0g),Achieved (52.0g),Achieved (220.0g),Achieved (1676.0 kcal),357.0,27.1,-13.0,19.0,34.0,133.0,Above Target,False,True,True,True,True,Surplus > 100 kcal,80.0,Good (61-80%)
T0137,2026-08-04,HM007,S137,54.0,37.0,38.0,183.0,1279.0,82,18,39,87,1319,Not Achieved (54.0g),Not Achieved (37.0g),Achieved (38.0g),Achieved (183.0g),Not Achieved (1279.0 kcal),-40.0,-3.0,-28.0,-2.0,20.0,96.0,Within ±10%,False,False,True,True,False,Within ±100 kcal,40.0,Low (0-40%)
T0138,2026-08-05,HM007,S138,59.0,38.0,32.0,135.0,1117.0,82,18,39,87,1319,Not Achieved (59.0g),Not Achieved (38.0g),Achieved (32.0g),Achieved (135.0g),Not Achieved (1117.0 kcal),-202.0,-15.3,-23.0,-1.0,14.0,48.0,Below Target,False,False,True,True,False,Deficit > 100 kcal,40.0,Low (0-40%)
T0139,2026-08-06,HM007,S139,68.0,34.0,46.0,167.0,1245.0,82,18,39,87,1319,Not Achieved (68.0g),Not Achieved (34.0g),Achieved (46.0g),Achieved (167.0g),Not Achieved (1245.0 kcal),-74.0,-5.6,-14.0,-5.0,28.0,80.0,Within ±10%,False,False,True,True,False,Within ±100 kcal,40.0,Low (0-40%)
T0140,2026-08-07,HM007,S140,98.0,47.0,82.0,211.0,1656.0,82,18,39,87,1319,Achieved (98.0g),Achieved (47.0g),Achieved (82.0g),Achieved (211.0g),Achieved (1656.0 kcal),337.0,25.5,16.0,8.0,64.0,124.0,Above Target,True,True,True,True,True,Surplus > 100 kcal,100.0,Excellent (81-100%)
T0141,2026-08-08,HM007,S141,68.0,30.0,38.0,176.0,1249.0,82,18,39,87,1319,Not Achieved (68.0g),Not Achieved (30.0g),Achieved (38.0g),Achieved (176.0g),Not Achieved (1249.0 kcal),-70.0,-5.3,-14.0,-9.0,20.0,89.0,Within ±10%,False,False,True,True,False,Within ±100 kcal,40.0,Low (0-40%)
T0142,2026-08-09,HM007,S142,87.0,21.0,52.0,192.0,1300.0,82,18,39,87,1319,Achieved (87.0g),Not Achieved (21.0g),Achieved (52.0g),Achieved (192.0g),Not Achieved (1300.0 kcal),-19.0,-1.4,5.0,-18.0,34.0,105.0,Within ±10%,True,False,True,True,False,Within ±100 kcal,60.0,Moderate (41-60%)
T0143,2026-08-10,HM007,S143,90.0,7.0,22.0,93.0,792.0,82,18,39,87,1319,Achieved (90.0g),Not Achieved (7.0g),Achieved (22.0g),Achieved (93.0g),Not Achieved (792.0 kcal),-527.0,-40.0,8.0,-32.0,4.0,6.0,Below Target,True,False,True,True,False,Deficit > 100 kcal,60.0,Moderate (41-60%)
T0144,2026-08-11,HM007,S144,53.0,12.0,20.0,87.0,663.0,82,18,39,87,1319,Not Achieved (53.0g),Not Achieved (12.0g),Achieved (20.0g),Achieved (87.0g),Not Achieved (663.0 kcal),-656.0,-49.7,-29.0,-27.0,2.0,0.0,Below Target,False,False,True,True,False,Deficit > 100 kcal,40.0,Low (0-40%)
T0145,2026-08-12,HM007,S145,40.0,27.0,25.0,91.0,764.0,82,18,39,87,1319,Not Achieved (40.0g),Not Achieved (27.0g),Achieved (25.0g),Achieved (91.0g),Not Achieved (764.0 kcal),-555.0,-42.1,-42.0,-12.0,7.0,4.0,Below Target,False,False,True,True,False,Deficit > 100 kcal,40.0,Low (0-40%)
T0146,2026-08-13,HM007,S146,111.0,50.0,56.0,184.0,1626.0,82,18,39,87,1319,Achieved (111.0g),Achieved (50.0g),Achieved (56.0g),Achieved (184.0g),Achieved (1626.0 kcal),307.0,23.3,29.0,11.0,38.0,97.0,Above Target,True,True,True,True,True,Surplus > 100 kcal,100.0,Excellent (81-100%)
T0147,2026-08-14,HM007,S147,152.0,85.0,32.0,100.0,1777.0,82,18,39,87,1319,Achieved (152.0g),Achieved (85.0g),Achieved (32.0g),Achieved (100.0g),Achieved (1777.0 kcal),458.0,34.7,70.0,46.0,14.0,13.0,Above Target,True,True,True,True,True,Surplus > 100 kcal,100.0,Excellent (81-100%)
T0148,2026-08-15,HM007,S148,98.0,21.0,54.0,186.0,1325.0,82,18,39,87,1319,Achieved (98.0g),Not Achieved (21.0g),Achieved (54.0g),Achieved (186.0g),Achieved (1325.0 kcal),6.0,0.5,16.0,-18.0,36.0,99.0,Within ±10%,True,False,True,True,True,Within ±100 kcal,80.0,Good (61-80%)
T0149,2026-08-16,HM007,S149,175.0,42.0,61.0,214.0,1942.0,82,18,39,87,1319,Achieved (175.0g),Achieved (42.0g),Achieved (61.0g),Achieved (214.0g),Achieved (1942.0 kcal),623.0,47.2,93.0,3.0,43.0,127.0,Above Target,True,True,True,True,True,Surplus > 100 kcal,100.0,Excellent (81-100%)
T0150,2026-08-17,HM007,S150,19.0,6.0,32.0,108.0,563.0,82,18,39,87,1319,Not Achieved (19.0g),Not Achieved (6.0g),Achieved (32.0g),Achieved (108.0g),Not Achieved (563.0 kcal),-756.0,-57.3,-63.0,-33.0,14.0,21.0,Below Target,False,False,True,True,False,Deficit > 100 kcal,40.0,Low (0-40%)
T0151,2026-08-18,HM007,S151,49.0,14.0,44.0,219.0,1200.0,82,18,39,87,1319,Not Achieved (49.0g),Not Achieved (14.0g),Achieved (44.0g),Achieved (219.0g),Not Achieved (1200.0 kcal),-119.0,-9.0,-33.0,-25.0,26.0,132.0,Within ±10%,False,False,True,True,False,Deficit > 100 kcal,40.0,Low (0-40%)
T0152,2026-08-19,HM007,S152,32.0,21.0,20.0,136.0,860.0,82,18,39,87,1319,Not Achieved (32.0g),Not Achieved (21.0g),Achieved (20.0g),Achieved (136.0g),Not Achieved (860.0 kcal),-459.0,-34.8,-50.0,-18.0,2.0,49.0,Below Target,False,False,True,True,False,Deficit > 100 kcal,40.0,Low (0-40%)
T0153,2026-08-20,HM007,S153,171.0,56.0,54.0,127.0,1700.0,82,18,39,87,1319,Achieved (171.0g),Achieved (56.0g),Achieved (54.0g),Achieved (127.0g),Achieved (1700.0 kcal),381.0,28.9,89.0,17.0,36.0,40.0,Above Target,True,True,True,True,True,Surplus > 100 kcal,100.0,Excellent (81-100%)
T0154,2026-08-21,HM007,S154,85.0,60.0,81.0,205.0,1700.0,82,18,39,87,1319,Achieved (85.0g),Achieved (60.0g),Achieved (81.0g),Achieved (205.0g),Achieved (1700.0 kcal),381.0,28.9,3.0,21.0,63.0,118.0,Above Target,True,True,True,True,True,Surplus > 100 kcal,100.0,Excellent (81-100%)
T0155,2026-08-22,HM007,S155,76.0,24.0,10.0,28.0,636.0,82,18,39,87,1319,Not Achieved (76.0g),Not Achieved (24.0g),Not Achieved (10.0g),Not Achieved (28.0g),Not Achieved (636.0 kcal),-683.0,-51.8,-6.0,-15.0,-8.0,-59.0,Below Target,False,False,False,False,False,Deficit > 100 kcal,0.0,Low (0-40%)
T0156,2026-08-01,HM008,S156,81.0,52.0,46.0,176.0,1497.0,87,16,44,98,1164,Not Achieved (81.0g),Achieved (52.0g),Achieved (46.0g),Achieved (176.0g),Achieved (1497.0 kcal),333.0,28.6,-6.0,8.0,30.0,78.0,Above Target,False,True,True,True,True,Surplus > 100 kcal,80.0,Good (61-80%)
T0157,2026-08-02,HM008,S157,77.0,32.0,63.0,182.0,1323.0,87,16,44,98,1164,Not Achieved (77.0g),Not Achieved (32.0g),Achieved (63.0g),Achieved (182.0g),Achieved (1323.0 kcal),159.0,13.7,-10.0,-12.0,47.0,84.0,Above Target,False,False,True,True,True,Surplus > 100 kcal,60.0,Moderate (41-60%)
T0158,2026-08-03,HM008,S158,45.0,26.0,24.0,190.0,1171.0,87,16,44,98,1164,Not Achieved (45.0g),Not Achieved (26.0g),Achieved (24.0g),Achieved (190.0g),Achieved (1171.0 kcal),7.0,0.6,-42.0,-18.0,8.0,92.0,Within ±10%,False,False,True,True,True,Within ±100 kcal,60.0,Moderate (41-60%)
T0159,2026-08-04,HM008,S159,38.0,7.0,37.0,99.0,611.0,87,16,44,98,1164,Not Achieved (38.0g),Not Achieved (7.0g),Achieved (37.0g),Achieved (99.0g),Not Achieved (611.0 kcal),-553.0,-47.5,-49.0,-37.0,21.0,1.0,Below Target,False,False,True,True,False,Deficit > 100 kcal,40.0,Low (0-40%)
T0160,2026-08-05,HM008,S160,55.0,21.0,24.0,101.0,815.0,87,16,44,98,1164,Not Achieved (55.0g),Not Achieved (21.0g),Achieved (24.0g),Achieved (101.0g),Not Achieved (815.0 kcal),-349.0,-30.0,-32.0,-23.0,8.0,3.0,Below Target,False,False,True,True,False,Deficit > 100 kcal,40.0,Low (0-40%)
T0161,2026-08-06,HM008,S161,30.0,22.0,34.0,96.0,698.0,87,16,44,98,1164,Not Achieved (30.0g),Not Achieved (22.0g),Achieved (34.0g),Not Achieved (96.0g),Not Achieved (698.0 kcal),-466.0,-40.0,-57.0,-22.0,18.0,-2.0,Below Target,False,False,True,False,False,Deficit > 100 kcal,20.0,Low (0-40%)
T0162,2026-08-07,HM008,S162,41.0,19.0,17.0,74.0,631.0,87,16,44,98,1164,Not Achieved (41.0g),Not Achieved (19.0g),Achieved (17.0g),Not Achieved (74.0g),Not Achieved (631.0 kcal),-533.0,-45.8,-46.0,-25.0,1.0,-24.0,Below Target,False,False,True,False,False,Deficit > 100 kcal,20.0,Low (0-40%)
T0163,2026-08-08,HM008,S163,93.0,29.0,76.0,229.0,1545.0,87,16,44,98,1164,Achieved (93.0g),Not Achieved (29.0g),Achieved (76.0g),Achieved (229.0g),Achieved (1545.0 kcal),381.0,32.7,6.0,-15.0,60.0,131.0,Above Target,True,False,True,True,True,Surplus > 100 kcal,80.0,Good (61-80%)
T0164,2026-08-09,HM008,S164,48.0,19.0,32.0,160.0,1003.0,87,16,44,98,1164,Not Achieved (48.0g),Not Achieved (19.0g),Achieved (32.0g),Achieved (160.0g),Not Achieved (1003.0 kcal),-161.0,-13.8,-39.0,-25.0,16.0,62.0,Below Target,False,False,True,True,False,Deficit > 100 kcal,40.0,Low (0-40%)
T0165,2026-08-10,HM008,S165,49.0,9.0,49.0,171.0,964.0,87,16,44,98,1164,Not Achieved (49.0g),Not Achieved (9.0g),Achieved (49.0g),Achieved (171.0g),Not Achieved (964.0 kcal),-200.0,-17.2,-38.0,-35.0,33.0,73.0,Below Target,False,False,True,True,False,Deficit > 100 kcal,40.0,Low (0-40%)
T0166,2026-08-11,HM008,S166,34.0,16.0,22.0,89.0,641.0,87,16,44,98,1164,Not Achieved (34.0g),Not Achieved (16.0g),Achieved (22.0g),Not Achieved (89.0g),Not Achieved (641.0 kcal),-523.0,-44.9,-53.0,-28.0,6.0,-9.0,Below Target,False,False,True,False,False,Deficit > 100 kcal,20.0,Low (0-40%)
T0167,2026-08-12,HM008,S167,55.0,27.0,34.0,164.0,1116.0,87,16,44,98,1164,Not Achieved (55.0g),Not Achieved (27.0g),Achieved (34.0g),Achieved (164.0g),Not Achieved (1116.0 kcal),-48.0,-4.1,-32.0,-17.0,18.0,66.0,Within ±10%,False,False,True,True,False,Within ±100 kcal,40.0,Low (0-40%)
T0168,2026-08-13,HM008,S168,60.0,59.0,46.0,241.0,1739.0,87,16,44,98,1164,Not Achieved (60.0g),Achieved (59.0g),Achieved (46.0g),Achieved (241.0g),Achieved (1739.0 kcal),575.0,49.4,-27.0,15.0,30.0,143.0,Above Target,False,True,True,True,True,Surplus > 100 kcal,80.0,Good (61-80%)
T0169,2026-08-14,HM008,S169,18.0,5.0,28.0,103.0,534.0,87,16,44,98,1164,Not Achieved (18.0g),Not Achieved (5.0g),Achieved (28.0g),Achieved (103.0g),Not Achieved (534.0 kcal),-630.0,-54.1,-69.0,-39.0,12.0,5.0,Below Target,False,False,True,True,False,Deficit > 100 kcal,40.0,Low (0-40%)
T0170,2026-08-15,HM008,S170,48.0,23.0,22.0,84.0,742.0,87,16,44,98,1164,Not Achieved (48.0g),Not Achieved (23.0g),Achieved (22.0g),Not Achieved (84.0g),Not Achieved (742.0 kcal),-422.0,-36.3,-39.0,-21.0,6.0,-14.0,Below Target,False,False,True,False,False,Deficit > 100 kcal,20.0,Low (0-40%)
T0171,2026-08-16,HM008,S171,36.0,19.0,32.0,175.0,1018.0,87,16,44,98,1164,Not Achieved (36.0g),Not Achieved (19.0g),Achieved (32.0g),Achieved (175.0g),Not Achieved (1018.0 kcal),-146.0,-12.5,-51.0,-25.0,16.0,77.0,Below Target,False,False,True,True,False,Deficit > 100 kcal,40.0,Low (0-40%)
T0172,2026-08-17,HM008,S172,76.0,25.0,56.0,129.0,1042.0,87,16,44,98,1164,Not Achieved (76.0g),Not Achieved (25.0g),Achieved (56.0g),Achieved (129.0g),Not Achieved (1042.0 kcal),-122.0,-10.5,-11.0,-19.0,40.0,31.0,Below Target,False,False,True,True,False,Deficit > 100 kcal,40.0,Low (0-40%)
T0173,2026-08-18,HM008,S173,90.0,62.0,46.0,212.0,1763.0,87,16,44,98,1164,Achieved (90.0g),Achieved (62.0g),Achieved (46.0g),Achieved (212.0g),Achieved (1763.0 kcal),599.0,51.5,3.0,18.0,30.0,114.0,Above Target,True,True,True,True,True,Surplus > 100 kcal,100.0,Excellent (81-100%)
T0174,2026-08-19,HM008,S174,25.0,14.0,18.0,113.0,676.0,87,16,44,98,1164,Not Achieved (25.0g),Not Achieved (14.0g),Achieved (18.0g),Achieved (113.0g),Not Achieved (676.0 kcal),-488.0,-41.9,-62.0,-30.0,2.0,15.0,Below Target,False,False,True,True,False,Deficit > 100 kcal,40.0,Low (0-40%)
T0175,2026-08-20,HM008,S175,102.0,35.0,56.0,175.0,1421.0,87,16,44,98,1164,Achieved (102.0g),Not Achieved (35.0g),Achieved (56.0g),Achieved (175.0g),Achieved (1421.0 kcal),257.0,22.1,15.0,-9.0,40.0,77.0,Above Target,True,False,True,True,True,Surplus > 100 kcal,80.0,Good (61-80%)
T0176,2026-08-21,HM008,S176,77.0,45.0,73.0,180.0,1437.0,87,16,44,98,1164,Not Achieved (77.0g),Achieved (45.0g),Achieved (73.0g),Achieved (180.0g),Achieved (1437.0 kcal),273.0,23.5,-10.0,1.0,57.0,82.0,Above Target,False,True,True,True,True,Surplus > 100 kcal,80.0,Good (61-80%)
T0177,2026-08-22,HM008,S177,104.0,56.0,49.0,211.0,1763.0,87,16,44,98,1164,Achieved (104.0g),Achieved (56.0g),Achieved (49.0g),Achieved (211.0g),Achieved (1763.0 kcal),599.0,51.5,17.0,12.0,33.0,113.0,Above Target,True,True,True,True,True,Surplus > 100 kcal,100.0,Excellent (81-100%)
T0178,2026-08-01,HM009,S178,69.0,31.0,43.0,266.0,1616.0,98,18,69,155,1306,Not Achieved (69.0g),Not Achieved (31.0g),Achieved (43.0g),Achieved (266.0g),Achieved (1616.0 kcal),310.0,23.7,-29.0,-38.0,25.0,111.0,Above Target,False,False,True,True,True,Surplus > 100 kcal,60.0,Moderate (41-60%)
T0179,2026-08-02,HM009,S179,66.0,41.0,32.0,181.0,1357.0,98,18,69,155,1306,Not Achieved (66.0g),Not Achieved (41.0g),Achieved (32.0g),Achieved (181.0g),Achieved (1357.0 kcal),51.0,3.9,-32.0,-28.0,14.0,26.0,Within ±10%,False,False,True,True,True,Within ±100 kcal,60.0,Moderate (41-60%)
T0180,2026-08-03,HM009,S180,125.0,66.0,46.0,171.0,1777.0,98,18,69,155,1306,Achieved (125.0g),Not Achieved (66.0g),Achieved (46.0g),Achieved (171.0g),Achieved (1777.0 kcal),471.0,36.1,27.0,-3.0,28.0,16.0,Above Target,True,False,True,True,True,Surplus > 100 kcal,80.0,Good (61-80%)
T0181,2026-08-04,HM009,S181,89.0,18.0,25.0,101.0,921.0,98,18,69,155,1306,Not Achieved (89.0g),Not Achieved (18.0g),Achieved (25.0g),Not Achieved (101.0g),Not Achieved (921.0 kcal),-385.0,-29.5,-9.0,-51.0,7.0,-54.0,Below Target,False,False,True,False,False,Deficit > 100 kcal,20.0,Low (0-40%)
T0182,2026-08-05,HM009,S182,42.0,24.0,19.0,100.0,780.0,98,18,69,155,1306,Not Achieved (42.0g),Not Achieved (24.0g),Achieved (19.0g),Not Achieved (100.0g),Not Achieved (780.0 kcal),-526.0,-40.3,-56.0,-45.0,1.0,-55.0,Below Target,False,False,True,False,False,Deficit > 100 kcal,20.0,Low (0-40%)
T0183,2026-08-06,HM009,S183,30.0,11.0,22.0,100.0,618.0,98,18,69,155,1306,Not Achieved (30.0g),Not Achieved (11.0g),Achieved (22.0g),Not Achieved (100.0g),Not Achieved (618.0 kcal),-688.0,-52.7,-68.0,-58.0,4.0,-55.0,Below Target,False,False,True,False,False,Deficit > 100 kcal,20.0,Low (0-40%)
T0184,2026-08-07,HM009,S184,49.0,27.0,6.0,55.0,654.0,98,18,69,155,1306,Not Achieved (49.0g),Not Achieved (27.0g),Not Achieved (6.0g),Not Achieved (55.0g),Not Achieved (654.0 kcal),-652.0,-49.9,-49.0,-42.0,-12.0,-100.0,Below Target,False,False,False,False,False,Deficit > 100 kcal,0.0,Low (0-40%)
T0185,2026-08-08,HM009,S185,94.0,68.0,49.0,184.0,1722.0,98,18,69,155,1306,Not Achieved (94.0g),Not Achieved (68.0g),Achieved (49.0g),Achieved (184.0g),Achieved (1722.0 kcal),416.0,31.9,-4.0,-1.0,31.0,29.0,Above Target,False,False,True,True,True,Surplus > 100 kcal,60.0,Moderate (41-60%)
T0186,2026-08-09,HM009,S186,48.0,26.0,65.0,344.0,1806.0,98,18,69,155,1306,Not Achieved (48.0g),Not Achieved (26.0g),Achieved (65.0g),Achieved (344.0g),Achieved (1806.0 kcal),500.0,38.3,-50.0,-43.0,47.0,189.0,Above Target,False,False,True,True,True,Surplus > 100 kcal,60.0,Moderate (41-60%)
T0187,2026-08-10,HM009,S187,26.0,13.0,24.0,112.0,667.0,98,18,69,155,1306,Not Achieved (26.0g),Not Achieved (13.0g),Achieved (24.0g),Not Achieved (112.0g),Not Achieved (667.0 kcal),-639.0,-48.9,-72.0,-56.0,6.0,-43.0,Below Target,False,False,True,False,False,Deficit > 100 kcal,20.0,Low (0-40%)
T0188,2026-08-11,HM009,S188,45.0,33.0,51.0,165.0,1134.0,98,18,69,155,1306,Not Achieved (45.0g),Not Achieved (33.0g),Achieved (51.0g),Achieved (165.0g),Not Achieved (1134.0 kcal),-172.0,-13.2,-53.0,-36.0,33.0,10.0,Below Target,False,False,True,True,False,Deficit > 100 kcal,40.0,Low (0-40%)
T0189,2026-08-12,HM009,S189,101.0,43.0,51.0,236.0,1735.0,98,18,69,155,1306,Achieved (101.0g),Not Achieved (43.0g),Achieved (51.0g),Achieved (236.0g),Achieved (1735.0 kcal),429.0,32.8,3.0,-26.0,33.0,81.0,Above Target,True,False,True,True,True,Surplus > 100 kcal,80.0,Good (61-80%)
T0190,2026-08-13,HM009,S190,76.0,11.0,23.0,64.0,657.0,98,18,69,155,1306,Not Achieved (76.0g),Not Achieved (11.0g),Achieved (23.0g),Not Achieved (64.0g),Not Achieved (657.0 kcal),-649.0,-49.7,-22.0,-58.0,5.0,-91.0,Below Target,False,False,True,False,False,Deficit > 100 kcal,20.0,Low (0-40%)
T0191,2026-08-14,HM009,S191,105.0,48.0,49.0,207.0,1680.0,98,18,69,155,1306,Achieved (105.0g),Not Achieved (48.0g),Achieved (49.0g),Achieved (207.0g),Achieved (1680.0 kcal),374.0,28.6,7.0,-21.0,31.0,52.0,Above Target,True,False,True,True,True,Surplus > 100 kcal,80.0,Good (61-80%)
T0192,2026-08-15,HM009,S192,50.0,21.0,33.0,114.0,848.0,98,18,69,155,1306,Not Achieved (50.0g),Not Achieved (21.0g),Achieved (33.0g),Not Achieved (114.0g),Not Achieved (848.0 kcal),-458.0,-35.1,-48.0,-48.0,15.0,-41.0,Below Target,False,False,True,False,False,Deficit > 100 kcal,20.0,Low (0-40%)
T0193,2026-08-16,HM009,S193,158.0,51.0,70.0,174.0,1784.0,98,18,69,155,1306,Achieved (158.0g),Not Achieved (51.0g),Achieved (70.0g),Achieved (174.0g),Achieved (1784.0 kcal),478.0,36.6,60.0,-18.0,52.0,19.0,Above Target,True,False,True,True,True,Surplus > 100 kcal,80.0,Good (61-80%)
T0194,2026-08-17,HM009,S194,28.0,21.0,27.0,95.0,675.0,98,18,69,155,1306,Not Achieved (28.0g),Not Achieved (21.0g),Achieved (27.0g),Not Achieved (95.0g),Not Achieved (675.0 kcal),-631.0,-48.3,-70.0,-48.0,9.0,-60.0,Below Target,False,False,True,False,False,Deficit > 100 kcal,20.0,Low (0-40%)
T0195,2026-08-18,HM009,S195,76.0,32.0,54.0,260.0,1633.0,98,18,69,155,1306,Not Achieved (76.0g),Not Achieved (32.0g),Achieved (54.0g),Achieved (260.0g),Achieved (1633.0 kcal),327.0,25.0,-22.0,-37.0,36.0,105.0,Above Target,False,False,True,True,True,Surplus > 100 kcal,60.0,Moderate (41-60%)
T0196,2026-08-19,HM009,S196,42.0,12.0,32.0,104.0,688.0,98,18,69,155,1306,Not Achieved (42.0g),Not Achieved (12.0g),Achieved (32.0g),Not Achieved (104.0g),Not Achieved (688.0 kcal),-618.0,-47.3,-56.0,-57.0,14.0,-51.0,Below Target,False,False,True,False,False,Deficit > 100 kcal,20.0,Low (0-40%)
T0197,2026-08-20,HM009,S197,162.0,37.0,24.0,76.0,1279.0,98,18,69,155,1306,Achieved (162.0g),Not Achieved (37.0g),Achieved (24.0g),Not Achieved (76.0g),Not Achieved (1279.0 kcal),-27.0,-2.1,64.0,-32.0,6.0,-79.0,Within ±10%,True,False,True,False,False,Within ±100 kcal,40.0,Low (0-40%)
T0198,2026-08-21,HM009,S198,79.0,19.0,26.0,99.0,881.0,98,18,69,155,1306,Not Achieved (79.0g),Not Achieved (19.0g),Achieved (26.0g),Not Achieved (99.0g),Not Achieved (881.0 kcal),-425.0,-32.5,-19.0,-50.0,8.0,-56.0,Below Target,False,False,True,False,False,Deficit > 100 kcal,20.0,Low (0-40%)
T0199,2026-08-22,HM009,S199,69.0,53.0,59.0,268.0,1825.0,98,18,69,155,1306,Not Achieved (69.0g),Not Achieved (53.0g),Achieved (59.0g),Achieved (268.0g),Achieved (1825.0 kcal),519.0,39.7,-29.0,-16.0,41.0,113.0,Above Target,False,False,True,True,True,Surplus > 100 kcal,60.0,Moderate (41-60%)
T0200,2026-08-01,HM010,S200,164.0,68.0,50.0,266.0,2333.0,155,35,60,135,2476,Achieved (164.0g),Achieved (68.0g),Achieved (50.0g),Achieved (266.0g),Not Achieved (2333.0 kcal),-143.0,-5.8,9.0,8.0,15.0,131.0,Within ±10%,True,True,True,True,False,Deficit > 100 kcal,80.0,Good (61-80%)
T0201,2026-08-02,HM010,S201,59.0,10.0,35.0,233.0,1260.0,155,35,60,135,2476,Not Achieved (59.0g),Not Achieved (10.0g),Achieved (35.0g),Achieved (233.0g),Not Achieved (1260.0 kcal),-1216.0,-49.1,-96.0,-50.0,0.0,98.0,Below Target,False,False,True,True,False,Deficit > 100 kcal,40.0,Low (0-40%)
T0202,2026-08-03,HM010,S202,134.0,94.0,106.0,418.0,3055.0,155,35,60,135,2476,Not Achieved (134.0g),Achieved (94.0g),Achieved (106.0g),Achieved (418.0g),Achieved (3055.0 kcal),579.0,23.4,-21.0,34.0,71.0,283.0,Above Target,False,True,True,True,True,Surplus > 100 kcal,80.0,Good (61-80%)
T0203,2026-08-04,HM010,S203,184.0,86.0,90.0,353.0,2922.0,155,35,60,135,2476,Achieved (184.0g),Achieved (86.0g),Achieved (90.0g),Achieved (353.0g),Achieved (2922.0 kcal),446.0,18.0,29.0,26.0,55.0,218.0,Above Target,True,True,True,True,True,Surplus > 100 kcal,100.0,Excellent (81-100%)
T0204,2026-08-05,HM010,S204,214.0,15.0,58.0,219.0,1871.0,155,35,60,135,2476,Achieved (214.0g),Not Achieved (15.0g),Achieved (58.0g),Achieved (219.0g),Not Achieved (1871.0 kcal),-605.0,-24.4,59.0,-45.0,23.0,84.0,Below Target,True,False,True,True,False,Deficit > 100 kcal,60.0,Moderate (41-60%)
T0205,2026-08-06,HM010,S205,103.0,50.0,120.0,526.0,2965.0,155,35,60,135,2476,Not Achieved (103.0g),Not Achieved (50.0g),Achieved (120.0g),Achieved (526.0g),Achieved (2965.0 kcal),489.0,19.7,-52.0,-10.0,85.0,391.0,Above Target,False,False,True,True,True,Surplus > 100 kcal,60.0,Moderate (41-60%)
T0206,2026-08-07,HM010,S206,113.0,63.0,85.0,288.0,2170.0,155,35,60,135,2476,Not Achieved (113.0g),Achieved (63.0g),Achieved (85.0g),Achieved (288.0g),Not Achieved (2170.0 kcal),-306.0,-12.4,-42.0,3.0,50.0,153.0,Below Target,False,True,True,True,False,Deficit > 100 kcal,60.0,Moderate (41-60%)
T0207,2026-08-08,HM010,S207,234.0,110.0,100.0,358.0,3358.0,155,35,60,135,2476,Achieved (234.0g),Achieved (110.0g),Achieved (100.0g),Achieved (358.0g),Achieved (3358.0 kcal),882.0,35.6,79.0,50.0,65.0,223.0,Above Target,True,True,True,True,True,Surplus > 100 kcal,100.0,Excellent (81-100%)
T0208,2026-08-09,HM010,S208,74.0,20.0,29.0,190.0,1235.0,155,35,60,135,2476,Not Achieved (74.0g),Not Achieved (20.0g),Not Achieved (29.0g),Achieved (190.0g),Not Achieved (1235.0 kcal),-1241.0,-50.1,-81.0,-40.0,-6.0,55.0,Below Target,False,False,False,True,False,Deficit > 100 kcal,20.0,Low (0-40%)
T0209,2026-08-10,HM010,S209,185.0,55.0,89.0,335.0,2580.0,155,35,60,135,2476,Achieved (185.0g),Not Achieved (55.0g),Achieved (89.0g),Achieved (335.0g),Achieved (2580.0 kcal),104.0,4.2,30.0,-5.0,54.0,200.0,Within ±10%,True,False,True,True,True,Surplus > 100 kcal,80.0,Good (61-80%)
T0210,2026-08-11,HM010,S210,160.0,102.0,113.0,435.0,3296.0,155,35,60,135,2476,Achieved (160.0g),Achieved (102.0g),Achieved (113.0g),Achieved (435.0g),Achieved (3296.0 kcal),820.0,33.1,5.0,42.0,78.0,300.0,Above Target,True,True,True,True,True,Surplus > 100 kcal,100.0,Excellent (81-100%)
T0211,2026-08-12,HM010,S211,105.0,73.0,39.0,266.0,2143.0,155,35,60,135,2476,Not Achieved (105.0g),Achieved (73.0g),Achieved (39.0g),Achieved (266.0g),Not Achieved (2143.0 kcal),-333.0,-13.4,-50.0,13.0,4.0,131.0,Below Target,False,True,True,True,False,Deficit > 100 kcal,60.0,Moderate (41-60%)
T0212,2026-08-13,HM010,S212,178.0,58.0,69.0,388.0,2782.0,155,35,60,135,2476,Achieved (178.0g),Not Achieved (58.0g),Achieved (69.0g),Achieved (388.0g),Achieved (2782.0 kcal),306.0,12.4,23.0,-2.0,34.0,253.0,Above Target,True,False,True,True,True,Surplus > 100 kcal,80.0,Good (61-80%)
T0213,2026-08-14,HM010,S213,209.0,107.0,38.0,201.0,2602.0,155,35,60,135,2476,Achieved (209.0g),Achieved (107.0g),Achieved (38.0g),Achieved (201.0g),Achieved (2602.0 kcal),126.0,5.1,54.0,47.0,3.0,66.0,Within ±10%,True,True,True,True,True,Surplus > 100 kcal,100.0,Excellent (81-100%)
T0214,2026-08-15,HM010,S214,109.0,102.0,81.0,379.0,2873.0,155,35,60,135,2476,Not Achieved (109.0g),Achieved (102.0g),Achieved (81.0g),Achieved (379.0g),Achieved (2873.0 kcal),397.0,16.0,-46.0,42.0,46.0,244.0,Above Target,False,True,True,True,True,Surplus > 100 kcal,80.0,Good (61-80%)
T0215,2026-08-16,HM010,S215,148.0,117.0,60.0,288.0,2803.0,155,35,60,135,2476,Not Achieved (148.0g),Achieved (117.0g),Achieved (60.0g),Achieved (288.0g),Achieved (2803.0 kcal),327.0,13.2,-7.0,57.0,25.0,153.0,Above Target,False,True,True,True,True,Surplus > 100 kcal,80.0,Good (61-80%)
T0216,2026-08-17,HM010,S216,118.0,46.0,23.0,111.0,1330.0,155,35,60,135,2476,Not Achieved (118.0g),Not Achieved (46.0g),Not Achieved (23.0g),Not Achieved (111.0g),Not Achieved (1330.0 kcal),-1146.0,-46.3,-37.0,-14.0,-12.0,-24.0,Below Target,False,False,False,False,False,Deficit > 100 kcal,0.0,Low (0-40%)
T0217,2026-08-18,HM010,S217,110.0,54.0,102.0,353.0,2335.0,155,35,60,135,2476,Not Achieved (110.0g),Not Achieved (54.0g),Achieved (102.0g),Achieved (353.0g),Not Achieved (2335.0 kcal),-141.0,-5.7,-45.0,-6.0,67.0,218.0,Within ±10%,False,False,True,True,False,Deficit > 100 kcal,40.0,Low (0-40%)
T0218,2026-08-19,HM010,S218,155.0,24.0,47.0,345.0,2215.0,155,35,60,135,2476,Achieved (155.0g),Not Achieved (24.0g),Achieved (47.0g),Achieved (345.0g),Not Achieved (2215.0 kcal),-261.0,-10.5,0.0,-36.0,12.0,210.0,Below Target,True,False,True,True,False,Deficit > 100 kcal,60.0,Moderate (41-60%)
T0219,2026-08-20,HM010,S219,79.0,53.0,48.0,366.0,2255.0,155,35,60,135,2476,Not Achieved (79.0g),Not Achieved (53.0g),Achieved (48.0g),Achieved (366.0g),Not Achieved (2255.0 kcal),-221.0,-8.9,-76.0,-7.0,13.0,231.0,Within ±10%,False,False,True,True,False,Deficit > 100 kcal,40.0,Low (0-40%)
T0220,2026-08-21,HM010,S220,100.0,46.0,111.0,524.0,2907.0,155,35,60,135,2476,Not Achieved (100.0g),Not Achieved (46.0g),Achieved (111.0g),Achieved (524.0g),Achieved (2907.0 kcal),431.0,17.4,-55.0,-14.0,76.0,389.0,Above Target,False,False,True,True,True,Surplus > 100 kcal,60.0,Moderate (41-60%)
T0221,2026-08-22,HM010,S221,225.0,65.0,55.0,215.0,2347.0,155,35,60,135,2476,Achieved (225.0g),Achieved (65.0g),Achieved (55.0g),Achieved (215.0g),Not Achieved (2347.0 kcal),-129.0,-5.2,70.0,5.0,20.0,80.0,Within ±10%,True,True,True,True,False,Deficit > 100 kcal,80.0,Good (61-80%)
T0222,2026-08-01,HM011,S222,46.0,34.0,35.0,145.0,1068.0,135,30,95,214,2162,Not Achieved (46.0g),Not Achieved (34.0g),Achieved (35.0g),Not Achieved (145.0g),Not Achieved (1068.0 kcal),-1094.0,-50.6,-89.0,-61.0,5.0,-69.0,Below Target,False,False,True,False,False,Deficit > 100 kcal,20.0,Low (0-40%)
T0223,2026-08-02,HM011,S223,129.0,49.0,125.0,386.0,2501.0,135,30,95,214,2162,Not Achieved (129.0g),Not Achieved (49.0g),Achieved (125.0g),Achieved (386.0g),Achieved (2501.0 kcal),339.0,15.7,-6.0,-46.0,95.0,172.0,Above Target,False,False,True,True,True,Surplus > 100 kcal,60.0,Moderate (41-60%)
T0224,2026-08-03,HM011,S224,126.0,53.0,52.0,244.0,1956.0,135,30,95,214,2162,Not Achieved (126.0g),Not Achieved (53.0g),Achieved (52.0g),Achieved (244.0g),Not Achieved (1956.0 kcal),-206.0,-9.5,-9.0,-42.0,22.0,30.0,Within ±10%,False,False,True,True,False,Deficit > 100 kcal,40.0,Low (0-40%)
T0225,2026-08-04,HM011,S225,151.0,33.0,32.0,238.0,1851.0,135,30,95,214,2162,Achieved (151.0g),Not Achieved (33.0g),Achieved (32.0g),Achieved (238.0g),Not Achieved (1851.0 kcal),-311.0,-14.4,16.0,-62.0,2.0,24.0,Below Target,True,False,True,True,False,Deficit > 100 kcal,60.0,Moderate (41-60%)
T0226,2026-08-05,HM011,S226,132.0,27.0,85.0,288.0,1924.0,135,30,95,214,2162,Not Achieved (132.0g),Not Achieved (27.0g),Achieved (85.0g),Achieved (288.0g),Not Achieved (1924.0 kcal),-238.0,-11.0,-3.0,-68.0,55.0,74.0,Below Target,False,False,True,True,False,Deficit > 100 kcal,40.0,Low (0-40%)
T0227,2026-08-06,HM011,S227,96.0,64.0,47.0,237.0,1903.0,135,30,95,214,2162,Not Achieved (96.0g),Not Achieved (64.0g),Achieved (47.0g),Achieved (237.0g),Not Achieved (1903.0 kcal),-259.0,-12.0,-39.0,-31.0,17.0,23.0,Below Target,False,False,True,True,False,Deficit > 100 kcal,40.0,Low (0-40%)
T0228,2026-08-07,HM011,S228,134.0,51.0,74.0,213.0,1849.0,135,30,95,214,2162,Not Achieved (134.0g),Not Achieved (51.0g),Achieved (74.0g),Not Achieved (213.0g),Not Achieved (1849.0 kcal),-313.0,-14.5,-1.0,-44.0,44.0,-1.0,Below Target,False,False,True,False,False,Deficit > 100 kcal,20.0,Low (0-40%)
T0229,2026-08-08,HM011,S229,109.0,49.0,70.0,285.0,2018.0,135,30,95,214,2162,Not Achieved (109.0g),Not Achieved (49.0g),Achieved (70.0g),Achieved (285.0g),Not Achieved (2018.0 kcal),-144.0,-6.7,-26.0,-46.0,40.0,71.0,Within ±10%,False,False,True,True,False,Deficit > 100 kcal,40.0,Low (0-40%)
T0230,2026-08-09,HM011,S230,53.0,22.0,30.0,244.0,1388.0,135,30,95,214,2162,Not Achieved (53.0g),Not Achieved (22.0g),Achieved (30.0g),Achieved (244.0g),Not Achieved (1388.0 kcal),-774.0,-35.8,-82.0,-73.0,0.0,30.0,Below Target,False,False,True,True,False,Deficit > 100 kcal,40.0,Low (0-40%)
T0231,2026-08-10,HM011,S231,58.0,29.0,43.0,172.0,1180.0,135,30,95,214,2162,Not Achieved (58.0g),Not Achieved (29.0g),Achieved (43.0g),Not Achieved (172.0g),Not Achieved (1180.0 kcal),-982.0,-45.4,-77.0,-66.0,13.0,-42.0,Below Target,False,False,True,False,False,Deficit > 100 kcal,20.0,Low (0-40%)
T0232,2026-08-11,HM011,S232,152.0,16.0,22.0,81.0,1075.0,135,30,95,214,2162,Achieved (152.0g),Not Achieved (16.0g),Not Achieved (22.0g),Not Achieved (81.0g),Not Achieved (1075.0 kcal),-1087.0,-50.3,17.0,-79.0,-8.0,-133.0,Below Target,True,False,False,False,False,Deficit > 100 kcal,20.0,Low (0-40%)
T0233,2026-08-12,HM011,S233,121.0,68.0,90.0,319.0,2368.0,135,30,95,214,2162,Not Achieved (121.0g),Not Achieved (68.0g),Achieved (90.0g),Achieved (319.0g),Achieved (2368.0 kcal),206.0,9.5,-14.0,-27.0,60.0,105.0,Within ±10%,False,False,True,True,True,Surplus > 100 kcal,60.0,Moderate (41-60%)
T0234,2026-08-13,HM011,S234,108.0,22.0,24.0,106.0,1052.0,135,30,95,214,2162,Not Achieved (108.0g),Not Achieved (22.0g),Not Achieved (24.0g),Not Achieved (106.0g),Not Achieved (1052.0 kcal),-1110.0,-51.3,-27.0,-73.0,-6.0,-108.0,Below Target,False,False,False,False,False,Deficit > 100 kcal,0.0,Low (0-40%)
T0235,2026-08-14,HM011,S235,108.0,18.0,104.0,306.0,1819.0,135,30,95,214,2162,Not Achieved (108.0g),Not Achieved (18.0g),Achieved (104.0g),Achieved (306.0g),Not Achieved (1819.0 kcal),-343.0,-15.9,-27.0,-77.0,74.0,92.0,Below Target,False,False,True,True,False,Deficit > 100 kcal,40.0,Low (0-40%)
T0236,2026-08-15,HM011,S236,211.0,101.0,66.0,283.0,2884.0,135,30,95,214,2162,Achieved (211.0g),Achieved (101.0g),Achieved (66.0g),Achieved (283.0g),Achieved (2884.0 kcal),722.0,33.4,76.0,6.0,36.0,69.0,Above Target,True,True,True,True,True,Surplus > 100 kcal,100.0,Excellent (81-100%)
T0237,2026-08-16,HM011,S237,143.0,28.0,69.0,313.0,2072.0,135,30,95,214,2162,Achieved (143.0g),Not Achieved (28.0g),Achieved (69.0g),Achieved (313.0g),Not Achieved (2072.0 kcal),-90.0,-4.2,8.0,-67.0,39.0,99.0,Within ±10%,True,False,True,True,False,Within ±100 kcal,60.0,Moderate (41-60%)
T0238,2026-08-17,HM011,S238,176.0,70.0,139.0,371.0,2818.0,135,30,95,214,2162,Achieved (176.0g),Not Achieved (70.0g),Achieved (139.0g),Achieved (371.0g),Achieved (2818.0 kcal),656.0,30.3,41.0,-25.0,109.0,157.0,Above Target,True,False,True,True,True,Surplus > 100 kcal,80.0,Good (61-80%)
T0239,2026-08-18,HM011,S239,118.0,60.0,59.0,231.0,1933.0,135,30,95,214,2162,Not Achieved (118.0g),Not Achieved (60.0g),Achieved (59.0g),Achieved (231.0g),Not Achieved (1933.0 kcal),-229.0,-10.6,-17.0,-35.0,29.0,17.0,Below Target,False,False,True,True,False,Deficit > 100 kcal,40.0,Low (0-40%)
T0240,2026-08-19,HM011,S240,100.0,48.0,77.0,307.0,2065.0,135,30,95,214,2162,Not Achieved (100.0g),Not Achieved (48.0g),Achieved (77.0g),Achieved (307.0g),Not Achieved (2065.0 kcal),-97.0,-4.5,-35.0,-47.0,47.0,93.0,Within ±10%,False,False,True,True,False,Within ±100 kcal,40.0,Low (0-40%)
T0241,2026-08-20,HM011,S241,234.0,52.0,91.0,364.0,2854.0,135,30,95,214,2162,Achieved (234.0g),Not Achieved (52.0g),Achieved (91.0g),Achieved (364.0g),Achieved (2854.0 kcal),692.0,32.0,99.0,-43.0,61.0,150.0,Above Target,True,False,True,True,True,Surplus > 100 kcal,80.0,Good (61-80%)
T0242,2026-08-21,HM011,S242,107.0,27.0,74.0,445.0,2451.0,135,30,95,214,2162,Not Achieved (107.0g),Not Achieved (27.0g),Achieved (74.0g),Achieved (445.0g),Achieved (2451.0 kcal),289.0,13.4,-28.0,-68.0,44.0,231.0,Above Target,False,False,True,True,True,Surplus > 100 kcal,60.0,Moderate (41-60%)
T0243,2026-08-22,HM011,S243,158.0,53.0,28.0,155.0,1726.0,135,30,95,214,2162,Achieved (158.0g),Not Achieved (53.0g),Not Achieved (28.0g),Not Achieved (155.0g),Not Achieved (1726.0 kcal),-436.0,-20.2,23.0,-42.0,-2.0,-59.0,Below Target,True,False,False,False,False,Deficit > 100 kcal,20.0,Low (0-40%)
T0244,2026-08-01,HM012,S244,130.0,29.0,21.0,166.0,1443.0,214,34,68,154,2447,Not Achieved (130.0g),Not Achieved (29.0g),Not Achieved (21.0g),Achieved (166.0g),Not Achieved (1443.0 kcal),-1004.0,-41.0,-84.0,-39.0,-13.0,12.0,Below Target,False,False,False,True,False,Deficit > 100 kcal,20.0,Low (0-40%)
T0245,2026-08-02,HM012,S245,76.0,25.0,49.0,246.0,1510.0,214,34,68,154,2447,Not Achieved (76.0g),Not Achieved (25.0g),Achieved (49.0g),Achieved (246.0g),Not Achieved (1510.0 kcal),-937.0,-38.3,-138.0,-43.0,15.0,92.0,Below Target,False,False,True,True,False,Deficit > 100 kcal,40.0,Low (0-40%)
T0246,2026-08-03,HM012,S246,397.0,87.0,86.0,260.0,3412.0,214,34,68,154,2447,Achieved (397.0g),Achieved (87.0g),Achieved (86.0g),Achieved (260.0g),Achieved (3412.0 kcal),965.0,39.4,183.0,19.0,52.0,106.0,Above Target,True,True,True,True,True,Surplus > 100 kcal,100.0,Excellent (81-100%)
T0247,2026-08-04,HM012,S247,78.0,19.0,41.0,130.0,1003.0,214,34,68,154,2447,Not Achieved (78.0g),Not Achieved (19.0g),Achieved (41.0g),Not Achieved (130.0g),Not Achieved (1003.0 kcal),-1444.0,-59.0,-136.0,-49.0,7.0,-24.0,Below Target,False,False,True,False,False,Deficit > 100 kcal,20.0,Low (0-40%)
T0248,2026-08-05,HM012,S248,91.0,47.0,51.0,186.0,1535.0,214,34,68,154,2447,Not Achieved (91.0g),Not Achieved (47.0g),Achieved (51.0g),Achieved (186.0g),Not Achieved (1535.0 kcal),-912.0,-37.3,-123.0,-21.0,17.0,32.0,Below Target,False,False,True,True,False,Deficit > 100 kcal,40.0,Low (0-40%)
T0249,2026-08-06,HM012,S249,75.0,11.0,65.0,184.0,1137.0,214,34,68,154,2447,Not Achieved (75.0g),Not Achieved (11.0g),Achieved (65.0g),Achieved (184.0g),Not Achieved (1137.0 kcal),-1310.0,-53.5,-139.0,-57.0,31.0,30.0,Below Target,False,False,True,True,False,Deficit > 100 kcal,40.0,Low (0-40%)
T0250,2026-08-07,HM012,S250,85.0,33.0,49.0,394.0,2213.0,214,34,68,154,2447,Not Achieved (85.0g),Not Achieved (33.0g),Achieved (49.0g),Achieved (394.0g),Not Achieved (2213.0 kcal),-234.0,-9.6,-129.0,-35.0,15.0,240.0,Within ±10%,False,False,True,True,False,Deficit > 100 kcal,40.0,Low (0-40%)
T0251,2026-08-08,HM012,S251,123.0,45.0,86.0,497.0,2889.0,214,34,68,154,2447,Not Achieved (123.0g),Not Achieved (45.0g),Achieved (86.0g),Achieved (497.0g),Achieved (2889.0 kcal),442.0,18.1,-91.0,-23.0,52.0,343.0,Above Target,False,False,True,True,True,Surplus > 100 kcal,60.0,Moderate (41-60%)
T0252,2026-08-09,HM012,S252,102.0,29.0,65.0,357.0,2095.0,214,34,68,154,2447,Not Achieved (102.0g),Not Achieved (29.0g),Achieved (65.0g),Achieved (357.0g),Not Achieved (2095.0 kcal),-352.0,-14.4,-112.0,-39.0,31.0,203.0,Below Target,False,False,True,True,False,Deficit > 100 kcal,40.0,Low (0-40%)
T0253,2026-08-10,HM012,S253,290.0,81.0,76.0,315.0,3154.0,214,34,68,154,2447,Achieved (290.0g),Achieved (81.0g),Achieved (76.0g),Achieved (315.0g),Achieved (3154.0 kcal),707.0,28.9,76.0,13.0,42.0,161.0,Above Target,True,True,True,True,True,Surplus > 100 kcal,100.0,Excellent (81-100%)
T0254,2026-08-11,HM012,S254,164.0,55.0,63.0,264.0,2206.0,214,34,68,154,2447,Not Achieved (164.0g),Not Achieved (55.0g),Achieved (63.0g),Achieved (264.0g),Not Achieved (2206.0 kcal),-241.0,-9.8,-50.0,-13.0,29.0,110.0,Within ±10%,False,False,True,True,False,Deficit > 100 kcal,40.0,Low (0-40%)
T0255,2026-08-12,HM012,S255,173.0,79.0,106.0,403.0,3016.0,214,34,68,154,2447,Not Achieved (173.0g),Achieved (79.0g),Achieved (106.0g),Achieved (403.0g),Achieved (3016.0 kcal),569.0,23.3,-41.0,11.0,72.0,249.0,Above Target,False,True,True,True,True,Surplus > 100 kcal,80.0,Good (61-80%)
T0256,2026-08-13,HM012,S256,56.0,12.0,59.0,293.0,1507.0,214,34,68,154,2447,Not Achieved (56.0g),Not Achieved (12.0g),Achieved (59.0g),Achieved (293.0g),Not Achieved (1507.0 kcal),-940.0,-38.4,-158.0,-56.0,25.0,139.0,Below Target,False,False,True,True,False,Deficit > 100 kcal,40.0,Low (0-40%)
T0257,2026-08-14,HM012,S257,187.0,59.0,29.0,115.0,1736.0,214,34,68,154,2447,Not Achieved (187.0g),Not Achieved (59.0g),Not Achieved (29.0g),Not Achieved (115.0g),Not Achieved (1736.0 kcal),-711.0,-29.1,-27.0,-9.0,-5.0,-39.0,Below Target,False,False,False,False,False,Deficit > 100 kcal,0.0,Low (0-40%)
T0258,2026-08-15,HM012,S258,106.0,65.0,102.0,328.0,2323.0,214,34,68,154,2447,Not Achieved (106.0g),Not Achieved (65.0g),Achieved (102.0g),Achieved (328.0g),Not Achieved (2323.0 kcal),-124.0,-5.1,-108.0,-3.0,68.0,174.0,Within ±10%,False,False,True,True,False,Deficit > 100 kcal,40.0,Low (0-40%)
T0259,2026-08-16,HM012,S259,60.0,17.0,40.0,137.0,937.0,214,34,68,154,2447,Not Achieved (60.0g),Not Achieved (17.0g),Achieved (40.0g),Not Achieved (137.0g),Not Achieved (937.0 kcal),-1510.0,-61.7,-154.0,-51.0,6.0,-17.0,Below Target,False,False,True,False,False,Deficit > 100 kcal,20.0,Low (0-40%)
T0260,2026-08-17,HM012,S260,188.0,56.0,79.0,439.0,3016.0,214,34,68,154,2447,Not Achieved (188.0g),Not Achieved (56.0g),Achieved (79.0g),Achieved (439.0g),Achieved (3016.0 kcal),569.0,23.3,-26.0,-12.0,45.0,285.0,Above Target,False,False,True,True,True,Surplus > 100 kcal,60.0,Moderate (41-60%)
T0261,2026-08-18,HM012,S261,50.0,14.0,54.0,221.0,1213.0,214,34,68,154,2447,Not Achieved (50.0g),Not Achieved (14.0g),Achieved (54.0g),Achieved (221.0g),Not Achieved (1213.0 kcal),-1234.0,-50.4,-164.0,-54.0,20.0,67.0,Below Target,False,False,True,True,False,Deficit > 100 kcal,40.0,Low (0-40%)
T0262,2026-08-19,HM012,S262,176.0,80.0,90.0,453.0,3237.0,214,34,68,154,2447,Not Achieved (176.0g),Achieved (80.0g),Achieved (90.0g),Achieved (453.0g),Achieved (3237.0 kcal),790.0,32.3,-38.0,12.0,56.0,299.0,Above Target,False,True,True,True,True,Surplus > 100 kcal,80.0,Good (61-80%)
T0263,2026-08-20,HM012,S263,81.0,49.0,13.0,161.0,1416.0,214,34,68,154,2447,Not Achieved (81.0g),Not Achieved (49.0g),Not Achieved (13.0g),Achieved (161.0g),Not Achieved (1416.0 kcal),-1031.0,-42.1,-133.0,-19.0,-21.0,7.0,Below Target,False,False,False,True,False,Deficit > 100 kcal,20.0,Low (0-40%)
T0264,2026-08-21,HM012,S264,168.0,132.0,91.0,294.0,3030.0,214,34,68,154,2447,Not Achieved (168.0g),Achieved (132.0g),Achieved (91.0g),Achieved (294.0g),Achieved (3030.0 kcal),583.0,23.8,-46.0,64.0,57.0,140.0,Above Target,False,True,True,True,True,Surplus > 100 kcal,80.0,Good (61-80%)
T0265,2026-08-22,HM012,S265,132.0,59.0,101.0,393.0,2636.0,214,34,68,154,2447,Not Achieved (132.0g),Not Achieved (59.0g),Achieved (101.0g),Achieved (393.0g),Achieved (2636.0 kcal),189.0,7.7,-82.0,-9.0,67.0,239.0,Within ±10%,False,False,True,True,True,Surplus > 100 kcal,60.0,Moderate (41-60%)
T0266,2026-08-01,HM013,S266,165.0,28.0,39.0,319.0,2186.0,154,34,41,92,2461,Achieved (165.0g),Not Achieved (28.0g),Achieved (39.0g),Achieved (319.0g),Not Achieved (2186.0 kcal),-275.0,-11.2,11.0,-13.0,5.0,227.0,Below Target,True,False,True,True,False,Deficit > 100 kcal,60.0,Moderate (41-60%)
T0267,2026-08-02,HM013,S267,187.0,67.0,45.0,209.0,2186.0,154,34,41,92,2461,Achieved (187.0g),Achieved (67.0g),Achieved (45.0g),Achieved (209.0g),Not Achieved (2186.0 kcal),-275.0,-11.2,33.0,26.0,11.0,117.0,Below Target,True,True,True,True,False,Deficit > 100 kcal,80.0,Good (61-80%)
T0268,2026-08-03,HM013,S268,110.0,65.0,76.0,294.0,2203.0,154,34,41,92,2461,Not Achieved (110.0g),Achieved (65.0g),Achieved (76.0g),Achieved (294.0g),Not Achieved (2203.0 kcal),-258.0,-10.5,-44.0,24.0,42.0,202.0,Below Target,False,True,True,True,False,Deficit > 100 kcal,60.0,Moderate (41-60%)
T0269,2026-08-04,HM013,S269,77.0,40.0,32.0,178.0,1380.0,154,34,41,92,2461,Not Achieved (77.0g),Not Achieved (40.0g),Not Achieved (32.0g),Achieved (178.0g),Not Achieved (1380.0 kcal),-1081.0,-43.9,-77.0,-1.0,-2.0,86.0,Below Target,False,False,False,True,False,Deficit > 100 kcal,20.0,Low (0-40%)
T0270,2026-08-05,HM013,S270,223.0,97.0,82.0,339.0,3119.0,154,34,41,92,2461,Achieved (223.0g),Achieved (97.0g),Achieved (82.0g),Achieved (339.0g),Achieved (3119.0 kcal),658.0,26.7,69.0,56.0,48.0,247.0,Above Target,True,True,True,True,True,Surplus > 100 kcal,100.0,Excellent (81-100%)
T0271,2026-08-06,HM013,S271,91.0,67.0,41.0,94.0,1345.0,154,34,41,92,2461,Not Achieved (91.0g),Achieved (67.0g),Achieved (41.0g),Achieved (94.0g),Not Achieved (1345.0 kcal),-1116.0,-45.3,-63.0,26.0,7.0,2.0,Below Target,False,True,True,True,False,Deficit > 100 kcal,60.0,Moderate (41-60%)
T0272,2026-08-07,HM013,S272,194.0,39.0,42.0,254.0,2147.0,154,34,41,92,2461,Achieved (194.0g),Not Achieved (39.0g),Achieved (42.0g),Achieved (254.0g),Not Achieved (2147.0 kcal),-314.0,-12.8,40.0,-2.0,8.0,162.0,Below Target,True,False,True,True,False,Deficit > 100 kcal,60.0,Moderate (41-60%)
T0273,2026-08-08,HM013,S273,128.0,37.0,53.0,187.0,1594.0,154,34,41,92,2461,Not Achieved (128.0g),Not Achieved (37.0g),Achieved (53.0g),Achieved (187.0g),Not Achieved (1594.0 kcal),-867.0,-35.2,-26.0,-4.0,19.0,95.0,Below Target,False,False,True,True,False,Deficit > 100 kcal,40.0,Low (0-40%)
T0274,2026-08-09,HM013,S274,164.0,68.0,71.0,242.0,2234.0,154,34,41,92,2461,Achieved (164.0g),Achieved (68.0g),Achieved (71.0g),Achieved (242.0g),Not Achieved (2234.0 kcal),-227.0,-9.2,10.0,27.0,37.0,150.0,Within ±10%,True,True,True,True,False,Deficit > 100 kcal,80.0,Good (61-80%)
T0275,2026-08-10,HM013,S275,75.0,68.0,56.0,190.0,1675.0,154,34,41,92,2461,Not Achieved (75.0g),Achieved (68.0g),Achieved (56.0g),Achieved (190.0g),Not Achieved (1675.0 kcal),-786.0,-31.9,-79.0,27.0,22.0,98.0,Below Target,False,True,True,True,False,Deficit > 100 kcal,60.0,Moderate (41-60%)
T0276,2026-08-11,HM013,S276,91.0,37.0,38.0,157.0,1321.0,154,34,41,92,2461,Not Achieved (91.0g),Not Achieved (37.0g),Achieved (38.0g),Achieved (157.0g),Not Achieved (1321.0 kcal),-1140.0,-46.3,-63.0,-4.0,4.0,65.0,Below Target,False,False,True,True,False,Deficit > 100 kcal,40.0,Low (0-40%)
T0277,2026-08-12,HM013,S277,44.0,16.0,37.0,242.0,1289.0,154,34,41,92,2461,Not Achieved (44.0g),Not Achieved (16.0g),Achieved (37.0g),Achieved (242.0g),Not Achieved (1289.0 kcal),-1172.0,-47.6,-110.0,-25.0,3.0,150.0,Below Target,False,False,True,True,False,Deficit > 100 kcal,40.0,Low (0-40%)
T0278,2026-08-13,HM013,S278,177.0,50.0,65.0,218.0,2029.0,154,34,41,92,2461,Achieved (177.0g),Achieved (50.0g),Achieved (65.0g),Achieved (218.0g),Not Achieved (2029.0 kcal),-432.0,-17.6,23.0,9.0,31.0,126.0,Below Target,True,True,True,True,False,Deficit > 100 kcal,80.0,Good (61-80%)
T0279,2026-08-14,HM013,S279,194.0,93.0,65.0,303.0,2828.0,154,34,41,92,2461,Achieved (194.0g),Achieved (93.0g),Achieved (65.0g),Achieved (303.0g),Achieved (2828.0 kcal),367.0,14.9,40.0,52.0,31.0,211.0,Above Target,True,True,True,True,True,Surplus > 100 kcal,100.0,Excellent (81-100%)
T0280,2026-08-15,HM013,S280,138.0,63.0,73.0,246.0,2099.0,154,34,41,92,2461,Not Achieved (138.0g),Achieved (63.0g),Achieved (73.0g),Achieved (246.0g),Not Achieved (2099.0 kcal),-362.0,-14.7,-16.0,22.0,39.0,154.0,Below Target,False,True,True,True,False,Deficit > 100 kcal,60.0,Moderate (41-60%)
T0281,2026-08-16,HM013,S281,98.0,59.0,30.0,149.0,1518.0,154,34,41,92,2461,Not Achieved (98.0g),Achieved (59.0g),Not Achieved (30.0g),Achieved (149.0g),Not Achieved (1518.0 kcal),-943.0,-38.3,-56.0,18.0,-4.0,57.0,Below Target,False,True,False,True,False,Deficit > 100 kcal,40.0,Low (0-40%)
T0282,2026-08-17,HM013,S282,57.0,30.0,72.0,297.0,1680.0,154,34,41,92,2461,Not Achieved (57.0g),Not Achieved (30.0g),Achieved (72.0g),Achieved (297.0g),Not Achieved (1680.0 kcal),-781.0,-31.7,-97.0,-11.0,38.0,205.0,Below Target,False,False,True,True,False,Deficit > 100 kcal,40.0,Low (0-40%)
T0283,2026-08-18,HM013,S283,72.0,50.0,82.0,290.0,1895.0,154,34,41,92,2461,Not Achieved (72.0g),Achieved (50.0g),Achieved (82.0g),Achieved (290.0g),Not Achieved (1895.0 kcal),-566.0,-23.0,-82.0,9.0,48.0,198.0,Below Target,False,True,True,True,False,Deficit > 100 kcal,60.0,Moderate (41-60%)
T0284,2026-08-19,HM013,S284,144.0,42.0,59.0,343.0,2328.0,154,34,41,92,2461,Not Achieved (144.0g),Achieved (42.0g),Achieved (59.0g),Achieved (343.0g),Not Achieved (2328.0 kcal),-133.0,-5.4,-10.0,1.0,25.0,251.0,Within ±10%,False,True,True,True,False,Deficit > 100 kcal,60.0,Moderate (41-60%)
T0285,2026-08-20,HM013,S285,142.0,44.0,95.0,312.0,2208.0,154,34,41,92,2461,Not Achieved (142.0g),Achieved (44.0g),Achieved (95.0g),Achieved (312.0g),Not Achieved (2208.0 kcal),-253.0,-10.3,-12.0,3.0,61.0,220.0,Below Target,False,True,True,True,False,Deficit > 100 kcal,60.0,Moderate (41-60%)
T0286,2026-08-21,HM013,S286,108.0,49.0,26.0,122.0,1367.0,154,34,41,92,2461,Not Achieved (108.0g),Achieved (49.0g),Not Achieved (26.0g),Achieved (122.0g),Not Achieved (1367.0 kcal),-1094.0,-44.5,-46.0,8.0,-8.0,30.0,Below Target,False,True,False,True,False,Deficit > 100 kcal,40.0,Low (0-40%)
T0287,2026-08-22,HM013,S287,195.0,59.0,46.0,241.0,2271.0,154,34,41,92,2461,Achieved (195.0g),Achieved (59.0g),Achieved (46.0g),Achieved (241.0g),Not Achieved (2271.0 kcal),-190.0,-7.7,41.0,18.0,12.0,149.0,Within ±10%,True,True,True,True,False,Deficit > 100 kcal,80.0,Good (61-80%)
T0288,2026-08-01,HM014,S288,138.0,23.0,43.0,227.0,1665.0,92,17,32,72,1227,Achieved (138.0g),Not Achieved (23.0g),Achieved (43.0g),Achieved (227.0g),Achieved (1665.0 kcal),438.0,35.7,46.0,-9.0,26.0,155.0,Above Target,True,False,True,True,True,Surplus > 100 kcal,80.0,Good (61-80%)
T0289,2026-08-02,HM014,S289,104.0,33.0,53.0,198.0,1504.0,92,17,32,72,1227,Achieved (104.0g),Achieved (33.0g),Achieved (53.0g),Achieved (198.0g),Achieved (1504.0 kcal),277.0,22.6,12.0,1.0,36.0,126.0,Above Target,True,True,True,True,True,Surplus > 100 kcal,100.0,Excellent (81-100%)
T0290,2026-08-03,HM014,S290,139.0,18.0,32.0,216.0,1582.0,92,17,32,72,1227,Achieved (139.0g),Not Achieved (18.0g),Achieved (32.0g),Achieved (216.0g),Achieved (1582.0 kcal),355.0,28.9,47.0,-14.0,15.0,144.0,Above Target,True,False,True,True,True,Surplus > 100 kcal,80.0,Good (61-80%)
T0291,2026-08-04,HM014,S291,56.0,26.0,77.0,279.0,1574.0,92,17,32,72,1227,Not Achieved (56.0g),Not Achieved (26.0g),Achieved (77.0g),Achieved (279.0g),Achieved (1574.0 kcal),347.0,28.3,-36.0,-6.0,60.0,207.0,Above Target,False,False,True,True,True,Surplus > 100 kcal,60.0,Moderate (41-60%)
T0292,2026-08-05,HM014,S292,105.0,64.0,68.0,179.0,1719.0,92,17,32,72,1227,Achieved (105.0g),Achieved (64.0g),Achieved (68.0g),Achieved (179.0g),Achieved (1719.0 kcal),492.0,40.1,13.0,32.0,51.0,107.0,Above Target,True,True,True,True,True,Surplus > 100 kcal,100.0,Excellent (81-100%)
T0293,2026-08-06,HM014,S293,45.0,16.0,39.0,216.0,1185.0,92,17,32,72,1227,Not Achieved (45.0g),Not Achieved (16.0g),Achieved (39.0g),Achieved (216.0g),Not Achieved (1185.0 kcal),-42.0,-3.4,-47.0,-16.0,22.0,144.0,Within ±10%,False,False,True,True,False,Within ±100 kcal,40.0,Low (0-40%)
T0294,2026-08-07,HM014,S294,30.0,12.0,23.0,116.0,689.0,92,17,32,72,1227,Not Achieved (30.0g),Not Achieved (12.0g),Achieved (23.0g),Achieved (116.0g),Not Achieved (689.0 kcal),-538.0,-43.8,-62.0,-20.0,6.0,44.0,Below Target,False,False,True,True,False,Deficit > 100 kcal,40.0,Low (0-40%)
T0295,2026-08-08,HM014,S295,68.0,56.0,53.0,226.0,1677.0,92,17,32,72,1227,Not Achieved (68.0g),Achieved (56.0g),Achieved (53.0g),Achieved (226.0g),Achieved (1677.0 kcal),450.0,36.7,-24.0,24.0,36.0,154.0,Above Target,False,True,True,True,True,Surplus > 100 kcal,80.0,Good (61-80%)
T0296,2026-08-09,HM014,S296,121.0,46.0,42.0,182.0,1629.0,92,17,32,72,1227,Achieved (121.0g),Achieved (46.0g),Achieved (42.0g),Achieved (182.0g),Achieved (1629.0 kcal),402.0,32.8,29.0,14.0,25.0,110.0,Above Target,True,True,True,True,True,Surplus > 100 kcal,100.0,Excellent (81-100%)
T0297,2026-08-10,HM014,S297,60.0,54.0,68.0,236.0,1671.0,92,17,32,72,1227,Not Achieved (60.0g),Achieved (54.0g),Achieved (68.0g),Achieved (236.0g),Achieved (1671.0 kcal),444.0,36.2,-32.0,22.0,51.0,164.0,Above Target,False,True,True,True,True,Surplus > 100 kcal,80.0,Good (61-80%)
T0298,2026-08-11,HM014,S298,122.0,41.0,38.0,191.0,1622.0,92,17,32,72,1227,Achieved (122.0g),Achieved (41.0g),Achieved (38.0g),Achieved (191.0g),Achieved (1622.0 kcal),395.0,32.2,30.0,9.0,21.0,119.0,Above Target,True,True,True,True,True,Surplus > 100 kcal,100.0,Excellent (81-100%)
T0299,2026-08-12,HM014,S299,48.0,11.0,19.0,96.0,675.0,92,17,32,72,1227,Not Achieved (48.0g),Not Achieved (11.0g),Achieved (19.0g),Achieved (96.0g),Not Achieved (675.0 kcal),-552.0,-45.0,-44.0,-21.0,2.0,24.0,Below Target,False,False,True,True,False,Deficit > 100 kcal,40.0,Low (0-40%)
T0300,2026-08-13,HM014,S300,115.0,37.0,48.0,175.0,1494.0,92,17,32,72,1227,Achieved (115.0g),Achieved (37.0g),Achieved (48.0g),Achieved (175.0g),Achieved (1494.0 kcal),267.0,21.8,23.0,5.0,31.0,103.0,Above Target,True,True,True,True,True,Surplus > 100 kcal,100.0,Excellent (81-100%)
T0301,2026-08-14,HM014,S301,39.0,14.0,30.0,224.0,1175.0,92,17,32,72,1227,Not Achieved (39.0g),Not Achieved (14.0g),Achieved (30.0g),Achieved (224.0g),Not Achieved (1175.0 kcal),-52.0,-4.2,-53.0,-18.0,13.0,152.0,Within ±10%,False,False,True,True,False,Within ±100 kcal,40.0,Low (0-40%)
T0302,2026-08-15,HM014,S302,35.0,50.0,20.0,41.0,758.0,92,17,32,72,1227,Not Achieved (35.0g),Achieved (50.0g),Achieved (20.0g),Not Achieved (41.0g),Not Achieved (758.0 kcal),-469.0,-38.2,-57.0,18.0,3.0,-31.0,Below Target,False,True,True,False,False,Deficit > 100 kcal,40.0,Low (0-40%)
T0303,2026-08-16,HM014,S303,26.0,9.0,20.0,114.0,641.0,92,17,32,72,1227,Not Achieved (26.0g),Not Achieved (9.0g),Achieved (20.0g),Achieved (114.0g),Not Achieved (641.0 kcal),-586.0,-47.8,-66.0,-23.0,3.0,42.0,Below Target,False,False,True,True,False,Deficit > 100 kcal,40.0,Low (0-40%)
T0304,2026-08-17,HM014,S304,32.0,25.0,36.0,116.0,822.0,92,17,32,72,1227,Not Achieved (32.0g),Not Achieved (25.0g),Achieved (36.0g),Achieved (116.0g),Not Achieved (822.0 kcal),-405.0,-33.0,-60.0,-7.0,19.0,44.0,Below Target,False,False,True,True,False,Deficit > 100 kcal,40.0,Low (0-40%)
T0305,2026-08-18,HM014,S305,38.0,27.0,22.0,86.0,739.0,92,17,32,72,1227,Not Achieved (38.0g),Not Achieved (27.0g),Achieved (22.0g),Achieved (86.0g),Not Achieved (739.0 kcal),-488.0,-39.8,-54.0,-5.0,5.0,14.0,Below Target,False,False,True,True,False,Deficit > 100 kcal,40.0,Low (0-40%)
T0306,2026-08-19,HM014,S306,66.0,13.0,33.0,199.0,1177.0,92,17,32,72,1227,Not Achieved (66.0g),Not Achieved (13.0g),Achieved (33.0g),Achieved (199.0g),Not Achieved (1177.0 kcal),-50.0,-4.1,-26.0,-19.0,16.0,127.0,Within ±10%,False,False,True,True,False,Within ±100 kcal,40.0,Low (0-40%)
T0307,2026-08-20,HM014,S307,81.0,16.0,35.0,169.0,1144.0,92,17,32,72,1227,Not Achieved (81.0g),Not Achieved (16.0g),Achieved (35.0g),Achieved (169.0g),Not Achieved (1144.0 kcal),-83.0,-6.8,-11.0,-16.0,18.0,97.0,Within ±10%,False,False,True,True,False,Within ±100 kcal,40.0,Low (0-40%)
T0308,2026-08-21,HM014,S308,61.0,42.0,27.0,126.0,1131.0,92,17,32,72,1227,Not Achieved (61.0g),Achieved (42.0g),Achieved (27.0g),Achieved (126.0g),Not Achieved (1131.0 kcal),-96.0,-7.8,-31.0,10.0,10.0,54.0,Within ±10%,False,True,True,True,False,Within ±100 kcal,60.0,Moderate (41-60%)
T0309,2026-08-22,HM014,S309,81.0,16.0,28.0,154.0,1082.0,92,17,32,72,1227,Not Achieved (81.0g),Not Achieved (16.0g),Achieved (28.0g),Achieved (154.0g),Not Achieved (1082.0 kcal),-145.0,-11.8,-11.0,-16.0,11.0,82.0,Below Target,False,False,True,True,False,Deficit > 100 kcal,40.0,Low (0-40%)
T0310,2026-08-01,HM015,S310,31.0,13.0,23.0,152.0,854.0,72,13,36,81,956,Not Achieved (31.0g),Not Achieved (13.0g),Achieved (23.0g),Achieved (152.0g),Not Achieved (854.0 kcal),-102.0,-10.7,-41.0,-23.0,10.0,71.0,Below Target,False,False,True,True,False,Deficit > 100 kcal,40.0,Low (0-40%)
T0311,2026-08-02,HM015,S311,59.0,29.0,25.0,91.0,858.0,72,13,36,81,956,Not Achieved (59.0g),Not Achieved (29.0g),Achieved (25.0g),Achieved (91.0g),Not Achieved (858.0 kcal),-98.0,-10.3,-13.0,-7.0,12.0,10.0,Below Target,False,False,True,True,False,Within ±100 kcal,40.0,Low (0-40%)
T0312,2026-08-03,HM015,S312,59.0,24.0,38.0,228.0,1369.0,72,13,36,81,956,Not Achieved (59.0g),Not Achieved (24.0g),Achieved (38.0g),Achieved (228.0g),Achieved (1369.0 kcal),413.0,43.2,-13.0,-12.0,25.0,147.0,Above Target,False,False,True,True,True,Surplus > 100 kcal,60.0,Moderate (41-60%)
T0313,2026-08-04,HM015,S313,62.0,31.0,32.0,112.0,975.0,72,13,36,81,956,Not Achieved (62.0g),Not Achieved (31.0g),Achieved (32.0g),Achieved (112.0g),Achieved (975.0 kcal),19.0,2.0,-10.0,-5.0,19.0,31.0,Within ±10%,False,False,True,True,True,Within ±100 kcal,60.0,Moderate (41-60%)
T0314,2026-08-05,HM015,S314,22.0,17.0,20.0,91.0,605.0,72,13,36,81,956,Not Achieved (22.0g),Not Achieved (17.0g),Achieved (20.0g),Achieved (91.0g),Not Achieved (605.0 kcal),-351.0,-36.7,-50.0,-19.0,7.0,10.0,Below Target,False,False,True,True,False,Deficit > 100 kcal,40.0,Low (0-40%)
T0315,2026-08-06,HM015,S315,47.0,25.0,20.0,69.0,690.0,72,13,36,81,956,Not Achieved (47.0g),Not Achieved (25.0g),Achieved (20.0g),Not Achieved (69.0g),Not Achieved (690.0 kcal),-266.0,-27.8,-25.0,-11.0,7.0,-12.0,Below Target,False,False,True,False,False,Deficit > 100 kcal,20.0,Low (0-40%)
T0316,2026-08-07,HM015,S316,23.0,13.0,27.0,111.0,654.0,72,13,36,81,956,Not Achieved (23.0g),Not Achieved (13.0g),Achieved (27.0g),Achieved (111.0g),Not Achieved (654.0 kcal),-302.0,-31.6,-49.0,-23.0,14.0,30.0,Below Target,False,False,True,True,False,Deficit > 100 kcal,40.0,Low (0-40%)
T0317,2026-08-08,HM015,S317,57.0,30.0,27.0,186.0,1238.0,72,13,36,81,956,Not Achieved (57.0g),Not Achieved (30.0g),Achieved (27.0g),Achieved (186.0g),Achieved (1238.0 kcal),282.0,29.5,-15.0,-6.0,14.0,105.0,Above Target,False,False,True,True,True,Surplus > 100 kcal,60.0,Moderate (41-60%)
T0318,2026-08-09,HM015,S318,71.0,26.0,52.0,181.0,1245.0,72,13,36,81,956,Not Achieved (71.0g),Not Achieved (26.0g),Achieved (52.0g),Achieved (181.0g),Achieved (1245.0 kcal),289.0,30.2,-1.0,-10.0,39.0,100.0,Above Target,False,False,True,True,True,Surplus > 100 kcal,60.0,Moderate (41-60%)
T0319,2026-08-10,HM015,S319,37.0,11.0,36.0,162.0,892.0,72,13,36,81,956,Not Achieved (37.0g),Not Achieved (11.0g),Achieved (36.0g),Achieved (162.0g),Not Achieved (892.0 kcal),-64.0,-6.7,-35.0,-25.0,23.0,81.0,Within ±10%,False,False,True,True,False,Within ±100 kcal,40.0,Low (0-40%)
T0320,2026-08-11,HM015,S320,63.0,29.0,26.0,98.0,909.0,72,13,36,81,956,Not Achieved (63.0g),Not Achieved (29.0g),Achieved (26.0g),Achieved (98.0g),Not Achieved (909.0 kcal),-47.0,-4.9,-9.0,-7.0,13.0,17.0,Within ±10%,False,False,True,True,False,Within ±100 kcal,40.0,Low (0-40%)
T0321,2026-08-12,HM015,S321,28.0,13.0,27.0,103.0,638.0,72,13,36,81,956,Not Achieved (28.0g),Not Achieved (13.0g),Achieved (27.0g),Achieved (103.0g),Not Achieved (638.0 kcal),-318.0,-33.3,-44.0,-23.0,14.0,22.0,Below Target,False,False,True,True,False,Deficit > 100 kcal,40.0,Low (0-40%)
T0322,2026-08-13,HM015,S322,34.0,11.0,25.0,100.0,637.0,72,13,36,81,956,Not Achieved (34.0g),Not Achieved (11.0g),Achieved (25.0g),Achieved (100.0g),Not Achieved (637.0 kcal),-319.0,-33.4,-38.0,-25.0,12.0,19.0,Below Target,False,False,True,True,False,Deficit > 100 kcal,40.0,Low (0-40%)
T0323,2026-08-14,HM015,S323,32.0,13.0,29.0,72.0,536.0,72,13,36,81,956,Not Achieved (32.0g),Not Achieved (13.0g),Achieved (29.0g),Not Achieved (72.0g),Not Achieved (536.0 kcal),-420.0,-43.9,-40.0,-23.0,16.0,-9.0,Below Target,False,False,True,False,False,Deficit > 100 kcal,20.0,Low (0-40%)
T0324,2026-08-15,HM015,S324,32.0,14.0,15.0,98.0,642.0,72,13,36,81,956,Not Achieved (32.0g),Not Achieved (14.0g),Achieved (15.0g),Achieved (98.0g),Not Achieved (642.0 kcal),-314.0,-32.8,-40.0,-22.0,2.0,17.0,Below Target,False,False,True,True,False,Deficit > 100 kcal,40.0,Low (0-40%)
T0325,2026-08-16,HM015,S325,133.0,27.0,60.0,146.0,1356.0,72,13,36,81,956,Achieved (133.0g),Not Achieved (27.0g),Achieved (60.0g),Achieved (146.0g),Achieved (1356.0 kcal),400.0,41.8,61.0,-9.0,47.0,65.0,Above Target,True,False,True,True,True,Surplus > 100 kcal,80.0,Good (61-80%)
T0326,2026-08-17,HM015,S326,75.0,37.0,36.0,154.0,1251.0,72,13,36,81,956,Achieved (75.0g),Achieved (37.0g),Achieved (36.0g),Achieved (154.0g),Achieved (1251.0 kcal),295.0,30.9,3.0,1.0,23.0,73.0,Above Target,True,True,True,True,True,Surplus > 100 kcal,100.0,Excellent (81-100%)
T0327,2026-08-18,HM015,S327,60.0,19.0,33.0,141.0,979.0,72,13,36,81,956,Not Achieved (60.0g),Not Achieved (19.0g),Achieved (33.0g),Achieved (141.0g),Achieved (979.0 kcal),23.0,2.4,-12.0,-17.0,20.0,60.0,Within ±10%,False,False,True,True,True,Within ±100 kcal,60.0,Moderate (41-60%)
T0328,2026-08-19,HM015,S328,44.0,25.0,13.0,50.0,604.0,72,13,36,81,956,Not Achieved (44.0g),Not Achieved (25.0g),Achieved (13.0g),Not Achieved (50.0g),Not Achieved (604.0 kcal),-352.0,-36.8,-28.0,-11.0,0.0,-31.0,Below Target,False,False,True,False,False,Deficit > 100 kcal,20.0,Low (0-40%)
T0329,2026-08-20,HM015,S329,43.0,28.0,32.0,200.0,1220.0,72,13,36,81,956,Not Achieved (43.0g),Not Achieved (28.0g),Achieved (32.0g),Achieved (200.0g),Achieved (1220.0 kcal),264.0,27.6,-29.0,-8.0,19.0,119.0,Above Target,False,False,True,True,True,Surplus > 100 kcal,60.0,Moderate (41-60%)
T0330,2026-08-21,HM015,S330,48.0,14.0,26.0,137.0,868.0,72,13,36,81,956,Not Achieved (48.0g),Not Achieved (14.0g),Achieved (26.0g),Achieved (137.0g),Not Achieved (868.0 kcal),-88.0,-9.2,-24.0,-22.0,13.0,56.0,Within ±10%,False,False,True,True,False,Within ±100 kcal,40.0,Low (0-40%)
T0331,2026-08-22,HM015,S331,54.0,27.0,36.0,126.0,963.0,72,13,36,81,956,Not Achieved (54.0g),Not Achieved (27.0g),Achieved (36.0g),Achieved (126.0g),Achieved (963.0 kcal),7.0,0.7,-18.0,-9.0,23.0,45.0,Within ±10%,False,False,True,True,True,Within ±100 kcal,60.0,Moderate (41-60%)
T0332,2026-08-01,HM016,S332,58.0,29.0,32.0,119.0,972.0,81,15,43,96,1085,Not Achieved (58.0g),Not Achieved (29.0g),Achieved (32.0g),Achieved (119.0g),Not Achieved (972.0 kcal),-113.0,-10.4,-23.0,-14.0,17.0,23.0,Below Target,False,False,True,True,False,Deficit > 100 kcal,40.0,Low (0-40%)
T0333,2026-08-02,HM016,S333,84.0,25.0,65.0,253.0,1571.0,81,15,43,96,1085,Achieved (84.0g),Not Achieved (25.0g),Achieved (65.0g),Achieved (253.0g),Achieved (1571.0 kcal),486.0,44.8,3.0,-18.0,50.0,157.0,Above Target,True,False,True,True,True,Surplus > 100 kcal,80.0,Good (61-80%)
T0334,2026-08-03,HM016,S334,97.0,42.0,35.0,144.0,1341.0,81,15,43,96,1085,Achieved (97.0g),Not Achieved (42.0g),Achieved (35.0g),Achieved (144.0g),Achieved (1341.0 kcal),256.0,23.6,16.0,-1.0,20.0,48.0,Above Target,True,False,True,True,True,Surplus > 100 kcal,80.0,Good (61-80%)
T0335,2026-08-04,HM016,S335,46.0,21.0,41.0,143.0,944.0,81,15,43,96,1085,Not Achieved (46.0g),Not Achieved (21.0g),Achieved (41.0g),Achieved (143.0g),Not Achieved (944.0 kcal),-141.0,-13.0,-35.0,-22.0,26.0,47.0,Below Target,False,False,True,True,False,Deficit > 100 kcal,40.0,Low (0-40%)
T0336,2026-08-05,HM016,S336,77.0,15.0,21.0,64.0,702.0,81,15,43,96,1085,Not Achieved (77.0g),Not Achieved (15.0g),Achieved (21.0g),Not Achieved (64.0g),Not Achieved (702.0 kcal),-383.0,-35.3,-4.0,-28.0,6.0,-32.0,Below Target,False,False,True,False,False,Deficit > 100 kcal,20.0,Low (0-40%)
T0337,2026-08-06,HM016,S337,134.0,51.0,31.0,163.0,1645.0,81,15,43,96,1085,Achieved (134.0g),Achieved (51.0g),Achieved (31.0g),Achieved (163.0g),Achieved (1645.0 kcal),560.0,51.6,53.0,8.0,16.0,67.0,Above Target,True,True,True,True,True,Surplus > 100 kcal,100.0,Excellent (81-100%)
T0338,2026-08-07,HM016,S338,72.0,11.0,40.0,148.0,976.0,81,15,43,96,1085,Not Achieved (72.0g),Not Achieved (11.0g),Achieved (40.0g),Achieved (148.0g),Not Achieved (976.0 kcal),-109.0,-10.0,-9.0,-32.0,25.0,52.0,Within ±10%,False,False,True,True,False,Deficit > 100 kcal,40.0,Low (0-40%)
T0339,2026-08-08,HM016,S339,112.0,48.0,31.0,148.0,1467.0,81,15,43,96,1085,Achieved (112.0g),Achieved (48.0g),Achieved (31.0g),Achieved (148.0g),Achieved (1467.0 kcal),382.0,35.2,31.0,5.0,16.0,52.0,Above Target,True,True,True,True,True,Surplus > 100 kcal,100.0,Excellent (81-100%)
T0340,2026-08-09,HM016,S340,62.0,16.0,39.0,148.0,981.0,81,15,43,96,1085,Not Achieved (62.0g),Not Achieved (16.0g),Achieved (39.0g),Achieved (148.0g),Not Achieved (981.0 kcal),-104.0,-9.6,-19.0,-27.0,24.0,52.0,Within ±10%,False,False,True,True,False,Deficit > 100 kcal,40.0,Low (0-40%)
T0341,2026-08-10,HM016,S341,67.0,24.0,42.0,124.0,985.0,81,15,43,96,1085,Not Achieved (67.0g),Not Achieved (24.0g),Achieved (42.0g),Achieved (124.0g),Not Achieved (985.0 kcal),-100.0,-9.2,-14.0,-19.0,27.0,28.0,Within ±10%,False,False,True,True,False,Deficit > 100 kcal,40.0,Low (0-40%)
T0342,2026-08-11,HM016,S342,68.0,16.0,28.0,139.0,972.0,81,15,43,96,1085,Not Achieved (68.0g),Not Achieved (16.0g),Achieved (28.0g),Achieved (139.0g),Not Achieved (972.0 kcal),-113.0,-10.4,-13.0,-27.0,13.0,43.0,Below Target,False,False,True,True,False,Deficit > 100 kcal,40.0,Low (0-40%)
T0343,2026-08-12,HM016,S343,123.0,43.0,33.0,156.0,1502.0,81,15,43,96,1085,Achieved (123.0g),Achieved (43.0g),Achieved (33.0g),Achieved (156.0g),Achieved (1502.0 kcal),417.0,38.4,42.0,0.0,18.0,60.0,Above Target,True,True,True,True,True,Surplus > 100 kcal,100.0,Excellent (81-100%)
T0344,2026-08-13,HM016,S344,61.0,32.0,53.0,209.0,1366.0,81,15,43,96,1085,Not Achieved (61.0g),Not Achieved (32.0g),Achieved (53.0g),Achieved (209.0g),Achieved (1366.0 kcal),281.0,25.9,-20.0,-11.0,38.0,113.0,Above Target,False,False,True,True,True,Surplus > 100 kcal,60.0,Moderate (41-60%)
T0345,2026-08-14,HM016,S345,71.0,20.0,42.0,153.0,1078.0,81,15,43,96,1085,Not Achieved (71.0g),Not Achieved (20.0g),Achieved (42.0g),Achieved (153.0g),Not Achieved (1078.0 kcal),-7.0,-0.6,-10.0,-23.0,27.0,57.0,Within ±10%,False,False,True,True,False,Within ±100 kcal,40.0,Low (0-40%)
T0346,2026-08-15,HM016,S346,51.0,11.0,19.0,70.0,587.0,81,15,43,96,1085,Not Achieved (51.0g),Not Achieved (11.0g),Achieved (19.0g),Not Achieved (70.0g),Not Achieved (587.0 kcal),-498.0,-45.9,-30.0,-32.0,4.0,-26.0,Below Target,False,False,True,False,False,Deficit > 100 kcal,20.0,Low (0-40%)
T0347,2026-08-16,HM016,S347,71.0,23.0,52.0,219.0,1365.0,81,15,43,96,1085,Not Achieved (71.0g),Not Achieved (23.0g),Achieved (52.0g),Achieved (219.0g),Achieved (1365.0 kcal),280.0,25.8,-10.0,-20.0,37.0,123.0,Above Target,False,False,True,True,True,Surplus > 100 kcal,60.0,Moderate (41-60%)
T0348,2026-08-17,HM016,S348,49.0,8.0,49.0,193.0,1043.0,81,15,43,96,1085,Not Achieved (49.0g),Not Achieved (8.0g),Achieved (49.0g),Achieved (193.0g),Not Achieved (1043.0 kcal),-42.0,-3.9,-32.0,-35.0,34.0,97.0,Within ±10%,False,False,True,True,False,Within ±100 kcal,40.0,Low (0-40%)
T0349,2026-08-18,HM016,S349,29.0,6.0,27.0,96.0,560.0,81,15,43,96,1085,Not Achieved (29.0g),Not Achieved (6.0g),Achieved (27.0g),Achieved (96.0g),Not Achieved (560.0 kcal),-525.0,-48.4,-52.0,-37.0,12.0,0.0,Below Target,False,False,True,True,False,Deficit > 100 kcal,40.0,Low (0-40%)
T0350,2026-08-19,HM016,S350,16.0,20.0,17.0,103.0,653.0,81,15,43,96,1085,Not Achieved (16.0g),Not Achieved (20.0g),Achieved (17.0g),Achieved (103.0g),Not Achieved (653.0 kcal),-432.0,-39.8,-65.0,-23.0,2.0,7.0,Below Target,False,False,True,True,False,Deficit > 100 kcal,40.0,Low (0-40%)
T0351,2026-08-20,HM016,S351,71.0,28.0,31.0,121.0,1020.0,81,15,43,96,1085,Not Achieved (71.0g),Not Achieved (28.0g),Achieved (31.0g),Achieved (121.0g),Not Achieved (1020.0 kcal),-65.0,-6.0,-10.0,-15.0,16.0,25.0,Within ±10%,False,False,True,True,False,Within ±100 kcal,40.0,Low (0-40%)
T0352,2026-08-21,HM016,S352,24.0,11.0,25.0,135.0,735.0,81,15,43,96,1085,Not Achieved (24.0g),Not Achieved (11.0g),Achieved (25.0g),Achieved (135.0g),Not Achieved (735.0 kcal),-350.0,-32.3,-57.0,-32.0,10.0,39.0,Below Target,False,False,True,True,False,Deficit > 100 kcal,40.0,Low (0-40%)
T0353,2026-08-22,HM016,S353,34.0,14.0,19.0,111.0,705.0,81,15,43,96,1085,Not Achieved (34.0g),Not Achieved (14.0g),Achieved (19.0g),Achieved (111.0g),Not Achieved (705.0 kcal),-380.0,-35.0,-47.0,-29.0,4.0,15.0,Below Target,False,False,True,True,False,Deficit > 100 kcal,40.0,Low (0-40%)
T0354,2026-08-01,HM017,S354,49.0,21.0,9.0,74.0,675.0,96,18,0,0,1281,Not Achieved (49.0g),Achieved (21.0g),Not Achieved (9.0g),Achieved (74.0g),Not Achieved (675.0 kcal),-606.0,-47.3,-47.0,21.0,-9.0,74.0,Below Target,False,True,False,True,False,Deficit > 100 kcal,40.0,Low (0-40%)
T0355,2026-08-02,HM017,S355,79.0,20.0,85.0,296.0,1677.0,96,18,0,0,1281,Not Achieved (79.0g),Achieved (20.0g),Achieved (85.0g),Achieved (296.0g),Achieved (1677.0 kcal),396.0,30.9,-17.0,20.0,67.0,296.0,Above Target,False,True,True,True,True,Surplus > 100 kcal,80.0,Good (61-80%)
T0356,2026-08-03,HM017,S356,71.0,23.0,33.0,182.0,1224.0,96,18,0,0,1281,Not Achieved (71.0g),Achieved (23.0g),Achieved (33.0g),Achieved (182.0g),Not Achieved (1224.0 kcal),-57.0,-4.4,-25.0,23.0,15.0,182.0,Within ±10%,False,True,True,True,False,Within ±100 kcal,60.0,Moderate (41-60%)
T0357,2026-08-04,HM017,S357,63.0,25.0,44.0,170.0,1157.0,96,18,0,0,1281,Not Achieved (63.0g),Achieved (25.0g),Achieved (44.0g),Achieved (170.0g),Not Achieved (1157.0 kcal),-124.0,-9.7,-33.0,25.0,26.0,170.0,Within ±10%,False,True,True,True,False,Deficit > 100 kcal,60.0,Moderate (41-60%)
T0358,2026-08-05,HM017,S358,40.0,10.0,39.0,159.0,890.0,96,18,0,0,1281,Not Achieved (40.0g),Achieved (10.0g),Achieved (39.0g),Achieved (159.0g),Not Achieved (890.0 kcal),-391.0,-30.5,-56.0,10.0,21.0,159.0,Below Target,False,True,True,True,False,Deficit > 100 kcal,60.0,Moderate (41-60%)
T0359,2026-08-06,HM017,S359,114.0,96.0,44.0,149.0,1915.0,96,18,0,0,1281,Achieved (114.0g),Achieved (96.0g),Achieved (44.0g),Achieved (149.0g),Achieved (1915.0 kcal),634.0,49.5,18.0,96.0,26.0,149.0,Above Target,True,True,True,True,True,Surplus > 100 kcal,100.0,Excellent (81-100%)
T0360,2026-08-07,HM017,S360,91.0,24.0,34.0,141.0,1146.0,96,18,0,0,1281,Not Achieved (91.0g),Achieved (24.0g),Achieved (34.0g),Achieved (141.0g),Not Achieved (1146.0 kcal),-135.0,-10.5,-5.0,24.0,16.0,141.0,Below Target,False,True,True,True,False,Deficit > 100 kcal,60.0,Moderate (41-60%)
T0361,2026-08-08,HM017,S361,41.0,33.0,24.0,94.0,838.0,96,18,0,0,1281,Not Achieved (41.0g),Achieved (33.0g),Achieved (24.0g),Achieved (94.0g),Not Achieved (838.0 kcal),-443.0,-34.6,-55.0,33.0,6.0,94.0,Below Target,False,True,True,True,False,Deficit > 100 kcal,60.0,Moderate (41-60%)
T0362,2026-08-09,HM017,S362,60.0,15.0,62.0,307.0,1602.0,96,18,0,0,1281,Not Achieved (60.0g),Achieved (15.0g),Achieved (62.0g),Achieved (307.0g),Achieved (1602.0 kcal),321.0,25.1,-36.0,15.0,44.0,307.0,Above Target,False,True,True,True,True,Surplus > 100 kcal,80.0,Good (61-80%)
T0363,2026-08-10,HM017,S363,70.0,37.0,31.0,151.0,1217.0,96,18,0,0,1281,Not Achieved (70.0g),Achieved (37.0g),Achieved (31.0g),Achieved (151.0g),Not Achieved (1217.0 kcal),-64.0,-5.0,-26.0,37.0,13.0,151.0,Within ±10%,False,True,True,True,False,Within ±100 kcal,60.0,Moderate (41-60%)
T0364,2026-08-11,HM017,S364,49.0,12.0,28.0,101.0,711.0,96,18,0,0,1281,Not Achieved (49.0g),Achieved (12.0g),Achieved (28.0g),Achieved (101.0g),Not Achieved (711.0 kcal),-570.0,-44.5,-47.0,12.0,10.0,101.0,Below Target,False,True,True,True,False,Deficit > 100 kcal,60.0,Moderate (41-60%)
T0365,2026-08-12,HM017,S365,51.0,18.0,42.0,206.0,1192.0,96,18,0,0,1281,Not Achieved (51.0g),Achieved (18.0g),Achieved (42.0g),Achieved (206.0g),Not Achieved (1192.0 kcal),-89.0,-6.9,-45.0,18.0,24.0,206.0,Within ±10%,False,True,True,True,False,Within ±100 kcal,60.0,Moderate (41-60%)
T0366,2026-08-13,HM017,S366,71.0,31.0,32.0,168.0,1240.0,96,18,0,0,1281,Not Achieved (71.0g),Achieved (31.0g),Achieved (32.0g),Achieved (168.0g),Not Achieved (1240.0 kcal),-41.0,-3.2,-25.0,31.0,14.0,168.0,Within ±10%,False,True,True,True,False,Within ±100 kcal,60.0,Moderate (41-60%)
T0367,2026-08-14,HM017,S367,61.0,33.0,56.0,152.0,1150.0,96,18,0,0,1281,Not Achieved (61.0g),Achieved (33.0g),Achieved (56.0g),Achieved (152.0g),Not Achieved (1150.0 kcal),-131.0,-10.2,-35.0,33.0,38.0,152.0,Below Target,False,True,True,True,False,Deficit > 100 kcal,60.0,Moderate (41-60%)
T0368,2026-08-15,HM017,S368,90.0,75.0,55.0,229.0,1954.0,96,18,0,0,1281,Not Achieved (90.0g),Achieved (75.0g),Achieved (55.0g),Achieved (229.0g),Achieved (1954.0 kcal),673.0,52.5,-6.0,75.0,37.0,229.0,Above Target,False,True,True,True,True,Surplus > 100 kcal,80.0,Good (61-80%)
T0369,2026-08-16,HM017,S369,84.0,41.0,54.0,206.0,1531.0,96,18,0,0,1281,Not Achieved (84.0g),Achieved (41.0g),Achieved (54.0g),Achieved (206.0g),Achieved (1531.0 kcal),250.0,19.5,-12.0,41.0,36.0,206.0,Above Target,False,True,True,True,True,Surplus > 100 kcal,80.0,Good (61-80%)
T0370,2026-08-17,HM017,S370,119.0,20.0,13.0,153.0,1269.0,96,18,0,0,1281,Achieved (119.0g),Achieved (20.0g),Not Achieved (13.0g),Achieved (153.0g),Not Achieved (1269.0 kcal),-12.0,-0.9,23.0,20.0,-5.0,153.0,Within ±10%,True,True,False,True,False,Within ±100 kcal,60.0,Moderate (41-60%)
T0371,2026-08-18,HM017,S371,40.0,30.0,27.0,79.0,749.0,96,18,0,0,1281,Not Achieved (40.0g),Achieved (30.0g),Achieved (27.0g),Achieved (79.0g),Not Achieved (749.0 kcal),-532.0,-41.5,-56.0,30.0,9.0,79.0,Below Target,False,True,True,True,False,Deficit > 100 kcal,60.0,Moderate (41-60%)
T0372,2026-08-19,HM017,S372,63.0,39.0,45.0,126.0,1110.0,96,18,0,0,1281,Not Achieved (63.0g),Achieved (39.0g),Achieved (45.0g),Achieved (126.0g),Not Achieved (1110.0 kcal),-171.0,-13.3,-33.0,39.0,27.0,126.0,Below Target,False,True,True,True,False,Deficit > 100 kcal,60.0,Moderate (41-60%)
T0373,2026-08-20,HM017,S373,50.0,18.0,46.0,269.0,1441.0,96,18,0,0,1281,Not Achieved (50.0g),Achieved (18.0g),Achieved (46.0g),Achieved (269.0g),Achieved (1441.0 kcal),160.0,12.5,-46.0,18.0,28.0,269.0,Above Target,False,True,True,True,True,Surplus > 100 kcal,80.0,Good (61-80%)
T0374,2026-08-21,HM017,S374,30.0,10.0,21.0,115.0,664.0,96,18,0,0,1281,Not Achieved (30.0g),Achieved (10.0g),Achieved (21.0g),Achieved (115.0g),Not Achieved (664.0 kcal),-617.0,-48.2,-66.0,10.0,3.0,115.0,Below Target,False,True,True,True,False,Deficit > 100 kcal,60.0,Moderate (41-60%)
T0375,2026-08-22,HM017,S375,35.0,8.0,40.0,149.0,813.0,96,18,0,0,1281,Not Achieved (35.0g),Achieved (8.0g),Achieved (40.0g),Achieved (149.0g),Not Achieved (813.0 kcal),-468.0,-36.5,-61.0,8.0,22.0,149.0,Below Target,False,True,True,True,False,Deficit > 100 kcal,60.0,Moderate (41-60%)
